{"ts":"2026-09-26T02:49:18.614Z","operation":"track.transition","repository":"mongodb/mongo-java-driver","trackingVersion":"phase3-v1","from":"UNASSESSED","to":"WARM","reason":"first assessment: WARM because warm:pushedWithin30d&stars>=1000"}
{"ts":"2026-09-26T02:49:18.614Z","operation":"track.transition","repository":"chef/chef","trackingVersion":"phase3-v1","from":"UNASSESSED","to":"WARM","reason":"first assessment: WARM because warm:pushedWithin30d&stars>=1000"}
{"ts":"2026-09-26T02:49:18.614Z","operation":"track.transition","repository":"apache/zookeeper","trackingVersion":"phase3-v1","from":"UNASSESSED","to":"WARM","reason":"first assessment: WARM because warm:pushedWithin30d&stars>=1000"}
{"ts":"2026-09-26T02:49:18.614Z","operation":"track.transition","repository":"jruby/jruby","trackingVersion":"phase3-v1","from":"UNASSESSED","to":"WARM","reason":"first assessment: WARM because warm:pushedWithin30d&stars>=1000"}
{"ts":"2026-09-26T02:49:18.614Z","operation":"track.transition","repository":"apache/camel","trackingVersion":"phase3-v1","from":"UNASSESSED","to":"WARM","reason":"first assessment: WARM because warm:pushedWithin30d&stars>=1000"}
{"ts":"2026-09-26T02:49:18.614Z","operation":"track.transition","repository":"apache/cassandra","trackingVersion":"phase3-v1","from":"UNASSESSED","to":"WARM","reason":"first assessment: WARM because warm:pushedWithin30d&stars>=1000"}
{"ts":"2026-09-26T02:49:18.614Z","operation":"track.transition","repository":"apache/hive","trackingVersion":"phase3-v1","from":"UNASSESSED","to":"WARM","reason":"first assessment: WARM because warm:pushedWithin30d&stars>=1000"}
{"ts":"2026-09-26T02:49:18.614Z","operation":"track.transition","repository":"qunitjs/qunit","trackingVersion":"phase3-v1","from":"UNASSESSED","to":"WARM","reason":"first assessment: WARM because warm:pushedWithin30d&stars>=1000"}
{"ts":"2026-09-26T02:49:18.614Z","operation":"track.transition","repository":"thorsten/phpMyFAQ","trackingVersion":"phase3-v1","from":"UNASSESSED","to":"DORMANT","reason":"first assessment: DORMANT because dormant:no hot or warm rule passed"}
{"ts":"2026-09-26T02:49:18.614Z","operation":"track.transition","repository":"gradle/gradle","trackingVersion":"phase3-v1","from":"UNASSESSED","to":"WARM","reason":"first assessment: WARM because warm:pushedWithin30d&stars>=1000"}
{"ts":"2026-09-26T02:49:18.614Z","operation":"track.transition","repository":"nsubstitute/NSubstitute","trackingVersion":"phase3-v1","from":"UNASSESSED","to":"WARM","reason":"first assessment: WARM because warm:pushedWithin30d&stars>=1000"}
{"ts":"2026-09-26T02:49:18.614Z","operation":"track.transition","repository":"redis/redis-py","trackingVersion":"phase3-v1","from":"UNASSESSED","to":"WARM","reason":"first assessment: WARM because warm:pushedWithin30d&stars>=1000"}
{"ts":"2026-09-26T02:49:18.614Z","operation":"track.transition","repository":"predis/predis","trackingVersion":"phase3-v1","from":"UNASSESSED","to":"WARM","reason":"first assessment: WARM because warm:pushedWithin30d&stars>=1000"}
{"ts":"2026-09-26T02:49:18.614Z","operation":"track.transition","repository":"jhy/jsoup","trackingVersion":"phase3-v1","from":"UNASSESSED","to":"WARM","reason":"first assessment: WARM because warm:pushedWithin30d&stars>=1000"}
{"ts":"2026-09-26T02:49:18.614Z","operation":"track.transition","repository":"mongodb/node-mongodb-native","trackingVersion":"phase3-v1","from":"UNASSESSED","to":"WARM","reason":"first assessment: WARM because warm:pushedWithin30d&stars>=1000"}
{"ts":"2026-09-26T02:49:18.614Z","operation":"track.transition","repository":"omega8cc/boa","trackingVersion":"phase3-v1","from":"UNASSESSED","to":"DORMANT","reason":"first assessment: DORMANT because dormant:no hot or warm rule passed"}
{"ts":"2026-09-26T02:49:18.614Z","operation":"track.transition","repository":"citrusframework/citrus","trackingVersion":"phase3-v1","from":"UNASSESSED","to":"DORMANT","reason":"first assessment: DORMANT because dormant:no hot or warm rule passed"}
{"ts":"2026-09-26T02:49:18.614Z","operation":"track.transition","repository":"fluentmigrator/fluentmigrator","trackingVersion":"phase3-v1","from":"UNASSESSED","to":"WARM","reason":"first assessment: WARM because warm:pushedWithin30d&stars>=1000"}
{"ts":"2026-09-26T02:49:18.614Z","operation":"track.transition","repository":"dimitri/pgloader","trackingVersion":"phase3-v1","from":"UNASSESSED","to":"WARM","reason":"first assessment: WARM because warm:pushedWithin30d&stars>=1000"}
{"ts":"2026-09-26T02:49:18.614Z","operation":"track.transition","repository":"vrana/adminer","trackingVersion":"phase3-v1","from":"UNASSESSED","to":"WARM","reason":"first assessment: WARM because warm:pushedWithin30d&stars>=1000"}
{"ts":"2026-09-26T02:49:18.614Z","operation":"track.transition","repository":"Graylog2/graylog2-server","trackingVersion":"phase3-v1","from":"UNASSESSED","to":"WARM","reason":"first assessment: WARM because warm:pushedWithin30d&stars>=1000"}
{"ts":"2026-09-26T02:49:18.614Z","operation":"track.transition","repository":"doctrine/dbal","trackingVersion":"phase3-v1","from":"UNASSESSED","to":"WARM","reason":"first assessment: WARM because warm:pushedWithin30d&stars>=1000"}
{"ts":"2026-09-26T02:49:18.614Z","operation":"track.transition","repository":"apache/jmeter","trackingVersion":"phase3-v1","from":"UNASSESSED","to":"WARM","reason":"first assessment: WARM because warm:pushedWithin30d&stars>=1000"}
{"ts":"2026-09-26T02:49:18.614Z","operation":"track.transition","repository":"redis/jedis","trackingVersion":"phase3-v1","from":"UNASSESSED","to":"WARM","reason":"first assessment: WARM because warm:pushedWithin30d&stars>=1000"}
{"ts":"2026-09-26T02:49:18.614Z","operation":"track.transition","repository":"testng-team/testng","trackingVersion":"phase3-v1","from":"UNASSESSED","to":"WARM","reason":"first assessment: WARM because warm:pushedWithin30d&stars>=1000"}
{"ts":"2026-09-26T02:49:18.614Z","operation":"track.transition","repository":"Atmosphere/atmosphere","trackingVersion":"phase3-v1","from":"UNASSESSED","to":"WARM","reason":"first assessment: WARM because warm:pushedWithin30d&stars>=1000"}
{"ts":"2026-09-26T02:49:18.614Z","operation":"track.transition","repository":"apache/groovy-geb","trackingVersion":"phase3-v1","from":"UNASSESSED","to":"WARM","reason":"first assessment: WARM because warm:pushedWithin30d&stars>=1000"}
{"ts":"2026-09-26T02:49:18.614Z","operation":"track.transition","repository":"rundeck/rundeck","trackingVersion":"phase3-v1","from":"UNASSESSED","to":"WARM","reason":"first assessment: WARM because warm:pushedWithin30d&stars>=1000"}
{"ts":"2026-09-26T02:49:18.614Z","operation":"track.transition","repository":"redis/node-redis","trackingVersion":"phase3-v1","from":"UNASSESSED","to":"WARM","reason":"first assessment: WARM because warm:pushedWithin30d&stars>=1000"}
{"ts":"2026-09-26T02:49:18.614Z","operation":"track.transition","repository":"hibernate/hibernate-orm","trackingVersion":"phase3-v1","from":"UNASSESSED","to":"WARM","reason":"first assessment: WARM because warm:pushedWithin30d&stars>=1000"}
{"ts":"2026-09-26T02:49:18.614Z","operation":"track.transition","repository":"brianc/node-postgres","trackingVersion":"phase3-v1","from":"UNASSESSED","to":"WARM","reason":"first assessment: WARM because warm:pushedWithin30d&stars>=1000"}
{"ts":"2026-09-26T02:49:18.614Z","operation":"track.transition","repository":"plantuml/plantuml","trackingVersion":"phase3-v1","from":"UNASSESSED","to":"WARM","reason":"first assessment: WARM because warm:pushedWithin30d&stars>=1000"}
{"ts":"2026-09-26T02:49:18.614Z","operation":"track.transition","repository":"catchorg/Catch2","trackingVersion":"phase3-v1","from":"UNASSESSED","to":"WARM","reason":"first assessment: WARM because warm:pushedWithin30d&stars>=1000"}
{"ts":"2026-09-26T02:49:18.614Z","operation":"track.transition","repository":"spring-projects/spring-data-commons","trackingVersion":"phase3-v1","from":"UNASSESSED","to":"DORMANT","reason":"first assessment: DORMANT because dormant:no hot or warm rule passed"}
{"ts":"2026-09-26T02:49:18.614Z","operation":"track.transition","repository":"spring-projects/spring-data-jpa","trackingVersion":"phase3-v1","from":"UNASSESSED","to":"WARM","reason":"first assessment: WARM because warm:pushedWithin30d&stars>=1000"}
{"ts":"2026-09-26T02:49:18.614Z","operation":"track.transition","repository":"spring-projects/spring-batch","trackingVersion":"phase3-v1","from":"UNASSESSED","to":"WARM","reason":"first assessment: WARM because warm:pushedWithin30d&stars>=1000"}
{"ts":"2026-09-26T02:49:18.614Z","operation":"track.transition","repository":"elastic/logstash","trackingVersion":"phase3-v1","from":"UNASSESSED","to":"WARM","reason":"first assessment: WARM because warm:pushedWithin30d&stars>=1000"}
{"ts":"2026-09-26T02:49:18.614Z","operation":"track.transition","repository":"validator/validator","trackingVersion":"phase3-v1","from":"UNASSESSED","to":"WARM","reason":"first assessment: WARM because warm:pushedWithin30d&stars>=1000"}
{"ts":"2026-09-26T02:49:18.614Z","operation":"track.transition","repository":"spockframework/spock","trackingVersion":"phase3-v1","from":"UNASSESSED","to":"WARM","reason":"first assessment: WARM because warm:pushedWithin30d&stars>=1000"}
{"ts":"2026-09-26T02:49:18.614Z","operation":"track.transition","repository":"pester/Pester","trackingVersion":"phase3-v1","from":"UNASSESSED","to":"WARM","reason":"first assessment: WARM because warm:pushedWithin30d&stars>=1000"}
{"ts":"2026-09-26T02:49:18.614Z","operation":"track.transition","repository":"gluster/glusterfs","trackingVersion":"phase3-v1","from":"UNASSESSED","to":"WARM","reason":"first assessment: WARM because warm:pushedWithin30d&stars>=1000"}
{"ts":"2026-09-26T02:49:18.614Z","operation":"track.transition","repository":"saltstack/salt","trackingVersion":"phase3-v1","from":"UNASSESSED","to":"WARM","reason":"first assessment: WARM because warm:pushedWithin30d&stars>=1000"}
{"ts":"2026-09-26T02:49:18.614Z","operation":"track.transition","repository":"phpredis/phpredis","trackingVersion":"phase3-v1","from":"UNASSESSED","to":"WARM","reason":"first assessment: WARM because warm:pushedWithin30d&stars>=1000"}
{"ts":"2026-09-26T02:49:18.614Z","operation":"track.transition","repository":"tapjs/tapjs","trackingVersion":"phase3-v1","from":"UNASSESSED","to":"WARM","reason":"first assessment: WARM because warm:pushedWithin30d&stars>=1000"}
{"ts":"2026-09-26T02:49:18.614Z","operation":"track.transition","repository":"arquillian/arquillian-core","trackingVersion":"phase3-v1","from":"UNASSESSED","to":"DORMANT","reason":"first assessment: DORMANT because dormant:no hot or warm rule passed"}
{"ts":"2026-09-26T02:49:18.614Z","operation":"track.transition","repository":"jOOQ/jOOQ","trackingVersion":"phase3-v1","from":"UNASSESSED","to":"WARM","reason":"first assessment: WARM because warm:pushedWithin30d&stars>=1000"}
{"ts":"2026-09-26T02:49:18.614Z","operation":"track.transition","repository":"eclipse-vertx/vert.x","trackingVersion":"phase3-v1","from":"UNASSESSED","to":"WARM","reason":"first assessment: WARM because warm:pushedWithin30d&stars>=1000"}
{"ts":"2026-09-26T02:49:18.614Z","operation":"track.transition","repository":"Wisser/Jailer","trackingVersion":"phase3-v1","from":"UNASSESSED","to":"WARM","reason":"first assessment: WARM because warm:pushedWithin30d&stars>=1000"}
{"ts":"2026-09-26T02:49:18.614Z","operation":"track.transition","repository":"JSQLParser/JSqlParser","trackingVersion":"phase3-v1","from":"UNASSESSED","to":"WARM","reason":"first assessment: WARM because warm:pushedWithin30d&stars>=1000"}
{"ts":"2026-09-26T02:49:18.614Z","operation":"track.transition","repository":"spring-projects/spring-data-redis","trackingVersion":"phase3-v1","from":"UNASSESSED","to":"WARM","reason":"first assessment: WARM because warm:pushedWithin30d&stars>=1000"}
{"ts":"2026-09-26T02:49:18.614Z","operation":"track.transition","repository":"liquibase/liquibase","trackingVersion":"phase3-v1","from":"UNASSESSED","to":"WARM","reason":"first assessment: WARM because warm:pushedWithin30d&stars>=1000"}
{"ts":"2026-09-26T02:49:18.614Z","operation":"track.transition","repository":"aws/aws-sdk-ruby","trackingVersion":"phase3-v1","from":"UNASSESSED","to":"WARM","reason":"first assessment: WARM because warm:pushedWithin30d&stars>=1000"}
{"ts":"2026-09-26T02:49:18.614Z","operation":"track.transition","repository":"spring-projects/spring-integration","trackingVersion":"phase3-v1","from":"UNASSESSED","to":"WARM","reason":"first assessment: WARM because warm:pushedWithin30d&stars>=1000"}
{"ts":"2026-09-26T02:49:18.614Z","operation":"track.transition","repository":"spring-projects/spring-data-cassandra","trackingVersion":"phase3-v1","from":"UNASSESSED","to":"DORMANT","reason":"first assessment: DORMANT because dormant:no hot or warm rule passed"}
{"ts":"2026-09-26T02:49:18.614Z","operation":"track.transition","repository":"apache/logging-flume","trackingVersion":"phase3-v1","from":"UNASSESSED","to":"WARM","reason":"first assessment: WARM because warm:pushedWithin30d&stars>=1000"}
{"ts":"2026-09-26T02:49:18.614Z","operation":"track.transition","repository":"rmax/scrapy-redis","trackingVersion":"phase3-v1","from":"UNASSESSED","to":"WARM","reason":"first assessment: WARM because warm:pushedWithin30d&stars>=1000"}
{"ts":"2026-09-26T02:49:18.614Z","operation":"track.transition","repository":"playframework/playframework","trackingVersion":"phase3-v1","from":"UNASSESSED","to":"WARM","reason":"first assessment: WARM because warm:pushedWithin30d&stars>=1000"}
{"ts":"2026-09-26T02:49:18.614Z","operation":"track.transition","repository":"apereo/cas","trackingVersion":"phase3-v1","from":"UNASSESSED","to":"WARM","reason":"first assessment: WARM because warm:pushedWithin30d&stars>=1000"}
{"ts":"2026-09-26T02:49:18.614Z","operation":"track.transition","repository":"spring-projects/spring-data-neo4j","trackingVersion":"phase3-v1","from":"UNASSESSED","to":"DORMANT","reason":"first assessment: DORMANT because dormant:no hot or warm rule passed"}
{"ts":"2026-09-26T02:49:18.614Z","operation":"track.transition","repository":"fail2ban/fail2ban","trackingVersion":"phase3-v1","from":"UNASSESSED","to":"WARM","reason":"first assessment: WARM because warm:pushedWithin30d&stars>=1000"}
{"ts":"2026-09-26T02:49:18.614Z","operation":"track.transition","repository":"spring-projects/spring-data-mongodb","trackingVersion":"phase3-v1","from":"UNASSESSED","to":"WARM","reason":"first assessment: WARM because warm:pushedWithin30d&stars>=1000"}
{"ts":"2026-09-26T02:49:18.614Z","operation":"track.transition","repository":"uPortal-Project/uPortal","trackingVersion":"phase3-v1","from":"UNASSESSED","to":"DORMANT","reason":"first assessment: DORMANT because dormant:no hot or warm rule passed"}
{"ts":"2026-09-26T02:49:18.614Z","operation":"track.transition","repository":"arangodb/arangodb","trackingVersion":"phase3-v1","from":"UNASSESSED","to":"WARM","reason":"first assessment: WARM because warm:pushedWithin30d&stars>=1000"}
{"ts":"2026-09-26T02:49:18.614Z","operation":"track.transition","repository":"javaparser/javaparser","trackingVersion":"phase3-v1","from":"UNASSESSED","to":"WARM","reason":"first assessment: WARM because warm:pushedWithin30d&stars>=1000"}
{"ts":"2026-09-26T02:49:18.614Z","operation":"track.transition","repository":"vantage-sh/ec2instances.info","trackingVersion":"phase3-v1","from":"UNASSESSED","to":"WARM","reason":"first assessment: WARM because warm:pushedWithin30d&stars>=1000"}
{"ts":"2026-09-26T02:49:18.614Z","operation":"track.transition","repository":"Codeception/Codeception","trackingVersion":"phase3-v1","from":"UNASSESSED","to":"WARM","reason":"first assessment: WARM because warm:pushedWithin30d&stars>=1000"}
{"ts":"2026-09-26T02:49:18.614Z","operation":"track.transition","repository":"npgsql/npgsql","trackingVersion":"phase3-v1","from":"UNASSESSED","to":"WARM","reason":"first assessment: WARM because warm:pushedWithin30d&stars>=1000"}
{"ts":"2026-09-26T02:49:18.614Z","operation":"track.transition","repository":"BroadleafCommerce/BroadleafCommerce","trackingVersion":"phase3-v1","from":"UNASSESSED","to":"WARM","reason":"first assessment: WARM because warm:pushedWithin30d&stars>=1000"}
{"ts":"2026-09-26T02:49:18.615Z","operation":"track.transition","repository":"os-autoinst/os-autoinst","trackingVersion":"phase3-v1","from":"UNASSESSED","to":"DORMANT","reason":"first assessment: DORMANT because dormant:no hot or warm rule passed"}
{"ts":"2026-09-26T02:49:18.615Z","operation":"track.transition","repository":"spring-projects/spring-security","trackingVersion":"phase3-v1","from":"UNASSESSED","to":"WARM","reason":"first assessment: WARM because warm:pushedWithin30d&stars>=1000"}
{"ts":"2026-09-26T02:49:18.615Z","operation":"track.transition","repository":"getsentry/sentry-java","trackingVersion":"phase3-v1","from":"UNASSESSED","to":"WARM","reason":"first assessment: WARM because warm:pushedWithin30d&stars>=1000"}
{"ts":"2026-09-26T02:49:18.615Z","operation":"track.transition","repository":"vinta/pangu.js","trackingVersion":"phase3-v1","from":"UNASSESSED","to":"WARM","reason":"first assessment: WARM because warm:pushedWithin30d&stars>=1000"}
{"ts":"2026-09-26T02:49:18.615Z","operation":"track.transition","repository":"CppMicroServices/CppMicroServices","trackingVersion":"phase3-v1","from":"UNASSESSED","to":"DORMANT","reason":"first assessment: DORMANT because dormant:no hot or warm rule passed"}
{"ts":"2026-09-26T02:49:18.615Z","operation":"track.transition","repository":"web-platform-tests/wpt","trackingVersion":"phase3-v1","from":"UNASSESSED","to":"WARM","reason":"first assessment: WARM because warm:pushedWithin30d&stars>=1000"}
{"ts":"2026-09-26T02:49:18.615Z","operation":"track.transition","repository":"spring-projects/spring-data-rest","trackingVersion":"phase3-v1","from":"UNASSESSED","to":"DORMANT","reason":"first assessment: DORMANT because dormant:no hot or warm rule passed"}
{"ts":"2026-09-26T02:49:18.615Z","operation":"track.transition","repository":"hazelcast/hazelcast","trackingVersion":"phase3-v1","from":"UNASSESSED","to":"WARM","reason":"first assessment: WARM because warm:pushedWithin30d&stars>=1000"}
{"ts":"2026-09-26T02:49:18.615Z","operation":"track.transition","repository":"PostgresApp/PostgresApp","trackingVersion":"phase3-v1","from":"UNASSESSED","to":"WARM","reason":"first assessment: WARM because warm:pushedWithin30d&stars>=1000"}
{"ts":"2026-09-26T02:49:18.615Z","operation":"track.transition","repository":"realm/realm-swift","trackingVersion":"phase3-v1","from":"UNASSESSED","to":"WARM","reason":"first assessment: WARM because warm:pushedWithin30d&stars>=1000"}
{"ts":"2026-09-26T02:49:18.615Z","operation":"track.transition","repository":"AutoFixture/AutoFixture","trackingVersion":"phase3-v1","from":"UNASSESSED","to":"WARM","reason":"first assessment: WARM because warm:pushedWithin30d&stars>=1000"}
{"ts":"2026-09-26T02:49:18.615Z","operation":"track.transition","repository":"kevin1024/vcrpy","trackingVersion":"phase3-v1","from":"UNASSESSED","to":"WARM","reason":"first assessment: WARM because warm:pushedWithin30d&stars>=1000"}
{"ts":"2026-09-26T02:49:18.615Z","operation":"track.transition","repository":"wpscanteam/wpscan","trackingVersion":"phase3-v1","from":"UNASSESSED","to":"WARM","reason":"first assessment: WARM because warm:pushedWithin30d&stars>=1000"}
{"ts":"2026-09-26T02:49:18.615Z","operation":"track.transition","repository":"prestodb/presto","trackingVersion":"phase3-v1","from":"UNASSESSED","to":"WARM","reason":"first assessment: WARM because warm:pushedWithin30d&stars>=1000"}
{"ts":"2026-09-26T02:49:18.615Z","operation":"track.transition","repository":"OISF/suricata","trackingVersion":"phase3-v1","from":"UNASSESSED","to":"WARM","reason":"first assessment: WARM because warm:pushedWithin30d&stars>=1000"}
{"ts":"2026-09-26T02:49:18.615Z","operation":"track.transition","repository":"nats-io/nats.go","trackingVersion":"phase3-v1","from":"UNASSESSED","to":"WARM","reason":"first assessment: WARM because warm:pushedWithin30d&stars>=1000"}
{"ts":"2026-09-26T02:49:18.615Z","operation":"track.transition","repository":"BlackArch/blackarch","trackingVersion":"phase3-v1","from":"UNASSESSED","to":"WARM","reason":"first assessment: WARM because warm:pushedWithin30d&stars>=1000"}
{"ts":"2026-09-26T02:49:18.615Z","operation":"track.transition","repository":"yegor256/s3auth","trackingVersion":"phase3-v1","from":"UNASSESSED","to":"DORMANT","reason":"first assessment: DORMANT because dormant:no hot or warm rule passed"}
{"ts":"2026-09-26T02:49:18.615Z","operation":"track.transition","repository":"Activiti/Activiti","trackingVersion":"phase3-v1","from":"UNASSESSED","to":"WARM","reason":"first assessment: WARM because warm:pushedWithin30d&stars>=1000"}
{"ts":"2026-09-26T02:49:18.615Z","operation":"track.transition","repository":"confluentinc/librdkafka","trackingVersion":"phase3-v1","from":"UNASSESSED","to":"WARM","reason":"first assessment: WARM because warm:pushedWithin30d&stars>=1000"}
{"ts":"2026-09-26T02:49:18.615Z","operation":"track.transition","repository":"dpkp/kafka-python","trackingVersion":"phase3-v1","from":"UNASSESSED","to":"WARM","reason":"first assessment: WARM because warm:pushedWithin30d&stars>=1000"}
{"ts":"2026-09-26T02:49:18.615Z","operation":"track.transition","repository":"acl-dev/acl","trackingVersion":"phase3-v1","from":"UNASSESSED","to":"WARM","reason":"first assessment: WARM because warm:pushedWithin30d&stars>=1000"}
{"ts":"2026-09-26T02:49:18.615Z","operation":"track.transition","repository":"mockito/mockito","trackingVersion":"phase3-v1","from":"UNASSESSED","to":"WARM","reason":"first assessment: WARM because warm:pushedWithin30d&stars>=1000"}
{"ts":"2026-09-26T02:49:18.615Z","operation":"track.transition","repository":"OpenRefine/OpenRefine","trackingVersion":"phase3-v1","from":"UNASSESSED","to":"WARM","reason":"first assessment: WARM because warm:pushedWithin30d&stars>=1000"}
{"ts":"2026-09-26T02:49:18.615Z","operation":"track.transition","repository":"nats-io/nats-server","trackingVersion":"phase3-v1","from":"UNASSESSED","to":"WARM","reason":"first assessment: WARM because warm:pushedWithin30d&stars>=1000"}
{"ts":"2026-09-26T02:49:18.615Z","operation":"track.transition","repository":"casadi/casadi","trackingVersion":"phase3-v1","from":"UNASSESSED","to":"WARM","reason":"first assessment: WARM because warm:pushedWithin30d&stars>=1000"}
{"ts":"2026-09-26T02:49:18.615Z","operation":"track.transition","repository":"neo4j/neo4j","trackingVersion":"phase3-v1","from":"UNASSESSED","to":"WARM","reason":"first assessment: WARM because warm:pushedWithin30d&stars>=1000"}
{"ts":"2026-09-26T02:49:18.615Z","operation":"track.transition","repository":"aws/aws-cli","trackingVersion":"phase3-v1","from":"UNASSESSED","to":"WARM","reason":"first assessment: WARM because warm:pushedWithin30d&stars>=1000"}
{"ts":"2026-09-26T02:49:18.615Z","operation":"track.transition","repository":"apache/causeway","trackingVersion":"phase3-v1","from":"UNASSESSED","to":"DORMANT","reason":"first assessment: DORMANT because dormant:no hot or warm rule passed"}
{"ts":"2026-09-26T02:49:18.615Z","operation":"track.transition","repository":"hawtio/hawtio","trackingVersion":"phase3-v1","from":"UNASSESSED","to":"WARM","reason":"first assessment: WARM because warm:pushedWithin30d&stars>=1000"}
{"ts":"2026-09-26T02:49:18.615Z","operation":"track.transition","repository":"falconry/falcon","trackingVersion":"phase3-v1","from":"UNASSESSED","to":"WARM","reason":"first assessment: WARM because warm:pushedWithin30d&stars>=1000"}
{"ts":"2026-09-26T02:49:18.615Z","operation":"track.transition","repository":"cojen/TuplDB","trackingVersion":"phase3-v1","from":"UNASSESSED","to":"DORMANT","reason":"first assessment: DORMANT because dormant:no hot or warm rule passed"}
{"ts":"2026-09-26T02:49:18.615Z","operation":"track.transition","repository":"orientechnologies/orientdb","trackingVersion":"phase3-v1","from":"UNASSESSED","to":"WARM","reason":"first assessment: WARM because warm:pushedWithin30d&stars>=1000"}
{"ts":"2026-09-26T02:49:18.615Z","operation":"track.transition","repository":"go-sql-driver/mysql","trackingVersion":"phase3-v1","from":"UNASSESSED","to":"WARM","reason":"first assessment: WARM because warm:pushedWithin30d&stars>=1000"}
{"ts":"2026-09-26T02:49:18.615Z","operation":"track.transition","repository":"flyway/flyway","trackingVersion":"phase3-v1","from":"UNASSESSED","to":"WARM","reason":"first assessment: WARM because warm:pushedWithin30d&stars>=1000"}
{"ts":"2026-09-26T02:49:18.615Z","operation":"track.transition","repository":"GradleUp/shadow","trackingVersion":"phase3-v1","from":"UNASSESSED","to":"WARM","reason":"first assessment: WARM because warm:pushedWithin30d&stars>=1000"}
{"ts":"2026-09-26T02:49:18.615Z","operation":"track.transition","repository":"lealone/Lealone","trackingVersion":"phase3-v1","from":"UNASSESSED","to":"WARM","reason":"first assessment: WARM because warm:pushedWithin30d&stars>=1000"}
{"ts":"2026-09-26T02:49:18.615Z","operation":"track.transition","repository":"JeffreySu/WeiXinMPSDK","trackingVersion":"phase3-v1","from":"UNASSESSED","to":"WARM","reason":"first assessment: WARM because warm:pushedWithin30d&stars>=1000"}
{"ts":"2026-09-26T02:49:18.615Z","operation":"track.transition","repository":"elastic/kibana","trackingVersion":"phase3-v1","from":"UNASSESSED","to":"WARM","reason":"first assessment: WARM because warm:pushedWithin30d&stars>=1000"}
{"ts":"2026-09-26T02:49:18.615Z","operation":"track.transition","repository":"MISP/MISP","trackingVersion":"phase3-v1","from":"UNASSESSED","to":"WARM","reason":"first assessment: WARM because warm:pushedWithin30d&stars>=1000"}
{"ts":"2026-09-26T02:49:18.615Z","operation":"track.transition","repository":"Loophole-LLC/Bastillion","trackingVersion":"phase3-v1","from":"UNASSESSED","to":"WARM","reason":"first assessment: WARM because warm:pushedWithin30d&stars>=1000"}
{"ts":"2026-09-26T02:49:18.615Z","operation":"track.transition","repository":"mybatis/mybatis-3","trackingVersion":"phase3-v1","from":"UNASSESSED","to":"WARM","reason":"first assessment: WARM because warm:pushedWithin30d&stars>=1000"}
{"ts":"2026-09-26T02:49:18.615Z","operation":"track.transition","repository":"php-vcr/php-vcr","trackingVersion":"phase3-v1","from":"UNASSESSED","to":"WARM","reason":"first assessment: WARM because warm:pushedWithin30d&stars>=1000"}
{"ts":"2026-09-26T02:49:18.615Z","operation":"track.transition","repository":"mybatis/spring","trackingVersion":"phase3-v1","from":"UNASSESSED","to":"WARM","reason":"first assessment: WARM because warm:pushedWithin30d&stars>=1000"}
{"ts":"2026-09-26T02:49:18.615Z","operation":"track.transition","repository":"getmoto/moto","trackingVersion":"phase3-v1","from":"UNASSESSED","to":"WARM","reason":"first assessment: WARM because warm:pushedWithin30d&stars>=1000"}
{"ts":"2026-09-26T02:49:18.615Z","operation":"track.transition","repository":"mock-server/mockserver-monorepo","trackingVersion":"phase3-v1","from":"UNASSESSED","to":"WARM","reason":"first assessment: WARM because warm:pushedWithin30d&stars>=1000"}
{"ts":"2026-09-26T02:49:18.615Z","operation":"track.transition","repository":"HypothesisWorks/hypothesis","trackingVersion":"phase3-v1","from":"UNASSESSED","to":"WARM","reason":"first assessment: WARM because warm:pushedWithin30d&stars>=1000"}
{"ts":"2026-09-26T02:49:18.615Z","operation":"track.transition","repository":"assertj/assertj","trackingVersion":"phase3-v1","from":"UNASSESSED","to":"WARM","reason":"first assessment: WARM because warm:pushedWithin30d&stars>=1000"}
{"ts":"2026-09-26T02:49:18.615Z","operation":"track.transition","repository":"jaredwray/cacheable","trackingVersion":"phase3-v1","from":"UNASSESSED","to":"WARM","reason":"first assessment: WARM because warm:pushedWithin30d&stars>=1000"}
{"ts":"2026-09-26T02:49:18.615Z","operation":"track.transition","repository":"spring-guides/gs-rest-service","trackingVersion":"phase3-v1","from":"UNASSESSED","to":"WARM","reason":"first assessment: WARM because warm:pushedWithin30d&stars>=1000"}
{"ts":"2026-09-26T02:49:18.615Z","operation":"track.transition","repository":"apache/cloudstack","trackingVersion":"phase3-v1","from":"UNASSESSED","to":"WARM","reason":"first assessment: WARM because warm:pushedWithin30d&stars>=1000"}
{"ts":"2026-09-26T02:49:18.615Z","operation":"track.transition","repository":"maurosoria/dirsearch","trackingVersion":"phase3-v1","from":"UNASSESSED","to":"WARM","reason":"first assessment: WARM because warm:pushedWithin30d&stars>=1000"}
{"ts":"2026-09-26T02:49:18.615Z","operation":"track.transition","repository":"digininja/DVWA","trackingVersion":"phase3-v1","from":"UNASSESSED","to":"WARM","reason":"first assessment: WARM because warm:pushedWithin30d&stars>=1000"}
{"ts":"2026-09-26T02:49:18.615Z","operation":"track.transition","repository":"kucherenko/jscpd","trackingVersion":"phase3-v1","from":"UNASSESSED","to":"WARM","reason":"first assessment: WARM because warm:pushedWithin30d&stars>=1000"}
{"ts":"2026-09-26T02:49:18.615Z","operation":"track.transition","repository":"spring-projects/spring-data-couchbase","trackingVersion":"phase3-v1","from":"UNASSESSED","to":"DORMANT","reason":"first assessment: DORMANT because dormant:no hot or warm rule passed"}
{"ts":"2026-09-26T02:49:18.615Z","operation":"track.transition","repository":"apache/logging-log4j2","trackingVersion":"phase3-v1","from":"UNASSESSED","to":"WARM","reason":"first assessment: WARM because warm:pushedWithin30d&stars>=1000"}
{"ts":"2026-09-26T02:49:18.615Z","operation":"track.transition","repository":"OpenFeign/feign","trackingVersion":"phase3-v1","from":"UNASSESSED","to":"WARM","reason":"first assessment: WARM because warm:pushedWithin30d&stars>=1000"}
{"ts":"2026-09-26T02:49:18.615Z","operation":"track.transition","repository":"vitessio/vitess","trackingVersion":"phase3-v1","from":"UNASSESSED","to":"WARM","reason":"first assessment: WARM because warm:pushedWithin30d&stars>=1000"}
{"ts":"2026-09-26T02:49:18.615Z","operation":"track.transition","repository":"IBM/sarama","trackingVersion":"phase3-v1","from":"UNASSESSED","to":"WARM","reason":"first assessment: WARM because warm:pushedWithin30d&stars>=1000"}
{"ts":"2026-09-26T02:49:18.615Z","operation":"track.transition","repository":"JetBrains/Exposed","trackingVersion":"phase3-v1","from":"UNASSESSED","to":"WARM","reason":"first assessment: WARM because warm:pushedWithin30d&stars>=1000"}
{"ts":"2026-09-26T02:49:18.615Z","operation":"track.transition","repository":"onsi/ginkgo","trackingVersion":"phase3-v1","from":"UNASSESSED","to":"WARM","reason":"first assessment: WARM because warm:pushedWithin30d&stars>=1000"}
{"ts":"2026-09-26T02:49:18.615Z","operation":"track.transition","repository":"cerberustesting/cerberus-core","trackingVersion":"phase3-v1","from":"UNASSESSED","to":"DORMANT","reason":"first assessment: DORMANT because dormant:no hot or warm rule passed"}
{"ts":"2026-09-26T02:49:18.615Z","operation":"track.transition","repository":"checkstyle/checkstyle","trackingVersion":"phase3-v1","from":"UNASSESSED","to":"WARM","reason":"first assessment: WARM because warm:starsPerDay30d>=8, warm:pushedWithin30d&stars>=1000"}
{"ts":"2026-09-26T02:49:18.615Z","operation":"track.transition","repository":"CorfuDB/CorfuDB","trackingVersion":"phase3-v1","from":"UNASSESSED","to":"DORMANT","reason":"first assessment: DORMANT because dormant:no hot or warm rule passed"}
{"ts":"2026-09-26T02:49:18.615Z","operation":"track.transition","repository":"konsoletyper/teavm","trackingVersion":"phase3-v1","from":"UNASSESSED","to":"WARM","reason":"first assessment: WARM because warm:pushedWithin30d&stars>=1000"}
{"ts":"2026-09-26T02:49:18.615Z","operation":"track.transition","repository":"nunit/nunit","trackingVersion":"phase3-v1","from":"UNASSESSED","to":"WARM","reason":"first assessment: WARM because warm:pushedWithin30d&stars>=1000"}
{"ts":"2026-09-26T02:49:18.615Z","operation":"track.transition","repository":"mountebank-testing/mountebank","trackingVersion":"phase3-v1","from":"UNASSESSED","to":"WARM","reason":"first assessment: WARM because warm:pushedWithin30d&stars>=1000"}
{"ts":"2026-09-26T02:49:18.615Z","operation":"track.transition","repository":"infobyte/faraday","trackingVersion":"phase3-v1","from":"UNASSESSED","to":"WARM","reason":"first assessment: WARM because warm:pushedWithin30d&stars>=1000"}
{"ts":"2026-09-26T02:49:18.615Z","operation":"track.transition","repository":"INRIA/spoon","trackingVersion":"phase3-v1","from":"UNASSESSED","to":"WARM","reason":"first assessment: WARM because warm:pushedWithin30d&stars>=1000"}
{"ts":"2026-09-26T02:49:18.615Z","operation":"track.transition","repository":"pgbackrest/pgbackrest","trackingVersion":"phase3-v1","from":"UNASSESSED","to":"WARM","reason":"first assessment: WARM because warm:pushedWithin30d&stars>=1000"}
{"ts":"2026-09-26T02:49:18.615Z","operation":"track.transition","repository":"deeplearning4j/deeplearning4j","trackingVersion":"phase3-v1","from":"UNASSESSED","to":"WARM","reason":"first assessment: WARM because warm:pushedWithin30d&stars>=1000"}
{"ts":"2026-09-26T02:49:18.615Z","operation":"track.transition","repository":"CISOfy/lynis","trackingVersion":"phase3-v1","from":"UNASSESSED","to":"WARM","reason":"first assessment: WARM because warm:pushedWithin30d&stars>=1000"}
{"ts":"2026-09-26T02:49:18.615Z","operation":"track.transition","repository":"gocd/gocd","trackingVersion":"phase3-v1","from":"UNASSESSED","to":"WARM","reason":"first assessment: WARM because warm:pushedWithin30d&stars>=1000"}
{"ts":"2026-09-26T02:49:18.615Z","operation":"track.transition","repository":"itamae-kitchen/itamae","trackingVersion":"phase3-v1","from":"UNASSESSED","to":"WARM","reason":"first assessment: WARM because warm:pushedWithin30d&stars>=1000"}
{"ts":"2026-09-26T02:49:18.615Z","operation":"track.transition","repository":"zyclonite/nassh-relay","trackingVersion":"phase3-v1","from":"UNASSESSED","to":"DORMANT","reason":"first assessment: DORMANT because dormant:no hot or warm rule passed"}
{"ts":"2026-09-26T02:49:18.615Z","operation":"track.transition","repository":"phoronix-test-suite/phoronix-test-suite","trackingVersion":"phase3-v1","from":"UNASSESSED","to":"WARM","reason":"first assessment: WARM because warm:pushedWithin30d&stars>=1000"}
{"ts":"2026-09-26T02:49:18.615Z","operation":"track.transition","repository":"stormzhang/ai-coding-guide","trackingVersion":"phase3-v1","from":"UNASSESSED","to":"WARM","reason":"first assessment: WARM because warm:pushedWithin30d&stars>=1000"}
{"ts":"2026-09-26T02:49:18.615Z","operation":"track.transition","repository":"dotnet/efcore","trackingVersion":"phase3-v1","from":"UNASSESSED","to":"WARM","reason":"first assessment: WARM because warm:pushedWithin30d&stars>=1000"}
{"ts":"2026-09-26T02:49:18.615Z","operation":"track.transition","repository":"asmjit/asmjit","trackingVersion":"phase3-v1","from":"UNASSESSED","to":"WARM","reason":"first assessment: WARM because warm:pushedWithin30d&stars>=1000"}
{"ts":"2026-09-26T02:49:18.615Z","operation":"track.transition","repository":"davisking/dlib","trackingVersion":"phase3-v1","from":"UNASSESSED","to":"WARM","reason":"first assessment: WARM because warm:pushedWithin30d&stars>=1000"}
{"ts":"2026-09-26T02:49:18.615Z","operation":"track.transition","repository":"cryptomator/cryptomator","trackingVersion":"phase3-v1","from":"UNASSESSED","to":"WARM","reason":"first assessment: WARM because warm:pushedWithin30d&stars>=1000"}
{"ts":"2026-09-26T02:49:18.615Z","operation":"track.transition","repository":"seleniumbase/SeleniumBase","trackingVersion":"phase3-v1","from":"UNASSESSED","to":"WARM","reason":"first assessment: WARM because warm:pushedWithin30d&stars>=1000"}
{"ts":"2026-09-26T02:49:18.615Z","operation":"track.transition","repository":"StackExchange/StackExchange.Redis","trackingVersion":"phase3-v1","from":"UNASSESSED","to":"WARM","reason":"first assessment: WARM because warm:pushedWithin30d&stars>=1000"}
{"ts":"2026-09-26T02:49:18.615Z","operation":"track.transition","repository":"oldratlee/land","trackingVersion":"phase3-v1","from":"UNASSESSED","to":"DORMANT","reason":"first assessment: DORMANT because dormant:no hot or warm rule passed"}
{"ts":"2026-09-26T02:49:18.615Z","operation":"track.transition","repository":"getgauge/gauge","trackingVersion":"phase3-v1","from":"UNASSESSED","to":"WARM","reason":"first assessment: WARM because warm:pushedWithin30d&stars>=1000"}
{"ts":"2026-09-26T02:49:18.615Z","operation":"track.transition","repository":"TNG/JGiven","trackingVersion":"phase3-v1","from":"UNASSESSED","to":"DORMANT","reason":"first assessment: DORMANT because dormant:no hot or warm rule passed"}
{"ts":"2026-09-26T02:49:18.615Z","operation":"track.transition","repository":"pinterest/secor","trackingVersion":"phase3-v1","from":"UNASSESSED","to":"WARM","reason":"first assessment: WARM because warm:pushedWithin30d&stars>=1000"}
{"ts":"2026-09-26T02:49:18.615Z","operation":"track.transition","repository":"concourse/concourse","trackingVersion":"phase3-v1","from":"UNASSESSED","to":"WARM","reason":"first assessment: WARM because warm:pushedWithin30d&stars>=1000"}
{"ts":"2026-09-26T02:49:18.615Z","operation":"track.transition","repository":"ty4z2008/Qix","trackingVersion":"phase3-v1","from":"UNASSESSED","to":"WARM","reason":"first assessment: WARM because warm:pushedWithin30d&stars>=1000"}
{"ts":"2026-09-26T02:49:18.615Z","operation":"track.transition","repository":"StackStorm/st2","trackingVersion":"phase3-v1","from":"UNASSESSED","to":"WARM","reason":"first assessment: WARM because warm:pushedWithin30d&stars>=1000"}
{"ts":"2026-09-26T02:49:18.615Z","operation":"track.transition","repository":"microg/GmsCore","trackingVersion":"phase3-v1","from":"UNASSESSED","to":"WARM","reason":"first assessment: WARM because warm:starsPerDay7d>=8, warm:starsPerDay30d>=8, warm:pushedWithin30d&stars>=1000"}
{"ts":"2026-09-26T02:49:18.615Z","operation":"track.transition","repository":"questdb/questdb","trackingVersion":"phase3-v1","from":"UNASSESSED","to":"WARM","reason":"first assessment: WARM because warm:pushedWithin30d&stars>=1000"}
{"ts":"2026-09-26T02:49:18.615Z","operation":"track.transition","repository":"ComplianceAsCode/content","trackingVersion":"phase3-v1","from":"UNASSESSED","to":"WARM","reason":"first assessment: WARM because warm:pushedWithin30d&stars>=1000"}
{"ts":"2026-09-26T02:49:18.615Z","operation":"track.transition","repository":"monero-project/monero","trackingVersion":"phase3-v1","from":"UNASSESSED","to":"WARM","reason":"first assessment: WARM because warm:pushedWithin30d&stars>=1000"}
{"ts":"2026-09-26T02:49:18.615Z","operation":"track.transition","repository":"nginx-proxy/nginx-proxy","trackingVersion":"phase3-v1","from":"UNASSESSED","to":"WARM","reason":"first assessment: WARM because warm:pushedWithin30d&stars>=1000"}
{"ts":"2026-09-26T02:49:18.615Z","operation":"track.transition","repository":"TykTechnologies/tyk","trackingVersion":"phase3-v1","from":"UNASSESSED","to":"WARM","reason":"first assessment: WARM because warm:pushedWithin30d&stars>=1000"}
{"ts":"2026-09-26T02:49:18.615Z","operation":"track.transition","repository":"redis/lettuce","trackingVersion":"phase3-v1","from":"UNASSESSED","to":"WARM","reason":"first assessment: WARM because warm:pushedWithin30d&stars>=1000"}
{"ts":"2026-09-26T02:49:18.615Z","operation":"track.transition","repository":"MariaDB/server","trackingVersion":"phase3-v1","from":"UNASSESSED","to":"WARM","reason":"first assessment: WARM because warm:pushedWithin30d&stars>=1000"}
{"ts":"2026-09-26T02:49:18.615Z","operation":"track.transition","repository":"itzg/docker-minecraft-server","trackingVersion":"phase3-v1","from":"UNASSESSED","to":"WARM","reason":"first assessment: WARM because warm:pushedWithin30d&stars>=1000"}
{"ts":"2026-09-26T02:49:18.615Z","operation":"track.transition","repository":"scalafx/scalafx","trackingVersion":"phase3-v1","from":"UNASSESSED","to":"DORMANT","reason":"first assessment: DORMANT because dormant:no hot or warm rule passed"}
{"ts":"2026-09-26T02:49:18.615Z","operation":"track.transition","repository":"wso2/product-apim","trackingVersion":"phase3-v1","from":"UNASSESSED","to":"WARM","reason":"first assessment: WARM because warm:pushedWithin30d&stars>=1000"}
{"ts":"2026-09-26T02:49:18.615Z","operation":"track.transition","repository":"spring-cloud/spring-cloud-config","trackingVersion":"phase3-v1","from":"UNASSESSED","to":"WARM","reason":"first assessment: WARM because warm:pushedWithin30d&stars>=1000"}
{"ts":"2026-09-26T02:49:18.615Z","operation":"track.transition","repository":"metabrainz/musicbrainz-docker","trackingVersion":"phase3-v1","from":"UNASSESSED","to":"DORMANT","reason":"first assessment: DORMANT because dormant:no hot or warm rule passed"}
{"ts":"2026-09-26T02:49:18.615Z","operation":"track.transition","repository":"os-autoinst/openQA","trackingVersion":"phase3-v1","from":"UNASSESSED","to":"DORMANT","reason":"first assessment: DORMANT because dormant:no hot or warm rule passed"}
{"ts":"2026-09-26T02:49:18.615Z","operation":"track.transition","repository":"apache/calcite","trackingVersion":"phase3-v1","from":"UNASSESSED","to":"WARM","reason":"first assessment: WARM because warm:pushedWithin30d&stars>=1000"}
{"ts":"2026-09-26T02:49:18.615Z","operation":"track.transition","repository":"robotframework/robotframework","trackingVersion":"phase3-v1","from":"UNASSESSED","to":"WARM","reason":"first assessment: WARM because warm:pushedWithin30d&stars>=1000"}
{"ts":"2026-09-26T02:49:18.615Z","operation":"track.transition","repository":"flannel-io/flannel","trackingVersion":"phase3-v1","from":"UNASSESSED","to":"WARM","reason":"first assessment: WARM because warm:pushedWithin30d&stars>=1000"}
{"ts":"2026-09-26T02:49:18.615Z","operation":"track.transition","repository":"spring-cloud/spring-cloud-netflix","trackingVersion":"phase3-v1","from":"UNASSESSED","to":"WARM","reason":"first assessment: WARM because warm:pushedWithin30d&stars>=1000"}
{"ts":"2026-09-26T02:49:18.615Z","operation":"track.transition","repository":"ashishb/android-security-awesome","trackingVersion":"phase3-v1","from":"UNASSESSED","to":"WARM","reason":"first assessment: WARM because warm:pushedWithin30d&stars>=1000"}
{"ts":"2026-09-26T02:49:18.615Z","operation":"track.transition","repository":"codecentric/spring-boot-admin","trackingVersion":"phase3-v1","from":"UNASSESSED","to":"WARM","reason":"first assessment: WARM because warm:pushedWithin30d&stars>=1000"}
{"ts":"2026-09-26T02:49:18.615Z","operation":"track.transition","repository":"openshift/origin","trackingVersion":"phase3-v1","from":"UNASSESSED","to":"WARM","reason":"first assessment: WARM because warm:pushedWithin30d&stars>=1000"}
{"ts":"2026-09-26T02:49:18.615Z","operation":"track.transition","repository":"spring-cloud/spring-cloud-release","trackingVersion":"phase3-v1","from":"UNASSESSED","to":"DORMANT","reason":"first assessment: DORMANT because dormant:no hot or warm rule passed"}
{"ts":"2026-09-26T02:49:18.615Z","operation":"track.transition","repository":"OpenNHP/opennhp","trackingVersion":"phase3-v1","from":"UNASSESSED","to":"WARM","reason":"first assessment: WARM because warm:pushedWithin30d&stars>=1000"}
{"ts":"2026-09-26T02:49:18.615Z","operation":"track.transition","repository":"doctest/doctest","trackingVersion":"phase3-v1","from":"UNASSESSED","to":"WARM","reason":"first assessment: WARM because warm:pushedWithin30d&stars>=1000"}
{"ts":"2026-09-26T02:49:18.615Z","operation":"track.transition","repository":"spring-cloud/spring-cloud-bus","trackingVersion":"phase3-v1","from":"UNASSESSED","to":"DORMANT","reason":"first assessment: DORMANT because dormant:no hot or warm rule passed"}
{"ts":"2026-09-26T02:49:18.615Z","operation":"track.transition","repository":"rqlite/rqlite","trackingVersion":"phase3-v1","from":"UNASSESSED","to":"WARM","reason":"first assessment: WARM because warm:pushedWithin30d&stars>=1000"}
{"ts":"2026-09-26T02:49:18.615Z","operation":"track.transition","repository":"semaphoreui/semaphore","trackingVersion":"phase3-v1","from":"UNASSESSED","to":"WARM","reason":"first assessment: WARM because warm:pushedWithin30d&stars>=1000"}
{"ts":"2026-09-26T02:49:18.615Z","operation":"track.transition","repository":"litedb-org/LiteDB","trackingVersion":"phase3-v1","from":"UNASSESSED","to":"WARM","reason":"first assessment: WARM because warm:pushedWithin30d&stars>=1000"}
{"ts":"2026-09-26T02:49:18.615Z","operation":"track.transition","repository":"btraceio/btrace","trackingVersion":"phase3-v1","from":"UNASSESSED","to":"WARM","reason":"first assessment: WARM because warm:pushedWithin30d&stars>=1000"}
{"ts":"2026-09-26T02:49:18.615Z","operation":"track.transition","repository":"vektra/mockery","trackingVersion":"phase3-v1","from":"UNASSESSED","to":"WARM","reason":"first assessment: WARM because warm:pushedWithin30d&stars>=1000"}
{"ts":"2026-09-26T02:49:18.615Z","operation":"track.transition","repository":"alicebob/miniredis","trackingVersion":"phase3-v1","from":"UNASSESSED","to":"WARM","reason":"first assessment: WARM because warm:pushedWithin30d&stars>=1000"}
{"ts":"2026-09-26T02:49:18.615Z","operation":"track.transition","repository":"jwtk/jjwt","trackingVersion":"phase3-v1","from":"UNASSESSED","to":"WARM","reason":"first assessment: WARM because warm:pushedWithin30d&stars>=1000"}
{"ts":"2026-09-26T02:49:18.615Z","operation":"track.transition","repository":"juice-shop/juice-shop","trackingVersion":"phase3-v1","from":"UNASSESSED","to":"WARM","reason":"first assessment: WARM because warm:pushedWithin30d&stars>=1000"}
{"ts":"2026-09-26T02:49:18.615Z","operation":"track.transition","repository":"Unleash/unleash","trackingVersion":"phase3-v1","from":"UNASSESSED","to":"WARM","reason":"first assessment: WARM because warm:pushedWithin30d&stars>=1000"}
{"ts":"2026-09-26T02:49:18.615Z","operation":"track.transition","repository":"boto/boto3","trackingVersion":"phase3-v1","from":"UNASSESSED","to":"WARM","reason":"first assessment: WARM because warm:pushedWithin30d&stars>=1000"}
{"ts":"2026-09-26T02:49:18.615Z","operation":"track.transition","repository":"dbcli/pgcli","trackingVersion":"phase3-v1","from":"UNASSESSED","to":"WARM","reason":"first assessment: WARM because warm:pushedWithin30d&stars>=1000"}
{"ts":"2026-09-26T02:49:18.615Z","operation":"track.transition","repository":"hzxie/voj","trackingVersion":"phase3-v1","from":"UNASSESSED","to":"DORMANT","reason":"first assessment: DORMANT because dormant:no hot or warm rule passed"}
{"ts":"2026-09-26T02:49:18.615Z","operation":"track.transition","repository":"geekcell/docker-compose-nodejs-examples","trackingVersion":"phase3-v1","from":"UNASSESSED","to":"WARM","reason":"first assessment: WARM because warm:pushedWithin30d&stars>=1000"}
{"ts":"2026-09-26T02:49:18.615Z","operation":"track.transition","repository":"ligurio/awesome-ci","trackingVersion":"phase3-v1","from":"UNASSESSED","to":"WARM","reason":"first assessment: WARM because warm:pushedWithin30d&stars>=1000"}
{"ts":"2026-09-26T02:49:18.615Z","operation":"track.transition","repository":"aio-libs/aiokafka","trackingVersion":"phase3-v1","from":"UNASSESSED","to":"WARM","reason":"first assessment: WARM because warm:pushedWithin30d&stars>=1000"}
{"ts":"2026-09-26T02:49:18.615Z","operation":"track.transition","repository":"OpenAtomFoundation/pikiwidb","trackingVersion":"phase3-v1","from":"UNASSESSED","to":"WARM","reason":"first assessment: WARM because warm:pushedWithin30d&stars>=1000"}
{"ts":"2026-09-26T02:49:18.615Z","operation":"track.transition","repository":"jgroups-extras/jgroups-raft","trackingVersion":"phase3-v1","from":"UNASSESSED","to":"DORMANT","reason":"first assessment: DORMANT because dormant:no hot or warm rule passed"}
{"ts":"2026-09-26T02:49:18.615Z","operation":"track.transition","repository":"looplab/eventhorizon","trackingVersion":"phase3-v1","from":"UNASSESSED","to":"WARM","reason":"first assessment: WARM because warm:pushedWithin30d&stars>=1000"}
{"ts":"2026-09-26T02:49:18.615Z","operation":"track.transition","repository":"SeleniumHQ/docker-selenium","trackingVersion":"phase3-v1","from":"UNASSESSED","to":"WARM","reason":"first assessment: WARM because warm:pushedWithin30d&stars>=1000"}
{"ts":"2026-09-26T02:49:18.615Z","operation":"track.transition","repository":"deviantony/docker-elk","trackingVersion":"phase3-v1","from":"UNASSESSED","to":"WARM","reason":"first assessment: WARM because warm:pushedWithin30d&stars>=1000"}
{"ts":"2026-09-26T02:49:18.615Z","operation":"track.transition","repository":"build-canaries/nevergreen","trackingVersion":"phase3-v1","from":"UNASSESSED","to":"DORMANT","reason":"first assessment: DORMANT because dormant:no hot or warm rule passed"}
{"ts":"2026-09-26T02:49:18.615Z","operation":"track.transition","repository":"vimagick/dockerfiles","trackingVersion":"phase3-v1","from":"UNASSESSED","to":"WARM","reason":"first assessment: WARM because warm:pushedWithin30d&stars>=1000"}
{"ts":"2026-09-26T02:49:18.615Z","operation":"track.transition","repository":"spring-cloud/spring-cloud-commons","trackingVersion":"phase3-v1","from":"UNASSESSED","to":"DORMANT","reason":"first assessment: DORMANT because dormant:no hot or warm rule passed"}
{"ts":"2026-09-26T02:49:18.615Z","operation":"track.transition","repository":"spring-cloud/spring-cloud-consul","trackingVersion":"phase3-v1","from":"UNASSESSED","to":"DORMANT","reason":"first assessment: DORMANT because dormant:no hot or warm rule passed"}
{"ts":"2026-09-26T02:49:18.615Z","operation":"track.transition","repository":"goadesign/goa","trackingVersion":"phase3-v1","from":"UNASSESSED","to":"WARM","reason":"first assessment: WARM because warm:pushedWithin30d&stars>=1000"}
{"ts":"2026-09-26T02:49:18.615Z","operation":"track.transition","repository":"grpc/grpc-java","trackingVersion":"phase3-v1","from":"UNASSESSED","to":"WARM","reason":"first assessment: WARM because warm:pushedWithin30d&stars>=1000"}
{"ts":"2026-09-26T02:49:18.615Z","operation":"track.transition","repository":"confluentinc/schema-registry","trackingVersion":"phase3-v1","from":"UNASSESSED","to":"WARM","reason":"first assessment: WARM because warm:pushedWithin30d&stars>=1000"}
{"ts":"2026-09-26T02:49:18.615Z","operation":"track.transition","repository":"cdent/gabbi","trackingVersion":"phase3-v1","from":"UNASSESSED","to":"DORMANT","reason":"first assessment: DORMANT because dormant:no hot or warm rule passed"}
{"ts":"2026-09-26T02:49:18.615Z","operation":"track.transition","repository":"vim-test/vim-test","trackingVersion":"phase3-v1","from":"UNASSESSED","to":"WARM","reason":"first assessment: WARM because warm:pushedWithin30d&stars>=1000"}
{"ts":"2026-09-26T02:49:18.615Z","operation":"track.transition","repository":"dotnet/orleans","trackingVersion":"phase3-v1","from":"UNASSESSED","to":"WARM","reason":"first assessment: WARM because warm:pushedWithin30d&stars>=1000"}
{"ts":"2026-09-26T02:49:18.615Z","operation":"track.transition","repository":"scylladb/scylladb","trackingVersion":"phase3-v1","from":"UNASSESSED","to":"WARM","reason":"first assessment: WARM because warm:pushedWithin30d&stars>=1000"}
{"ts":"2026-09-26T02:49:18.615Z","operation":"track.transition","repository":"akka/alpakka-kafka","trackingVersion":"phase3-v1","from":"UNASSESSED","to":"WARM","reason":"first assessment: WARM because warm:pushedWithin30d&stars>=1000"}
{"ts":"2026-09-26T02:49:18.615Z","operation":"track.transition","repository":"kafkaex/kafka_ex","trackingVersion":"phase3-v1","from":"UNASSESSED","to":"DORMANT","reason":"first assessment: DORMANT because dormant:no hot or warm rule passed"}
{"ts":"2026-09-26T02:49:18.615Z","operation":"track.transition","repository":"tlsfuzzer/tlsfuzzer","trackingVersion":"phase3-v1","from":"UNASSESSED","to":"DORMANT","reason":"first assessment: DORMANT because dormant:no hot or warm rule passed"}
{"ts":"2026-09-26T02:49:18.615Z","operation":"track.transition","repository":"filodb/FiloDB","trackingVersion":"phase3-v1","from":"UNASSESSED","to":"WARM","reason":"first assessment: WARM because warm:pushedWithin30d&stars>=1000"}
{"ts":"2026-09-26T02:49:18.615Z","operation":"track.transition","repository":"bee-queue/bee-queue","trackingVersion":"phase3-v1","from":"UNASSESSED","to":"WARM","reason":"first assessment: WARM because warm:pushedWithin30d&stars>=1000"}
{"ts":"2026-09-26T02:49:18.615Z","operation":"track.transition","repository":"facebook/infer","trackingVersion":"phase3-v1","from":"UNASSESSED","to":"WARM","reason":"first assessment: WARM because warm:pushedWithin30d&stars>=1000"}
{"ts":"2026-09-26T02:49:18.615Z","operation":"track.transition","repository":"fluent/fluent-bit","trackingVersion":"phase3-v1","from":"UNASSESSED","to":"WARM","reason":"first assessment: WARM because warm:pushedWithin30d&stars>=1000"}
{"ts":"2026-09-26T02:49:18.615Z","operation":"track.transition","repository":"spring-cloud/spring-cloud-zookeeper","trackingVersion":"phase3-v1","from":"UNASSESSED","to":"DORMANT","reason":"first assessment: DORMANT because dormant:no hot or warm rule passed"}
{"ts":"2026-09-26T02:49:18.615Z","operation":"track.transition","repository":"FoundatioFx/Foundatio","trackingVersion":"phase3-v1","from":"UNASSESSED","to":"WARM","reason":"first assessment: WARM because warm:pushedWithin30d&stars>=1000"}
{"ts":"2026-09-26T02:49:18.615Z","operation":"track.transition","repository":"dwyl/learn-aws-lambda","trackingVersion":"phase3-v1","from":"UNASSESSED","to":"WARM","reason":"first assessment: WARM because warm:pushedWithin30d&stars>=1000"}
{"ts":"2026-09-26T02:49:18.615Z","operation":"track.transition","repository":"cortex-docs/cortex","trackingVersion":"phase3-v1","from":"UNASSESSED","to":"WARM","reason":"first assessment: WARM because warm:pushedWithin30d&stars>=1000"}
{"ts":"2026-09-26T02:49:18.615Z","operation":"track.transition","repository":"jenkinsci/kubernetes-plugin","trackingVersion":"phase3-v1","from":"UNASSESSED","to":"WARM","reason":"first assessment: WARM because warm:pushedWithin30d&stars>=1000"}
{"ts":"2026-09-26T02:49:18.615Z","operation":"track.transition","repository":"apache/ignite","trackingVersion":"phase3-v1","from":"UNASSESSED","to":"WARM","reason":"first assessment: WARM because warm:pushedWithin30d&stars>=1000"}
{"ts":"2026-09-26T02:49:18.615Z","operation":"track.transition","repository":"ChromeDevTools/devtools-frontend","trackingVersion":"phase3-v1","from":"UNASSESSED","to":"WARM","reason":"first assessment: WARM because warm:pushedWithin30d&stars>=1000"}
{"ts":"2026-09-26T02:49:18.615Z","operation":"track.transition","repository":"kafka4beam/brod","trackingVersion":"phase3-v1","from":"UNASSESSED","to":"DORMANT","reason":"first assessment: DORMANT because dormant:no hot or warm rule passed"}
{"ts":"2026-09-26T02:49:18.615Z","operation":"track.transition","repository":"xyproto/algernon","trackingVersion":"phase3-v1","from":"UNASSESSED","to":"WARM","reason":"first assessment: WARM because warm:pushedWithin30d&stars>=1000"}
{"ts":"2026-09-26T02:49:18.615Z","operation":"track.transition","repository":"plv8/plv8","trackingVersion":"phase3-v1","from":"UNASSESSED","to":"WARM","reason":"first assessment: WARM because warm:pushedWithin30d&stars>=1000"}
{"ts":"2026-09-26T02:49:18.615Z","operation":"track.transition","repository":"AlmasB/FXGL","trackingVersion":"phase3-v1","from":"UNASSESSED","to":"WARM","reason":"first assessment: WARM because warm:pushedWithin30d&stars>=1000"}
{"ts":"2026-09-26T02:49:18.615Z","operation":"track.transition","repository":"eclipse-che/che","trackingVersion":"phase3-v1","from":"UNASSESSED","to":"WARM","reason":"first assessment: WARM because warm:pushedWithin30d&stars>=1000"}
{"ts":"2026-09-26T02:49:18.615Z","operation":"track.transition","repository":"alibaba/java-dns-cache-manipulator","trackingVersion":"phase3-v1","from":"UNASSESSED","to":"DORMANT","reason":"first assessment: DORMANT because dormant:no hot or warm rule passed"}
{"ts":"2026-09-26T02:49:18.615Z","operation":"track.transition","repository":"codenameone/CodenameOne","trackingVersion":"phase3-v1","from":"UNASSESSED","to":"WARM","reason":"first assessment: WARM because warm:pushedWithin30d&stars>=1000"}
{"ts":"2026-09-26T02:49:18.615Z","operation":"track.transition","repository":"php-rdkafka/php-rdkafka","trackingVersion":"phase3-v1","from":"UNASSESSED","to":"WARM","reason":"first assessment: WARM because warm:pushedWithin30d&stars>=1000"}
{"ts":"2026-09-26T02:49:18.615Z","operation":"track.transition","repository":"redis/ioredis","trackingVersion":"phase3-v1","from":"UNASSESSED","to":"WARM","reason":"first assessment: WARM because warm:pushedWithin30d&stars>=1000"}
{"ts":"2026-09-26T02:49:18.615Z","operation":"track.transition","repository":"dbcli/mycli","trackingVersion":"phase3-v1","from":"UNASSESSED","to":"WARM","reason":"first assessment: WARM because warm:pushedWithin30d&stars>=1000"}
{"ts":"2026-09-26T02:49:18.615Z","operation":"track.transition","repository":"zalando/riptide","trackingVersion":"phase3-v1","from":"UNASSESSED","to":"DORMANT","reason":"first assessment: DORMANT because dormant:no hot or warm rule passed"}
{"ts":"2026-09-26T02:49:18.615Z","operation":"track.transition","repository":"h2database/h2database","trackingVersion":"phase3-v1","from":"UNASSESSED","to":"WARM","reason":"first assessment: WARM because warm:pushedWithin30d&stars>=1000"}
{"ts":"2026-09-26T02:49:18.615Z","operation":"track.transition","repository":"testcontainers/testcontainers-java","trackingVersion":"phase3-v1","from":"UNASSESSED","to":"WARM","reason":"first assessment: WARM because warm:pushedWithin30d&stars>=1000"}
{"ts":"2026-09-26T02:49:18.615Z","operation":"track.transition","repository":"ibis-project/ibis","trackingVersion":"phase3-v1","from":"UNASSESSED","to":"WARM","reason":"first assessment: WARM because warm:pushedWithin30d&stars>=1000"}
{"ts":"2026-09-26T02:49:18.615Z","operation":"track.transition","repository":"DevExpress/testcafe","trackingVersion":"phase3-v1","from":"UNASSESSED","to":"WARM","reason":"first assessment: WARM because warm:pushedWithin30d&stars>=1000"}
{"ts":"2026-09-26T02:49:18.615Z","operation":"track.transition","repository":"diffplug/spotless","trackingVersion":"phase3-v1","from":"UNASSESSED","to":"WARM","reason":"first assessment: WARM because warm:pushedWithin30d&stars>=1000"}
{"ts":"2026-09-26T02:49:18.615Z","operation":"track.transition","repository":"oliver006/redis_exporter","trackingVersion":"phase3-v1","from":"UNASSESSED","to":"WARM","reason":"first assessment: WARM because warm:pushedWithin30d&stars>=1000"}
{"ts":"2026-09-26T02:49:18.615Z","operation":"track.transition","repository":"ntop/ntopng","trackingVersion":"phase3-v1","from":"UNASSESSED","to":"WARM","reason":"first assessment: WARM because warm:pushedWithin30d&stars>=1000"}
{"ts":"2026-09-26T02:49:18.615Z","operation":"track.transition","repository":"randoop/randoop","trackingVersion":"phase3-v1","from":"UNASSESSED","to":"DORMANT","reason":"first assessment: DORMANT because dormant:no hot or warm rule passed"}
{"ts":"2026-09-26T02:49:18.615Z","operation":"track.transition","repository":"GoogleCloudPlatform/nodejs-docs-samples","trackingVersion":"phase3-v1","from":"UNASSESSED","to":"WARM","reason":"first assessment: WARM because warm:pushedWithin30d&stars>=1000"}
{"ts":"2026-09-26T02:49:18.615Z","operation":"track.transition","repository":"aws/aws-sdk-cpp","trackingVersion":"phase3-v1","from":"UNASSESSED","to":"WARM","reason":"first assessment: WARM because warm:pushedWithin30d&stars>=1000"}
{"ts":"2026-09-26T02:49:18.615Z","operation":"track.transition","repository":"artilleryio/artillery","trackingVersion":"phase3-v1","from":"UNASSESSED","to":"WARM","reason":"first assessment: WARM because warm:pushedWithin30d&stars>=1000"}
{"ts":"2026-09-26T02:49:18.615Z","operation":"track.transition","repository":"zaproxy/zaproxy","trackingVersion":"phase3-v1","from":"UNASSESSED","to":"WARM","reason":"first assessment: WARM because warm:pushedWithin30d&stars>=1000"}
{"ts":"2026-09-26T02:49:18.615Z","operation":"track.transition","repository":"opencontainers/runc","trackingVersion":"phase3-v1","from":"UNASSESSED","to":"WARM","reason":"first assessment: WARM because warm:pushedWithin30d&stars>=1000"}
{"ts":"2026-09-26T02:49:18.615Z","operation":"track.transition","repository":"dkron-io/dkron","trackingVersion":"phase3-v1","from":"UNASSESSED","to":"WARM","reason":"first assessment: WARM because warm:pushedWithin30d&stars>=1000"}
{"ts":"2026-09-26T02:49:18.615Z","operation":"track.transition","repository":"oneinstack/oneinstack","trackingVersion":"phase3-v1","from":"UNASSESSED","to":"WARM","reason":"first assessment: WARM because warm:pushedWithin30d&stars>=1000"}
{"ts":"2026-09-26T02:49:18.615Z","operation":"track.transition","repository":"pytest-dev/pytest","trackingVersion":"phase3-v1","from":"UNASSESSED","to":"WARM","reason":"first assessment: WARM because warm:pushedWithin30d&stars>=1000"}
{"ts":"2026-09-26T02:49:18.615Z","operation":"track.transition","repository":"aquasecurity/cloudsploit","trackingVersion":"phase3-v1","from":"UNASSESSED","to":"WARM","reason":"first assessment: WARM because warm:pushedWithin30d&stars>=1000"}
{"ts":"2026-09-26T02:49:18.615Z","operation":"track.transition","repository":"groue/GRDB.swift","trackingVersion":"phase3-v1","from":"UNASSESSED","to":"WARM","reason":"first assessment: WARM because warm:pushedWithin30d&stars>=1000"}
{"ts":"2026-09-26T02:49:18.615Z","operation":"track.transition","repository":"patroni/patroni","trackingVersion":"phase3-v1","from":"UNASSESSED","to":"WARM","reason":"first assessment: WARM because warm:pushedWithin30d&stars>=1000"}
{"ts":"2026-09-26T02:49:18.615Z","operation":"track.transition","repository":"spring-cloud/spring-cloud-stream","trackingVersion":"phase3-v1","from":"UNASSESSED","to":"WARM","reason":"first assessment: WARM because warm:pushedWithin30d&stars>=1000"}
{"ts":"2026-09-26T02:49:18.615Z","operation":"track.transition","repository":"zalando/skipper","trackingVersion":"phase3-v1","from":"UNASSESSED","to":"WARM","reason":"first assessment: WARM because warm:pushedWithin30d&stars>=1000"}
{"ts":"2026-09-26T02:49:18.615Z","operation":"track.transition","repository":"DotNetNext/SqlSugar","trackingVersion":"phase3-v1","from":"UNASSESSED","to":"WARM","reason":"first assessment: WARM because warm:pushedWithin30d&stars>=1000"}
{"ts":"2026-09-26T02:49:18.615Z","operation":"track.transition","repository":"Azure/azure-rest-api-specs","trackingVersion":"phase3-v1","from":"UNASSESSED","to":"WARM","reason":"first assessment: WARM because warm:pushedWithin30d&stars>=1000"}
{"ts":"2026-09-26T02:49:18.615Z","operation":"track.transition","repository":"zio/zio-quill","trackingVersion":"phase3-v1","from":"UNASSESSED","to":"WARM","reason":"first assessment: WARM because warm:pushedWithin30d&stars>=1000"}
{"ts":"2026-09-26T02:49:18.615Z","operation":"track.transition","repository":"sdogruyol/cryload","trackingVersion":"phase3-v1","from":"UNASSESSED","to":"DORMANT","reason":"first assessment: DORMANT because dormant:no hot or warm rule passed"}
{"ts":"2026-09-26T02:49:18.615Z","operation":"track.transition","repository":"apioo/fusio","trackingVersion":"phase3-v1","from":"UNASSESSED","to":"WARM","reason":"first assessment: WARM because warm:pushedWithin30d&stars>=1000"}
{"ts":"2026-09-26T02:49:18.615Z","operation":"track.transition","repository":"karafka/karafka","trackingVersion":"phase3-v1","from":"UNASSESSED","to":"WARM","reason":"first assessment: WARM because warm:pushedWithin30d&stars>=1000"}
{"ts":"2026-09-26T02:49:18.615Z","operation":"track.transition","repository":"karafka/waterdrop","trackingVersion":"phase3-v1","from":"UNASSESSED","to":"DORMANT","reason":"first assessment: DORMANT because dormant:no hot or warm rule passed"}
{"ts":"2026-09-26T02:49:18.615Z","operation":"track.transition","repository":"dhamaniasad/awesome-postgres","trackingVersion":"phase3-v1","from":"UNASSESSED","to":"WARM","reason":"first assessment: WARM because warm:pushedWithin30d&stars>=1000"}
{"ts":"2026-09-26T02:49:18.615Z","operation":"track.transition","repository":"digoal/blog","trackingVersion":"phase3-v1","from":"UNASSESSED","to":"WARM","reason":"first assessment: WARM because warm:pushedWithin30d&stars>=1000"}
{"ts":"2026-09-26T02:49:18.615Z","operation":"track.transition","repository":"wazuh/wazuh","trackingVersion":"phase3-v1","from":"UNASSESSED","to":"WARM","reason":"first assessment: WARM because warm:starsPerDay7d>=8, warm:starsPerDay30d>=8, warm:pushedWithin30d&stars>=1000"}
{"ts":"2026-09-26T02:49:18.615Z","operation":"track.transition","repository":"kagkarlsson/db-scheduler","trackingVersion":"phase3-v1","from":"UNASSESSED","to":"WARM","reason":"first assessment: WARM because warm:pushedWithin30d&stars>=1000"}
{"ts":"2026-09-26T02:49:18.615Z","operation":"track.transition","repository":"scalecube/scalecube-services","trackingVersion":"phase3-v1","from":"UNASSESSED","to":"DORMANT","reason":"first assessment: DORMANT because dormant:no hot or warm rule passed"}
{"ts":"2026-09-26T02:49:18.615Z","operation":"track.transition","repository":"EnterpriseDB/barman","trackingVersion":"phase3-v1","from":"UNASSESSED","to":"WARM","reason":"first assessment: WARM because warm:pushedWithin30d&stars>=1000"}
{"ts":"2026-09-26T02:49:18.615Z","operation":"track.transition","repository":"laradock/laradock","trackingVersion":"phase3-v1","from":"UNASSESSED","to":"WARM","reason":"first assessment: WARM because warm:pushedWithin30d&stars>=1000"}
{"ts":"2026-09-26T02:49:18.615Z","operation":"track.transition","repository":"inspec/inspec","trackingVersion":"phase3-v1","from":"UNASSESSED","to":"WARM","reason":"first assessment: WARM because warm:pushedWithin30d&stars>=1000"}
{"ts":"2026-09-26T02:49:18.615Z","operation":"track.transition","repository":"diesel-rs/diesel","trackingVersion":"phase3-v1","from":"UNASSESSED","to":"WARM","reason":"first assessment: WARM because warm:pushedWithin30d&stars>=1000"}
{"ts":"2026-09-26T02:49:18.615Z","operation":"track.transition","repository":"GSA/data.gov","trackingVersion":"phase3-v1","from":"UNASSESSED","to":"WARM","reason":"first assessment: WARM because warm:pushedWithin30d&stars>=1000"}
{"ts":"2026-09-26T02:49:18.615Z","operation":"track.transition","repository":"lucee/Lucee","trackingVersion":"phase3-v1","from":"UNASSESSED","to":"DORMANT","reason":"first assessment: DORMANT because dormant:no hot or warm rule passed"}
{"ts":"2026-09-26T02:49:18.615Z","operation":"track.transition","repository":"convox/rack","trackingVersion":"phase3-v1","from":"UNASSESSED","to":"WARM","reason":"first assessment: WARM because warm:pushedWithin30d&stars>=1000"}
{"ts":"2026-09-26T02:49:18.616Z","operation":"track.transition","repository":"zalando/logbook","trackingVersion":"phase3-v1","from":"UNASSESSED","to":"WARM","reason":"first assessment: WARM because warm:pushedWithin30d&stars>=1000"}
{"ts":"2026-09-26T02:49:18.616Z","operation":"track.transition","repository":"cmusatyalab/openface","trackingVersion":"phase3-v1","from":"UNASSESSED","to":"WARM","reason":"first assessment: WARM because warm:pushedWithin30d&stars>=1000"}
{"ts":"2026-09-26T02:49:18.616Z","operation":"track.transition","repository":"mybatis/spring-boot-starter","trackingVersion":"phase3-v1","from":"UNASSESSED","to":"WARM","reason":"first assessment: WARM because warm:pushedWithin30d&stars>=1000"}
{"ts":"2026-09-26T02:49:18.616Z","operation":"track.transition","repository":"context-and-oss/XrmDefinitelyTyped","trackingVersion":"phase3-v1","from":"UNASSESSED","to":"DORMANT","reason":"first assessment: DORMANT because dormant:no hot or warm rule passed"}
{"ts":"2026-09-26T02:49:18.616Z","operation":"track.transition","repository":"secdev/scapy","trackingVersion":"phase3-v1","from":"UNASSESSED","to":"WARM","reason":"first assessment: WARM because warm:pushedWithin30d&stars>=1000"}
{"ts":"2026-09-26T02:49:18.616Z","operation":"track.transition","repository":"goss-org/goss","trackingVersion":"phase3-v1","from":"UNASSESSED","to":"WARM","reason":"first assessment: WARM because warm:pushedWithin30d&stars>=1000"}
{"ts":"2026-09-26T02:49:18.616Z","operation":"track.transition","repository":"kubernetes-sigs/kubespray","trackingVersion":"phase3-v1","from":"UNASSESSED","to":"WARM","reason":"first assessment: WARM because warm:pushedWithin30d&stars>=1000"}
{"ts":"2026-09-26T02:49:18.616Z","operation":"track.transition","repository":"metasfresh/metasfresh","trackingVersion":"phase3-v1","from":"UNASSESSED","to":"WARM","reason":"first assessment: WARM because warm:pushedWithin30d&stars>=1000"}
{"ts":"2026-09-26T02:49:18.616Z","operation":"track.transition","repository":"google/syzkaller","trackingVersion":"phase3-v1","from":"UNASSESSED","to":"WARM","reason":"first assessment: WARM because warm:pushedWithin30d&stars>=1000"}
{"ts":"2026-09-26T02:49:18.616Z","operation":"track.transition","repository":"JasperFx/marten","trackingVersion":"phase3-v1","from":"UNASSESSED","to":"WARM","reason":"first assessment: WARM because warm:pushedWithin30d&stars>=1000"}
{"ts":"2026-09-26T02:49:18.616Z","operation":"track.transition","repository":"ramitsurana/awesome-kubernetes","trackingVersion":"phase3-v1","from":"UNASSESSED","to":"WARM","reason":"first assessment: WARM because warm:pushedWithin30d&stars>=1000"}
{"ts":"2026-09-26T02:49:18.616Z","operation":"track.transition","repository":"zentralopensource/zentral","trackingVersion":"phase3-v1","from":"UNASSESSED","to":"DORMANT","reason":"first assessment: DORMANT because dormant:no hot or warm rule passed"}
{"ts":"2026-09-26T02:49:18.616Z","operation":"track.transition","repository":"markshust/docker-magento","trackingVersion":"phase3-v1","from":"UNASSESSED","to":"WARM","reason":"first assessment: WARM because warm:pushedWithin30d&stars>=1000"}
{"ts":"2026-09-26T02:49:18.616Z","operation":"track.transition","repository":"dariusz-wozniak/List-of-Testing-Tools-and-Frameworks-for-.NET","trackingVersion":"phase3-v1","from":"UNASSESSED","to":"DORMANT","reason":"first assessment: DORMANT because dormant:no hot or warm rule passed"}
{"ts":"2026-09-26T02:49:18.616Z","operation":"track.transition","repository":"Yelp/paasta","trackingVersion":"phase3-v1","from":"UNASSESSED","to":"WARM","reason":"first assessment: WARM because warm:pushedWithin30d&stars>=1000"}
{"ts":"2026-09-26T02:49:18.616Z","operation":"track.transition","repository":"DaoCloud/DaoCloud-docs","trackingVersion":"phase3-v1","from":"UNASSESSED","to":"DORMANT","reason":"first assessment: DORMANT because dormant:no hot or warm rule passed"}
{"ts":"2026-09-26T02:49:18.616Z","operation":"track.transition","repository":"reactor/reactor-core","trackingVersion":"phase3-v1","from":"UNASSESSED","to":"WARM","reason":"first assessment: WARM because warm:pushedWithin30d&stars>=1000"}
{"ts":"2026-09-26T02:49:18.616Z","operation":"track.transition","repository":"containerd/containerd","trackingVersion":"phase3-v1","from":"UNASSESSED","to":"WARM","reason":"first assessment: WARM because warm:pushedWithin30d&stars>=1000"}
{"ts":"2026-09-26T02:49:18.616Z","operation":"track.transition","repository":"quay/clair","trackingVersion":"phase3-v1","from":"UNASSESSED","to":"WARM","reason":"first assessment: WARM because warm:pushedWithin30d&stars>=1000"}
{"ts":"2026-09-26T02:49:18.616Z","operation":"track.transition","repository":"line/armeria","trackingVersion":"phase3-v1","from":"UNASSESSED","to":"WARM","reason":"first assessment: WARM because warm:pushedWithin30d&stars>=1000"}
{"ts":"2026-09-26T02:49:18.616Z","operation":"track.transition","repository":"invoiceninja/dockerfiles","trackingVersion":"phase3-v1","from":"UNASSESSED","to":"DORMANT","reason":"first assessment: DORMANT because dormant:no hot or warm rule passed"}
{"ts":"2026-09-26T02:49:18.616Z","operation":"track.transition","repository":"ansible/molecule","trackingVersion":"phase3-v1","from":"UNASSESSED","to":"WARM","reason":"first assessment: WARM because warm:pushedWithin30d&stars>=1000"}
{"ts":"2026-09-26T02:49:18.616Z","operation":"track.transition","repository":"codeceptjs/CodeceptJS","trackingVersion":"phase3-v1","from":"UNASSESSED","to":"WARM","reason":"first assessment: WARM because warm:pushedWithin30d&stars>=1000"}
{"ts":"2026-09-26T02:49:18.616Z","operation":"track.transition","repository":"bitwarden/server","trackingVersion":"phase3-v1","from":"UNASSESSED","to":"WARM","reason":"first assessment: WARM because warm:starsPerDay30d>=8, warm:pushedWithin30d&stars>=1000"}
{"ts":"2026-09-26T02:49:18.616Z","operation":"track.transition","repository":"amacneil/dbmate","trackingVersion":"phase3-v1","from":"UNASSESSED","to":"WARM","reason":"first assessment: WARM because warm:pushedWithin30d&stars>=1000"}
{"ts":"2026-09-26T02:49:18.616Z","operation":"track.transition","repository":"kotest/kotest","trackingVersion":"phase3-v1","from":"UNASSESSED","to":"WARM","reason":"first assessment: WARM because warm:pushedWithin30d&stars>=1000"}
{"ts":"2026-09-26T02:49:18.616Z","operation":"track.transition","repository":"SpectoLabs/hoverfly","trackingVersion":"phase3-v1","from":"UNASSESSED","to":"WARM","reason":"first assessment: WARM because warm:pushedWithin30d&stars>=1000"}
{"ts":"2026-09-26T02:49:18.616Z","operation":"track.transition","repository":"prakhar1989/docker-curriculum","trackingVersion":"phase3-v1","from":"UNASSESSED","to":"WARM","reason":"first assessment: WARM because warm:pushedWithin30d&stars>=1000"}
{"ts":"2026-09-26T02:49:18.616Z","operation":"track.transition","repository":"pmacct/pmacct","trackingVersion":"phase3-v1","from":"UNASSESSED","to":"WARM","reason":"first assessment: WARM because warm:pushedWithin30d&stars>=1000"}
{"ts":"2026-09-26T02:49:18.616Z","operation":"track.transition","repository":"tikv/tikv","trackingVersion":"phase3-v1","from":"UNASSESSED","to":"WARM","reason":"first assessment: WARM because warm:pushedWithin30d&stars>=1000"}
{"ts":"2026-09-26T02:49:18.616Z","operation":"track.transition","repository":"phpstan/phpstan","trackingVersion":"phase3-v1","from":"UNASSESSED","to":"WARM","reason":"first assessment: WARM because warm:pushedWithin30d&stars>=1000"}
{"ts":"2026-09-26T02:49:18.616Z","operation":"track.transition","repository":"Data-Centric-AI-Community/fg-data-profiling","trackingVersion":"phase3-v1","from":"UNASSESSED","to":"WARM","reason":"first assessment: WARM because warm:pushedWithin30d&stars>=1000"}
{"ts":"2026-09-26T02:49:18.616Z","operation":"track.transition","repository":"Mailu/Mailu","trackingVersion":"phase3-v1","from":"UNASSESSED","to":"WARM","reason":"first assessment: WARM because warm:pushedWithin30d&stars>=1000"}
{"ts":"2026-09-26T02:49:18.616Z","operation":"track.transition","repository":"atata-framework/atata","trackingVersion":"phase3-v1","from":"UNASSESSED","to":"DORMANT","reason":"first assessment: DORMANT because dormant:no hot or warm rule passed"}
{"ts":"2026-09-26T02:49:18.616Z","operation":"track.transition","repository":"rubenlagus/TelegramBots","trackingVersion":"phase3-v1","from":"UNASSESSED","to":"WARM","reason":"first assessment: WARM because warm:pushedWithin30d&stars>=1000"}
{"ts":"2026-09-26T02:49:18.616Z","operation":"track.transition","repository":"HariSekhon/DevOps-Bash-tools","trackingVersion":"phase3-v1","from":"UNASSESSED","to":"WARM","reason":"first assessment: WARM because warm:pushedWithin30d&stars>=1000"}
{"ts":"2026-09-26T02:49:18.616Z","operation":"track.transition","repository":"lensesio/stream-reactor","trackingVersion":"phase3-v1","from":"UNASSESSED","to":"WARM","reason":"first assessment: WARM because warm:pushedWithin30d&stars>=1000"}
{"ts":"2026-09-26T02:49:18.616Z","operation":"track.transition","repository":"hs-web/hsweb-framework","trackingVersion":"phase3-v1","from":"UNASSESSED","to":"WARM","reason":"first assessment: WARM because warm:pushedWithin30d&stars>=1000"}
{"ts":"2026-09-26T02:49:18.616Z","operation":"track.transition","repository":"apache/shardingsphere","trackingVersion":"phase3-v1","from":"UNASSESSED","to":"WARM","reason":"first assessment: WARM because warm:pushedWithin30d&stars>=1000"}
{"ts":"2026-09-26T02:49:18.616Z","operation":"track.transition","repository":"zendesk/ruby-kafka","trackingVersion":"phase3-v1","from":"UNASSESSED","to":"WARM","reason":"first assessment: WARM because warm:pushedWithin30d&stars>=1000"}
{"ts":"2026-09-26T02:49:18.616Z","operation":"track.transition","repository":"DataDog/datadog-agent","trackingVersion":"phase3-v1","from":"UNASSESSED","to":"WARM","reason":"first assessment: WARM because warm:pushedWithin30d&stars>=1000"}
{"ts":"2026-09-26T02:49:18.616Z","operation":"track.transition","repository":"falcosecurity/falco","trackingVersion":"phase3-v1","from":"UNASSESSED","to":"WARM","reason":"first assessment: WARM because warm:pushedWithin30d&stars>=1000"}
{"ts":"2026-09-26T02:49:18.616Z","operation":"track.transition","repository":"PaperMC/Paper","trackingVersion":"phase3-v1","from":"UNASSESSED","to":"WARM","reason":"first assessment: WARM because warm:pushedWithin30d&stars>=1000"}
{"ts":"2026-09-26T02:49:18.616Z","operation":"track.transition","repository":"debezium/debezium","trackingVersion":"phase3-v1","from":"UNASSESSED","to":"WARM","reason":"first assessment: WARM because warm:pushedWithin30d&stars>=1000"}
{"ts":"2026-09-26T02:49:18.616Z","operation":"track.transition","repository":"bakwc/PySyncObj","trackingVersion":"phase3-v1","from":"UNASSESSED","to":"DORMANT","reason":"first assessment: DORMANT because dormant:no hot or warm rule passed"}
{"ts":"2026-09-26T02:49:18.616Z","operation":"track.transition","repository":"werf/werf","trackingVersion":"phase3-v1","from":"UNASSESSED","to":"WARM","reason":"first assessment: WARM because warm:pushedWithin30d&stars>=1000"}
{"ts":"2026-09-26T02:49:18.616Z","operation":"track.transition","repository":"winsiderss/systeminformer","trackingVersion":"phase3-v1","from":"UNASSESSED","to":"WARM","reason":"first assessment: WARM because warm:starsPerDay7d>=8, warm:starsPerDay30d>=8, warm:pushedWithin30d&stars>=1000"}
{"ts":"2026-09-26T02:49:18.616Z","operation":"track.transition","repository":"citusdata/citus","trackingVersion":"phase3-v1","from":"UNASSESSED","to":"WARM","reason":"first assessment: WARM because warm:pushedWithin30d&stars>=1000"}
{"ts":"2026-09-26T02:49:18.616Z","operation":"track.transition","repository":"apache/beam","trackingVersion":"phase3-v1","from":"UNASSESSED","to":"WARM","reason":"first assessment: WARM because warm:pushedWithin30d&stars>=1000"}
{"ts":"2026-09-26T02:49:18.616Z","operation":"track.transition","repository":"Azure/azure-cli","trackingVersion":"phase3-v1","from":"UNASSESSED","to":"WARM","reason":"first assessment: WARM because warm:pushedWithin30d&stars>=1000"}
{"ts":"2026-09-26T02:49:18.616Z","operation":"track.transition","repository":"pwicherski/TestowanieOprogramowania","trackingVersion":"phase3-v1","from":"UNASSESSED","to":"DORMANT","reason":"first assessment: DORMANT because dormant:no hot or warm rule passed"}
{"ts":"2026-09-26T02:49:18.616Z","operation":"track.transition","repository":"spring-cloud/spring-cloud-vault","trackingVersion":"phase3-v1","from":"UNASSESSED","to":"DORMANT","reason":"first assessment: DORMANT because dormant:no hot or warm rule passed"}
{"ts":"2026-09-26T02:49:18.616Z","operation":"track.transition","repository":"stryker-mutator/stryker-js","trackingVersion":"phase3-v1","from":"UNASSESSED","to":"WARM","reason":"first assessment: WARM because warm:pushedWithin30d&stars>=1000"}
{"ts":"2026-09-26T02:49:18.616Z","operation":"track.transition","repository":"electron/devtron","trackingVersion":"phase3-v1","from":"UNASSESSED","to":"WARM","reason":"first assessment: WARM because warm:pushedWithin30d&stars>=1000"}
{"ts":"2026-09-26T02:49:18.616Z","operation":"track.transition","repository":"neilotoole/sq","trackingVersion":"phase3-v1","from":"UNASSESSED","to":"WARM","reason":"first assessment: WARM because warm:pushedWithin30d&stars>=1000"}
{"ts":"2026-09-26T02:49:18.616Z","operation":"track.transition","repository":"gemini-testing/testplane","trackingVersion":"phase3-v1","from":"UNASSESSED","to":"DORMANT","reason":"first assessment: DORMANT because dormant:no hot or warm rule passed"}
{"ts":"2026-09-26T02:49:18.616Z","operation":"track.transition","repository":"bitnami/charts","trackingVersion":"phase3-v1","from":"UNASSESSED","to":"WARM","reason":"first assessment: WARM because warm:pushedWithin30d&stars>=1000"}
{"ts":"2026-09-26T02:49:18.616Z","operation":"track.transition","repository":"pressly/goose","trackingVersion":"phase3-v1","from":"UNASSESSED","to":"WARM","reason":"first assessment: WARM because warm:pushedWithin30d&stars>=1000"}
{"ts":"2026-09-26T02:49:18.616Z","operation":"track.transition","repository":"dmacvicar/terraform-provider-libvirt","trackingVersion":"phase3-v1","from":"UNASSESSED","to":"WARM","reason":"first assessment: WARM because warm:pushedWithin30d&stars>=1000"}
{"ts":"2026-09-26T02:49:18.616Z","operation":"track.transition","repository":"timgit/pg-boss","trackingVersion":"phase3-v1","from":"UNASSESSED","to":"WARM","reason":"first assessment: WARM because warm:pushedWithin30d&stars>=1000"}
{"ts":"2026-09-26T02:49:18.616Z","operation":"track.transition","repository":"cloud-custodian/cloud-custodian","trackingVersion":"phase3-v1","from":"UNASSESSED","to":"WARM","reason":"first assessment: WARM because warm:pushedWithin30d&stars>=1000"}
{"ts":"2026-09-26T02:49:18.616Z","operation":"track.transition","repository":"gruntwork-io/terratest","trackingVersion":"phase3-v1","from":"UNASSESSED","to":"WARM","reason":"first assessment: WARM because warm:pushedWithin30d&stars>=1000"}
{"ts":"2026-09-26T02:49:18.616Z","operation":"track.transition","repository":"nginx/kubernetes-ingress","trackingVersion":"phase3-v1","from":"UNASSESSED","to":"WARM","reason":"first assessment: WARM because warm:pushedWithin30d&stars>=1000"}
{"ts":"2026-09-26T02:49:18.616Z","operation":"track.transition","repository":"irockel/tda","trackingVersion":"phase3-v1","from":"UNASSESSED","to":"DORMANT","reason":"first assessment: DORMANT because dormant:no hot or warm rule passed"}
{"ts":"2026-09-26T02:49:18.616Z","operation":"track.transition","repository":"camunda/camunda","trackingVersion":"phase3-v1","from":"UNASSESSED","to":"WARM","reason":"first assessment: WARM because warm:pushedWithin30d&stars>=1000"}
{"ts":"2026-09-26T02:49:18.616Z","operation":"track.transition","repository":"goadesign/examples","trackingVersion":"phase3-v1","from":"UNASSESSED","to":"DORMANT","reason":"first assessment: DORMANT because dormant:no hot or warm rule passed"}
{"ts":"2026-09-26T02:49:18.616Z","operation":"track.transition","repository":"redpanda-data/connect","trackingVersion":"phase3-v1","from":"UNASSESSED","to":"WARM","reason":"first assessment: WARM because warm:pushedWithin30d&stars>=1000"}
{"ts":"2026-09-26T02:49:18.616Z","operation":"track.transition","repository":"alexei-led/pumba","trackingVersion":"phase3-v1","from":"UNASSESSED","to":"WARM","reason":"first assessment: WARM because warm:pushedWithin30d&stars>=1000"}
{"ts":"2026-09-26T02:49:18.616Z","operation":"track.transition","repository":"future-architect/vuls","trackingVersion":"phase3-v1","from":"UNASSESSED","to":"WARM","reason":"first assessment: WARM because warm:pushedWithin30d&stars>=1000"}
{"ts":"2026-09-26T02:49:18.616Z","operation":"track.transition","repository":"javahongxi/whatsmars","trackingVersion":"phase3-v1","from":"UNASSESSED","to":"WARM","reason":"first assessment: WARM because warm:pushedWithin30d&stars>=1000"}
{"ts":"2026-09-26T02:49:18.616Z","operation":"track.transition","repository":"houko/SpringBootUnity","trackingVersion":"phase3-v1","from":"UNASSESSED","to":"DORMANT","reason":"first assessment: DORMANT because dormant:no hot or warm rule passed"}
{"ts":"2026-09-26T02:49:18.616Z","operation":"track.transition","repository":"npgsql/efcore.pg","trackingVersion":"phase3-v1","from":"UNASSESSED","to":"WARM","reason":"first assessment: WARM because warm:pushedWithin30d&stars>=1000"}
{"ts":"2026-09-26T02:49:18.616Z","operation":"track.transition","repository":"line/line-bot-sdk-java","trackingVersion":"phase3-v1","from":"UNASSESSED","to":"DORMANT","reason":"first assessment: DORMANT because dormant:no hot or warm rule passed"}
{"ts":"2026-09-26T02:49:18.616Z","operation":"track.transition","repository":"graphile/crystal","trackingVersion":"phase3-v1","from":"UNASSESSED","to":"WARM","reason":"first assessment: WARM because warm:pushedWithin30d&stars>=1000"}
{"ts":"2026-09-26T02:49:18.616Z","operation":"track.transition","repository":"verdaccio/verdaccio","trackingVersion":"phase3-v1","from":"UNASSESSED","to":"WARM","reason":"first assessment: WARM because warm:pushedWithin30d&stars>=1000"}
{"ts":"2026-09-26T02:49:18.616Z","operation":"track.transition","repository":"percona/pmm","trackingVersion":"phase3-v1","from":"UNASSESSED","to":"WARM","reason":"first assessment: WARM because warm:pushedWithin30d&stars>=1000"}
{"ts":"2026-09-26T02:49:18.616Z","operation":"track.transition","repository":"MobiVM/robovm","trackingVersion":"phase3-v1","from":"UNASSESSED","to":"WARM","reason":"first assessment: WARM because warm:pushedWithin30d&stars>=1000"}
{"ts":"2026-09-26T02:49:18.616Z","operation":"track.transition","repository":"SteeltoeOSS/Samples","trackingVersion":"phase3-v1","from":"UNASSESSED","to":"DORMANT","reason":"first assessment: DORMANT because dormant:no hot or warm rule passed"}
{"ts":"2026-09-26T02:49:18.616Z","operation":"track.transition","repository":"lasp-lang/partisan","trackingVersion":"phase3-v1","from":"UNASSESSED","to":"WARM","reason":"first assessment: WARM because warm:pushedWithin30d&stars>=1000"}
{"ts":"2026-09-26T02:49:18.616Z","operation":"track.transition","repository":"kubernetes/community","trackingVersion":"phase3-v1","from":"UNASSESSED","to":"WARM","reason":"first assessment: WARM because warm:pushedWithin30d&stars>=1000"}
{"ts":"2026-09-26T02:49:18.616Z","operation":"track.transition","repository":"RediSearch/RediSearch","trackingVersion":"phase3-v1","from":"UNASSESSED","to":"WARM","reason":"first assessment: WARM because warm:pushedWithin30d&stars>=1000"}
{"ts":"2026-09-26T02:49:18.616Z","operation":"track.transition","repository":"kubernetes/kube-state-metrics","trackingVersion":"phase3-v1","from":"UNASSESSED","to":"WARM","reason":"first assessment: WARM because warm:pushedWithin30d&stars>=1000"}
{"ts":"2026-09-26T02:49:18.616Z","operation":"track.transition","repository":"strimzi/strimzi-kafka-operator","trackingVersion":"phase3-v1","from":"UNASSESSED","to":"WARM","reason":"first assessment: WARM because warm:pushedWithin30d&stars>=1000"}
{"ts":"2026-09-26T02:49:18.616Z","operation":"track.transition","repository":"shuaibiyy/awesome-tf","trackingVersion":"phase3-v1","from":"UNASSESSED","to":"WARM","reason":"first assessment: WARM because warm:pushedWithin30d&stars>=1000"}
{"ts":"2026-09-26T02:49:18.616Z","operation":"track.transition","repository":"smallnest/rpcx","trackingVersion":"phase3-v1","from":"UNASSESSED","to":"WARM","reason":"first assessment: WARM because warm:pushedWithin30d&stars>=1000"}
{"ts":"2026-09-26T02:49:18.616Z","operation":"track.transition","repository":"openanalytics/shinyproxy","trackingVersion":"phase3-v1","from":"UNASSESSED","to":"DORMANT","reason":"first assessment: DORMANT because dormant:no hot or warm rule passed"}
{"ts":"2026-09-26T02:49:18.616Z","operation":"track.transition","repository":"express-rate-limit/rate-limit-redis","trackingVersion":"phase3-v1","from":"UNASSESSED","to":"DORMANT","reason":"first assessment: DORMANT because dormant:no hot or warm rule passed"}
{"ts":"2026-09-26T02:49:18.616Z","operation":"track.transition","repository":"zarusz/SlimMessageBus","trackingVersion":"phase3-v1","from":"UNASSESSED","to":"DORMANT","reason":"first assessment: DORMANT because dormant:no hot or warm rule passed"}
{"ts":"2026-09-26T02:49:18.616Z","operation":"track.transition","repository":"hwdsl2/docker-ipsec-vpn-server","trackingVersion":"phase3-v1","from":"UNASSESSED","to":"WARM","reason":"first assessment: WARM because warm:pushedWithin30d&stars>=1000"}
{"ts":"2026-09-26T02:49:18.616Z","operation":"track.transition","repository":"screwdriver-cd/screwdriver","trackingVersion":"phase3-v1","from":"UNASSESSED","to":"WARM","reason":"first assessment: WARM because warm:pushedWithin30d&stars>=1000"}
{"ts":"2026-09-26T02:49:18.616Z","operation":"track.transition","repository":"gruntwork-io/terragrunt","trackingVersion":"phase3-v1","from":"UNASSESSED","to":"WARM","reason":"first assessment: WARM because warm:pushedWithin30d&stars>=1000"}
{"ts":"2026-09-26T02:49:18.616Z","operation":"track.transition","repository":"PowerShellOrg/BuildHelpers","trackingVersion":"phase3-v1","from":"UNASSESSED","to":"DORMANT","reason":"first assessment: DORMANT because dormant:no hot or warm rule passed"}
{"ts":"2026-09-26T02:49:18.616Z","operation":"track.transition","repository":"aws/chalice","trackingVersion":"phase3-v1","from":"UNASSESSED","to":"WARM","reason":"first assessment: WARM because warm:pushedWithin30d&stars>=1000"}
{"ts":"2026-09-26T02:49:18.616Z","operation":"track.transition","repository":"jeboehm/docker-mailserver","trackingVersion":"phase3-v1","from":"UNASSESSED","to":"DORMANT","reason":"first assessment: DORMANT because dormant:no hot or warm rule passed"}
{"ts":"2026-09-26T02:49:18.616Z","operation":"track.transition","repository":"scality/cloudserver","trackingVersion":"phase3-v1","from":"UNASSESSED","to":"WARM","reason":"first assessment: WARM because warm:pushedWithin30d&stars>=1000"}
{"ts":"2026-09-26T02:49:18.616Z","operation":"track.transition","repository":"vespa-engine/vespa","trackingVersion":"phase3-v1","from":"UNASSESSED","to":"WARM","reason":"first assessment: WARM because warm:pushedWithin30d&stars>=1000"}
{"ts":"2026-09-26T02:49:18.616Z","operation":"track.transition","repository":"terraform-docs/terraform-docs","trackingVersion":"phase3-v1","from":"UNASSESSED","to":"WARM","reason":"first assessment: WARM because warm:pushedWithin30d&stars>=1000"}
{"ts":"2026-09-26T02:49:18.616Z","operation":"track.transition","repository":"wix/Detox","trackingVersion":"phase3-v1","from":"UNASSESSED","to":"WARM","reason":"first assessment: WARM because warm:pushedWithin30d&stars>=1000"}
{"ts":"2026-09-26T02:49:18.616Z","operation":"track.transition","repository":"RedisJSON/RedisJSON","trackingVersion":"phase3-v1","from":"UNASSESSED","to":"WARM","reason":"first assessment: WARM because warm:pushedWithin30d&stars>=1000"}
{"ts":"2026-09-26T02:49:18.616Z","operation":"track.transition","repository":"serenity-js/serenity-js","trackingVersion":"phase3-v1","from":"UNASSESSED","to":"DORMANT","reason":"first assessment: DORMANT because dormant:no hot or warm rule passed"}
{"ts":"2026-09-26T02:49:18.616Z","operation":"track.transition","repository":"prof18/RSS-Parser","trackingVersion":"phase3-v1","from":"UNASSESSED","to":"DORMANT","reason":"first assessment: DORMANT because dormant:no hot or warm rule passed"}
{"ts":"2026-09-26T02:49:18.616Z","operation":"track.transition","repository":"kubernetes/kompose","trackingVersion":"phase3-v1","from":"UNASSESSED","to":"WARM","reason":"first assessment: WARM because warm:pushedWithin30d&stars>=1000"}
{"ts":"2026-09-26T02:49:18.616Z","operation":"track.transition","repository":"kubernetes/kops","trackingVersion":"phase3-v1","from":"UNASSESSED","to":"WARM","reason":"first assessment: WARM because warm:pushedWithin30d&stars>=1000"}
{"ts":"2026-09-26T02:49:18.616Z","operation":"track.transition","repository":"ThreeMammals/Ocelot","trackingVersion":"phase3-v1","from":"UNASSESSED","to":"WARM","reason":"first assessment: WARM because warm:pushedWithin30d&stars>=1000"}
{"ts":"2026-09-26T02:49:18.616Z","operation":"track.transition","repository":"authorjapps/zerocode","trackingVersion":"phase3-v1","from":"UNASSESSED","to":"WARM","reason":"first assessment: WARM because warm:pushedWithin30d&stars>=1000"}
{"ts":"2026-09-26T02:49:18.616Z","operation":"track.transition","repository":"rook/rook","trackingVersion":"phase3-v1","from":"UNASSESSED","to":"WARM","reason":"first assessment: WARM because warm:pushedWithin30d&stars>=1000"}
{"ts":"2026-09-26T02:49:18.616Z","operation":"track.transition","repository":"monitoringartist/grafana-aws-cloudwatch-dashboards","trackingVersion":"phase3-v1","from":"UNASSESSED","to":"WARM","reason":"first assessment: WARM because warm:pushedWithin30d&stars>=1000"}
{"ts":"2026-09-26T02:49:18.616Z","operation":"track.transition","repository":"wodby/docker4drupal","trackingVersion":"phase3-v1","from":"UNASSESSED","to":"WARM","reason":"first assessment: WARM because warm:pushedWithin30d&stars>=1000"}
{"ts":"2026-09-26T02:49:18.616Z","operation":"track.transition","repository":"dadhi/FastExpressionCompiler","trackingVersion":"phase3-v1","from":"UNASSESSED","to":"WARM","reason":"first assessment: WARM because warm:pushedWithin30d&stars>=1000"}
{"ts":"2026-09-26T02:49:18.616Z","operation":"track.transition","repository":"mmhelloworld/idris-jvm","trackingVersion":"phase3-v1","from":"UNASSESSED","to":"DORMANT","reason":"first assessment: DORMANT because dormant:no hot or warm rule passed"}
{"ts":"2026-09-26T02:49:18.616Z","operation":"track.transition","repository":"securego/gosec","trackingVersion":"phase3-v1","from":"UNASSESSED","to":"WARM","reason":"first assessment: WARM because warm:pushedWithin30d&stars>=1000"}
{"ts":"2026-09-26T02:49:18.616Z","operation":"track.transition","repository":"MagicStack/asyncpg","trackingVersion":"phase3-v1","from":"UNASSESSED","to":"WARM","reason":"first assessment: WARM because warm:pushedWithin30d&stars>=1000"}
{"ts":"2026-09-26T02:49:18.616Z","operation":"track.transition","repository":"google/oss-fuzz","trackingVersion":"phase3-v1","from":"UNASSESSED","to":"WARM","reason":"first assessment: WARM because warm:pushedWithin30d&stars>=1000"}
{"ts":"2026-09-26T02:49:18.616Z","operation":"track.transition","repository":"projectcalico/calico","trackingVersion":"phase3-v1","from":"UNASSESSED","to":"WARM","reason":"first assessment: WARM because warm:pushedWithin30d&stars>=1000"}
{"ts":"2026-09-26T02:49:18.616Z","operation":"track.transition","repository":"citrix/terraform-provider-citrixadc","trackingVersion":"phase3-v1","from":"UNASSESSED","to":"DORMANT","reason":"first assessment: DORMANT because dormant:no hot or warm rule passed"}
{"ts":"2026-09-26T02:49:18.616Z","operation":"track.transition","repository":"openebs/openebs","trackingVersion":"phase3-v1","from":"UNASSESSED","to":"WARM","reason":"first assessment: WARM because warm:pushedWithin30d&stars>=1000"}
{"ts":"2026-09-26T02:49:18.616Z","operation":"track.transition","repository":"lightgbm-org/LightGBM","trackingVersion":"phase3-v1","from":"UNASSESSED","to":"WARM","reason":"first assessment: WARM because warm:pushedWithin30d&stars>=1000"}
{"ts":"2026-09-26T02:49:18.616Z","operation":"track.transition","repository":"SquirrelJME/SquirrelJME","trackingVersion":"phase3-v1","from":"UNASSESSED","to":"DORMANT","reason":"first assessment: DORMANT because dormant:no hot or warm rule passed"}
{"ts":"2026-09-26T02:49:18.616Z","operation":"track.transition","repository":"goq/telegram-list","trackingVersion":"phase3-v1","from":"UNASSESSED","to":"WARM","reason":"first assessment: WARM because warm:pushedWithin30d&stars>=1000"}
{"ts":"2026-09-26T02:49:18.616Z","operation":"track.transition","repository":"spring-projects/spring-tools","trackingVersion":"phase3-v1","from":"UNASSESSED","to":"DORMANT","reason":"first assessment: DORMANT because dormant:no hot or warm rule passed"}
{"ts":"2026-09-26T02:49:18.616Z","operation":"track.transition","repository":"awsdocs/aws-doc-sdk-examples","trackingVersion":"phase3-v1","from":"UNASSESSED","to":"WARM","reason":"first assessment: WARM because warm:pushedWithin30d&stars>=1000"}
{"ts":"2026-09-26T02:49:18.616Z","operation":"track.transition","repository":"fission/fission","trackingVersion":"phase3-v1","from":"UNASSESSED","to":"WARM","reason":"first assessment: WARM because warm:pushedWithin30d&stars>=1000"}
{"ts":"2026-09-26T02:49:18.616Z","operation":"track.transition","repository":"lensesio/fast-data-dev","trackingVersion":"phase3-v1","from":"UNASSESSED","to":"WARM","reason":"first assessment: WARM because warm:pushedWithin30d&stars>=1000"}
{"ts":"2026-09-26T02:49:18.616Z","operation":"track.transition","repository":"yennanliu/CS_basics","trackingVersion":"phase3-v1","from":"UNASSESSED","to":"DORMANT","reason":"first assessment: DORMANT because dormant:no hot or warm rule passed"}
{"ts":"2026-09-26T02:49:18.616Z","operation":"track.transition","repository":"wodby/docker4wordpress","trackingVersion":"phase3-v1","from":"UNASSESSED","to":"DORMANT","reason":"first assessment: DORMANT because dormant:no hot or warm rule passed"}
{"ts":"2026-09-26T02:49:18.616Z","operation":"track.transition","repository":"AlexStocks/getty","trackingVersion":"phase3-v1","from":"UNASSESSED","to":"DORMANT","reason":"first assessment: DORMANT because dormant:no hot or warm rule passed"}
{"ts":"2026-09-26T02:49:18.616Z","operation":"track.transition","repository":"nytimes/drone-gke","trackingVersion":"phase3-v1","from":"UNASSESSED","to":"DORMANT","reason":"first assessment: DORMANT because dormant:no hot or warm rule passed"}
{"ts":"2026-09-26T02:49:18.616Z","operation":"track.transition","repository":"nicolaka/netshoot","trackingVersion":"phase3-v1","from":"UNASSESSED","to":"WARM","reason":"first assessment: WARM because warm:pushedWithin30d&stars>=1000"}
{"ts":"2026-09-26T02:49:18.616Z","operation":"track.transition","repository":"prowler-cloud/prowler","trackingVersion":"phase3-v1","from":"UNASSESSED","to":"WARM","reason":"first assessment: WARM because warm:pushedWithin30d&stars>=1000"}
{"ts":"2026-09-26T02:49:18.616Z","operation":"track.transition","repository":"chrislusf/gleam","trackingVersion":"phase3-v1","from":"UNASSESSED","to":"WARM","reason":"first assessment: WARM because warm:pushedWithin30d&stars>=1000"}
{"ts":"2026-09-26T02:49:18.616Z","operation":"track.transition","repository":"dhis2/dhis2-core","trackingVersion":"phase3-v1","from":"UNASSESSED","to":"DORMANT","reason":"first assessment: DORMANT because dormant:no hot or warm rule passed"}
{"ts":"2026-09-26T02:49:18.616Z","operation":"track.transition","repository":"kulshekhar/ts-jest","trackingVersion":"phase3-v1","from":"UNASSESSED","to":"WARM","reason":"first assessment: WARM because warm:pushedWithin30d&stars>=1000"}
{"ts":"2026-09-26T02:49:18.616Z","operation":"track.transition","repository":"DNSControl/dnscontrol","trackingVersion":"phase3-v1","from":"UNASSESSED","to":"WARM","reason":"first assessment: WARM because warm:pushedWithin30d&stars>=1000"}
{"ts":"2026-09-26T02:49:18.616Z","operation":"track.transition","repository":"jchavanton/voip_patrol","trackingVersion":"phase3-v1","from":"UNASSESSED","to":"DORMANT","reason":"first assessment: DORMANT because dormant:no hot or warm rule passed"}
{"ts":"2026-09-26T02:49:18.616Z","operation":"track.transition","repository":"nndl/nndl","trackingVersion":"phase3-v1","from":"UNASSESSED","to":"WARM","reason":"first assessment: WARM because warm:pushedWithin30d&stars>=1000"}
{"ts":"2026-09-26T02:49:18.616Z","operation":"track.transition","repository":"DataDog/dd-trace-go","trackingVersion":"phase3-v1","from":"UNASSESSED","to":"DORMANT","reason":"first assessment: DORMANT because dormant:no hot or warm rule passed"}
{"ts":"2026-09-26T02:49:18.616Z","operation":"track.transition","repository":"hashicorp/vscode-terraform","trackingVersion":"phase3-v1","from":"UNASSESSED","to":"DORMANT","reason":"first assessment: DORMANT because dormant:no hot or warm rule passed"}
{"ts":"2026-09-26T02:49:18.616Z","operation":"track.transition","repository":"networknt/light-4j","trackingVersion":"phase3-v1","from":"UNASSESSED","to":"WARM","reason":"first assessment: WARM because warm:pushedWithin30d&stars>=1000"}
{"ts":"2026-09-26T02:49:18.616Z","operation":"track.transition","repository":"spring-projects/spring-vault","trackingVersion":"phase3-v1","from":"UNASSESSED","to":"DORMANT","reason":"first assessment: DORMANT because dormant:no hot or warm rule passed"}
{"ts":"2026-09-26T02:49:18.616Z","operation":"track.transition","repository":"tox-dev/tox","trackingVersion":"phase3-v1","from":"UNASSESSED","to":"WARM","reason":"first assessment: WARM because warm:pushedWithin30d&stars>=1000"}
{"ts":"2026-09-26T02:49:18.616Z","operation":"track.transition","repository":"prometheus-operator/prometheus-operator","trackingVersion":"phase3-v1","from":"UNASSESSED","to":"WARM","reason":"first assessment: WARM because warm:pushedWithin30d&stars>=1000"}
{"ts":"2026-09-26T02:49:18.616Z","operation":"track.transition","repository":"nukeop/nuclear","trackingVersion":"phase3-v1","from":"UNASSESSED","to":"WARM","reason":"first assessment: WARM because warm:starsPerDay7d>=8, warm:pushedWithin30d&stars>=1000"}
{"ts":"2026-09-26T02:49:18.616Z","operation":"track.transition","repository":"antonbabenko/pre-commit-terraform","trackingVersion":"phase3-v1","from":"UNASSESSED","to":"WARM","reason":"first assessment: WARM because warm:pushedWithin30d&stars>=1000"}
{"ts":"2026-09-26T02:49:18.616Z","operation":"track.transition","repository":"aws/serverless-application-model","trackingVersion":"phase3-v1","from":"UNASSESSED","to":"WARM","reason":"first assessment: WARM because warm:pushedWithin30d&stars>=1000"}
{"ts":"2026-09-26T02:49:18.616Z","operation":"track.transition","repository":"ovh/cds","trackingVersion":"phase3-v1","from":"UNASSESSED","to":"WARM","reason":"first assessment: WARM because warm:pushedWithin30d&stars>=1000"}
{"ts":"2026-09-26T02:49:18.616Z","operation":"track.transition","repository":"apache/tvm","trackingVersion":"phase3-v1","from":"UNASSESSED","to":"WARM","reason":"first assessment: WARM because warm:pushedWithin30d&stars>=1000"}
{"ts":"2026-09-26T02:49:18.616Z","operation":"track.transition","repository":"flowable/flowable-engine","trackingVersion":"phase3-v1","from":"UNASSESSED","to":"WARM","reason":"first assessment: WARM because warm:pushedWithin30d&stars>=1000"}
{"ts":"2026-09-26T02:49:18.616Z","operation":"track.transition","repository":"terraform-linters/tflint","trackingVersion":"phase3-v1","from":"UNASSESSED","to":"WARM","reason":"first assessment: WARM because warm:pushedWithin30d&stars>=1000"}
{"ts":"2026-09-26T02:49:18.616Z","operation":"track.transition","repository":"kubernetes-client/python","trackingVersion":"phase3-v1","from":"UNASSESSED","to":"WARM","reason":"first assessment: WARM because warm:pushedWithin30d&stars>=1000"}
{"ts":"2026-09-26T02:49:18.616Z","operation":"track.transition","repository":"oracle/terraform-provider-oci","trackingVersion":"phase3-v1","from":"UNASSESSED","to":"DORMANT","reason":"first assessment: DORMANT because dormant:no hot or warm rule passed"}
{"ts":"2026-09-26T02:49:18.616Z","operation":"track.transition","repository":"luraproject/lura","trackingVersion":"phase3-v1","from":"UNASSESSED","to":"WARM","reason":"first assessment: WARM because warm:pushedWithin30d&stars>=1000"}
{"ts":"2026-09-26T02:49:18.616Z","operation":"track.transition","repository":"cncf/landscape","trackingVersion":"phase3-v1","from":"UNASSESSED","to":"WARM","reason":"first assessment: WARM because warm:pushedWithin30d&stars>=1000"}
{"ts":"2026-09-26T02:49:18.616Z","operation":"track.transition","repository":"flipt-io/flipt","trackingVersion":"phase3-v1","from":"UNASSESSED","to":"WARM","reason":"first assessment: WARM because warm:pushedWithin30d&stars>=1000"}
{"ts":"2026-09-26T02:49:18.616Z","operation":"track.transition","repository":"google/mobly","trackingVersion":"phase3-v1","from":"UNASSESSED","to":"DORMANT","reason":"first assessment: DORMANT because dormant:no hot or warm rule passed"}
{"ts":"2026-09-26T02:49:18.616Z","operation":"track.transition","repository":"pytorch/vision","trackingVersion":"phase3-v1","from":"UNASSESSED","to":"WARM","reason":"first assessment: WARM because warm:pushedWithin30d&stars>=1000"}
{"ts":"2026-09-26T02:49:18.616Z","operation":"track.transition","repository":"spring-petclinic/spring-petclinic-microservices","trackingVersion":"phase3-v1","from":"UNASSESSED","to":"WARM","reason":"first assessment: WARM because warm:pushedWithin30d&stars>=1000"}
{"ts":"2026-09-26T02:49:18.616Z","operation":"track.transition","repository":"spring-petclinic/spring-framework-petclinic","trackingVersion":"phase3-v1","from":"UNASSESSED","to":"DORMANT","reason":"first assessment: DORMANT because dormant:no hot or warm rule passed"}
{"ts":"2026-09-26T02:49:18.616Z","operation":"track.transition","repository":"spring-cloud/spring-cloud-gateway","trackingVersion":"phase3-v1","from":"UNASSESSED","to":"WARM","reason":"first assessment: WARM because warm:pushedWithin30d&stars>=1000"}
{"ts":"2026-09-26T02:49:18.616Z","operation":"track.transition","repository":"spring-petclinic/spring-petclinic-rest","trackingVersion":"phase3-v1","from":"UNASSESSED","to":"DORMANT","reason":"first assessment: DORMANT because dormant:no hot or warm rule passed"}
{"ts":"2026-09-26T02:49:18.616Z","operation":"track.transition","repository":"prest/prest","trackingVersion":"phase3-v1","from":"UNASSESSED","to":"WARM","reason":"first assessment: WARM because warm:pushedWithin30d&stars>=1000"}
{"ts":"2026-09-26T02:49:18.616Z","operation":"track.transition","repository":"cypress-io/cypress-example-recipes","trackingVersion":"phase3-v1","from":"UNASSESSED","to":"WARM","reason":"first assessment: WARM because warm:pushedWithin30d&stars>=1000"}
{"ts":"2026-09-26T02:49:18.616Z","operation":"track.transition","repository":"isl-org/Open3D","trackingVersion":"phase3-v1","from":"UNASSESSED","to":"WARM","reason":"first assessment: WARM because warm:pushedWithin30d&stars>=1000"}
{"ts":"2026-09-26T02:49:18.616Z","operation":"track.transition","repository":"aws/serverless-java-container","trackingVersion":"phase3-v1","from":"UNASSESSED","to":"WARM","reason":"first assessment: WARM because warm:pushedWithin30d&stars>=1000"}
{"ts":"2026-09-26T02:49:18.616Z","operation":"track.transition","repository":"conduktor/kafka-stack-docker-compose","trackingVersion":"phase3-v1","from":"UNASSESSED","to":"WARM","reason":"first assessment: WARM because warm:pushedWithin30d&stars>=1000"}
{"ts":"2026-09-26T02:49:18.616Z","operation":"track.transition","repository":"apollographql/apollo-client-devtools","trackingVersion":"phase3-v1","from":"UNASSESSED","to":"WARM","reason":"first assessment: WARM because warm:pushedWithin30d&stars>=1000"}
{"ts":"2026-09-26T02:49:18.616Z","operation":"track.transition","repository":"spring-cloud/spring-cloud-kubernetes","trackingVersion":"phase3-v1","from":"UNASSESSED","to":"WARM","reason":"first assessment: WARM because warm:pushedWithin30d&stars>=1000"}
{"ts":"2026-09-26T02:49:18.616Z","operation":"track.transition","repository":"mtxr/vscode-sqltools","trackingVersion":"phase3-v1","from":"UNASSESSED","to":"WARM","reason":"first assessment: WARM because warm:pushedWithin30d&stars>=1000"}
{"ts":"2026-09-26T02:49:18.616Z","operation":"track.transition","repository":"budtmo/docker-android","trackingVersion":"phase3-v1","from":"UNASSESSED","to":"WARM","reason":"first assessment: WARM because warm:pushedWithin30d&stars>=1000"}
{"ts":"2026-09-26T02:49:18.616Z","operation":"track.transition","repository":"SigmaHQ/sigma","trackingVersion":"phase3-v1","from":"UNASSESSED","to":"WARM","reason":"first assessment: WARM because warm:pushedWithin30d&stars>=1000"}
{"ts":"2026-09-26T02:49:18.616Z","operation":"track.transition","repository":"polyaxon/polyaxon","trackingVersion":"phase3-v1","from":"UNASSESSED","to":"WARM","reason":"first assessment: WARM because warm:pushedWithin30d&stars>=1000"}
{"ts":"2026-09-26T02:49:18.616Z","operation":"track.transition","repository":"php-enqueue/enqueue-dev","trackingVersion":"phase3-v1","from":"UNASSESSED","to":"WARM","reason":"first assessment: WARM because warm:pushedWithin30d&stars>=1000"}
{"ts":"2026-09-26T02:49:18.616Z","operation":"track.transition","repository":"grpc-ecosystem/grpc-spring","trackingVersion":"phase3-v1","from":"UNASSESSED","to":"WARM","reason":"first assessment: WARM because warm:pushedWithin30d&stars>=1000"}
{"ts":"2026-09-26T02:49:18.617Z","operation":"track.transition","repository":"korlibs/korge","trackingVersion":"phase3-v1","from":"UNASSESSED","to":"WARM","reason":"first assessment: WARM because warm:pushedWithin30d&stars>=1000"}
{"ts":"2026-09-26T02:49:18.617Z","operation":"track.transition","repository":"qazbnm456/awesome-web-security","trackingVersion":"phase3-v1","from":"UNASSESSED","to":"WARM","reason":"first assessment: WARM because warm:pushedWithin30d&stars>=1000"}
{"ts":"2026-09-26T02:49:18.617Z","operation":"track.transition","repository":"apache/ratis","trackingVersion":"phase3-v1","from":"UNASSESSED","to":"WARM","reason":"first assessment: WARM because warm:pushedWithin30d&stars>=1000"}
{"ts":"2026-09-26T02:49:18.617Z","operation":"track.transition","repository":"Erudika/scoold","trackingVersion":"phase3-v1","from":"UNASSESSED","to":"DORMANT","reason":"first assessment: DORMANT because dormant:no hot or warm rule passed"}
{"ts":"2026-09-26T02:49:18.617Z","operation":"track.transition","repository":"smartloli/EFAK","trackingVersion":"phase3-v1","from":"UNASSESSED","to":"WARM","reason":"first assessment: WARM because warm:pushedWithin30d&stars>=1000"}
{"ts":"2026-09-26T02:49:18.617Z","operation":"track.transition","repository":"karatelabs/karate","trackingVersion":"phase3-v1","from":"UNASSESSED","to":"WARM","reason":"first assessment: WARM because warm:pushedWithin30d&stars>=1000"}
{"ts":"2026-09-26T02:49:18.617Z","operation":"track.transition","repository":"graphql-java-kickstart/graphql-java-tools","trackingVersion":"phase3-v1","from":"UNASSESSED","to":"DORMANT","reason":"first assessment: DORMANT because dormant:no hot or warm rule passed"}
{"ts":"2026-09-26T02:49:18.617Z","operation":"track.transition","repository":"kubernetes-sigs/external-dns","trackingVersion":"phase3-v1","from":"UNASSESSED","to":"WARM","reason":"first assessment: WARM because warm:pushedWithin30d&stars>=1000"}
{"ts":"2026-09-26T02:49:18.617Z","operation":"track.transition","repository":"ritchieng/the-incredible-pytorch","trackingVersion":"phase3-v1","from":"UNASSESSED","to":"WARM","reason":"first assessment: WARM because warm:pushedWithin30d&stars>=1000"}
{"ts":"2026-09-26T02:49:18.617Z","operation":"track.transition","repository":"kousen/spring-and-spring-boot","trackingVersion":"phase3-v1","from":"UNASSESSED","to":"DORMANT","reason":"first assessment: DORMANT because dormant:no hot or warm rule passed"}
{"ts":"2026-09-26T02:49:18.617Z","operation":"track.transition","repository":"MicrosoftDocs/architecture-center","trackingVersion":"phase3-v1","from":"UNASSESSED","to":"WARM","reason":"first assessment: WARM because warm:pushedWithin30d&stars>=1000"}
{"ts":"2026-09-26T02:49:18.617Z","operation":"track.transition","repository":"spring-projects/spring-data-relational","trackingVersion":"phase3-v1","from":"UNASSESSED","to":"DORMANT","reason":"first assessment: DORMANT because dormant:no hot or warm rule passed"}
{"ts":"2026-09-26T02:49:18.617Z","operation":"track.transition","repository":"arkenfox/user.js","trackingVersion":"phase3-v1","from":"UNASSESSED","to":"WARM","reason":"first assessment: WARM because warm:pushedWithin30d&stars>=1000"}
{"ts":"2026-09-26T02:49:18.617Z","operation":"track.transition","repository":"moleculerjs/moleculer","trackingVersion":"phase3-v1","from":"UNASSESSED","to":"WARM","reason":"first assessment: WARM because warm:pushedWithin30d&stars>=1000"}
{"ts":"2026-09-26T02:49:18.617Z","operation":"track.transition","repository":"pgadmin-org/pgadmin4","trackingVersion":"phase3-v1","from":"UNASSESSED","to":"WARM","reason":"first assessment: WARM because warm:pushedWithin30d&stars>=1000"}
{"ts":"2026-09-26T02:49:18.617Z","operation":"track.transition","repository":"rabbitmq/ra","trackingVersion":"phase3-v1","from":"UNASSESSED","to":"DORMANT","reason":"first assessment: DORMANT because dormant:no hot or warm rule passed"}
{"ts":"2026-09-26T02:49:18.617Z","operation":"track.transition","repository":"bonigarcia/mastering-junit5","trackingVersion":"phase3-v1","from":"UNASSESSED","to":"DORMANT","reason":"first assessment: DORMANT because dormant:no hot or warm rule passed"}
{"ts":"2026-09-26T02:49:18.617Z","operation":"track.transition","repository":"sensu/sensu-go","trackingVersion":"phase3-v1","from":"UNASSESSED","to":"WARM","reason":"first assessment: WARM because warm:pushedWithin30d&stars>=1000"}
{"ts":"2026-09-26T02:49:18.617Z","operation":"track.transition","repository":"CrunchyData/postgres-operator","trackingVersion":"phase3-v1","from":"UNASSESSED","to":"WARM","reason":"first assessment: WARM because warm:pushedWithin30d&stars>=1000"}
{"ts":"2026-09-26T02:49:18.617Z","operation":"track.transition","repository":"bharathgs/Awesome-pytorch-list","trackingVersion":"phase3-v1","from":"UNASSESSED","to":"WARM","reason":"first assessment: WARM because warm:pushedWithin30d&stars>=1000"}
{"ts":"2026-09-26T02:49:18.617Z","operation":"track.transition","repository":"xo/usql","trackingVersion":"phase3-v1","from":"UNASSESSED","to":"WARM","reason":"first assessment: WARM because warm:pushedWithin30d&stars>=1000"}
{"ts":"2026-09-26T02:49:18.617Z","operation":"track.transition","repository":"LawnchairLauncher/lawnchair","trackingVersion":"phase3-v1","from":"UNASSESSED","to":"WARM","reason":"first assessment: WARM because warm:pushedWithin30d&stars>=1000"}
{"ts":"2026-09-26T02:49:18.617Z","operation":"track.transition","repository":"dsherret/ts-morph","trackingVersion":"phase3-v1","from":"UNASSESSED","to":"WARM","reason":"first assessment: WARM because warm:pushedWithin30d&stars>=1000"}
{"ts":"2026-09-26T02:49:18.617Z","operation":"track.transition","repository":"treeverse/dvc","trackingVersion":"phase3-v1","from":"UNASSESSED","to":"WARM","reason":"first assessment: WARM because warm:pushedWithin30d&stars>=1000"}
{"ts":"2026-09-26T02:49:18.617Z","operation":"track.transition","repository":"kubernetes-sigs/aws-load-balancer-controller","trackingVersion":"phase3-v1","from":"UNASSESSED","to":"WARM","reason":"first assessment: WARM because warm:pushedWithin30d&stars>=1000"}
{"ts":"2026-09-26T02:49:18.617Z","operation":"track.transition","repository":"litmuschaos/litmus","trackingVersion":"phase3-v1","from":"UNASSESSED","to":"WARM","reason":"first assessment: WARM because warm:pushedWithin30d&stars>=1000"}
{"ts":"2026-09-26T02:49:18.617Z","operation":"track.transition","repository":"testcontainers/testcontainers-python","trackingVersion":"phase3-v1","from":"UNASSESSED","to":"WARM","reason":"first assessment: WARM because warm:pushedWithin30d&stars>=1000"}
{"ts":"2026-09-26T02:49:18.617Z","operation":"track.transition","repository":"wandb/wandb","trackingVersion":"phase3-v1","from":"UNASSESSED","to":"WARM","reason":"first assessment: WARM because warm:pushedWithin30d&stars>=1000"}
{"ts":"2026-09-26T02:49:18.617Z","operation":"track.transition","repository":"gajus/slonik","trackingVersion":"phase3-v1","from":"UNASSESSED","to":"WARM","reason":"first assessment: WARM because warm:pushedWithin30d&stars>=1000"}
{"ts":"2026-09-26T02:49:18.617Z","operation":"track.transition","repository":"alexcasalboni/aws-lambda-power-tuning","trackingVersion":"phase3-v1","from":"UNASSESSED","to":"WARM","reason":"first assessment: WARM because warm:pushedWithin30d&stars>=1000"}
{"ts":"2026-09-26T02:49:18.617Z","operation":"track.transition","repository":"lovoo/goka","trackingVersion":"phase3-v1","from":"UNASSESSED","to":"WARM","reason":"first assessment: WARM because warm:pushedWithin30d&stars>=1000"}
{"ts":"2026-09-26T02:49:18.617Z","operation":"track.transition","repository":"emissary-ingress/emissary","trackingVersion":"phase3-v1","from":"UNASSESSED","to":"WARM","reason":"first assessment: WARM because warm:pushedWithin30d&stars>=1000"}
{"ts":"2026-09-26T02:49:18.617Z","operation":"track.transition","repository":"halfrost/Halfrost-Field","trackingVersion":"phase3-v1","from":"UNASSESSED","to":"WARM","reason":"first assessment: WARM because warm:pushedWithin30d&stars>=1000"}
{"ts":"2026-09-26T02:49:18.617Z","operation":"track.transition","repository":"terraform-compliance/cli","trackingVersion":"phase3-v1","from":"UNASSESSED","to":"WARM","reason":"first assessment: WARM because warm:pushedWithin30d&stars>=1000"}
{"ts":"2026-09-26T02:49:18.617Z","operation":"track.transition","repository":"javalin/javalin","trackingVersion":"phase3-v1","from":"UNASSESSED","to":"WARM","reason":"first assessment: WARM because warm:pushedWithin30d&stars>=1000"}
{"ts":"2026-09-26T02:49:18.617Z","operation":"track.transition","repository":"x90skysn3k/brutespray","trackingVersion":"phase3-v1","from":"UNASSESSED","to":"WARM","reason":"first assessment: WARM because warm:pushedWithin30d&stars>=1000"}
{"ts":"2026-09-26T02:49:18.617Z","operation":"track.transition","repository":"codecentric/chaos-monkey-spring-boot","trackingVersion":"phase3-v1","from":"UNASSESSED","to":"DORMANT","reason":"first assessment: DORMANT because dormant:no hot or warm rule passed"}
{"ts":"2026-09-26T02:49:18.617Z","operation":"track.transition","repository":"vulhub/vulhub","trackingVersion":"phase3-v1","from":"UNASSESSED","to":"WARM","reason":"first assessment: WARM because warm:pushedWithin30d&stars>=1000"}
{"ts":"2026-09-26T02:49:18.617Z","operation":"track.transition","repository":"micrometer-metrics/micrometer","trackingVersion":"phase3-v1","from":"UNASSESSED","to":"WARM","reason":"first assessment: WARM because warm:pushedWithin30d&stars>=1000"}
{"ts":"2026-09-26T02:49:18.617Z","operation":"track.transition","repository":"longhorn/longhorn","trackingVersion":"phase3-v1","from":"UNASSESSED","to":"WARM","reason":"first assessment: WARM because warm:pushedWithin30d&stars>=1000"}
{"ts":"2026-09-26T02:49:18.617Z","operation":"track.transition","repository":"gavlyukovskiy/spring-boot-data-source-decorator","trackingVersion":"phase3-v1","from":"UNASSESSED","to":"WARM","reason":"first assessment: WARM because warm:pushedWithin30d&stars>=1000"}
{"ts":"2026-09-26T02:49:18.617Z","operation":"track.transition","repository":"netbox-community/netbox-docker","trackingVersion":"phase3-v1","from":"UNASSESSED","to":"WARM","reason":"first assessment: WARM because warm:pushedWithin30d&stars>=1000"}
{"ts":"2026-09-26T02:49:18.617Z","operation":"track.transition","repository":"garylab/dnmp","trackingVersion":"phase3-v1","from":"UNASSESSED","to":"WARM","reason":"first assessment: WARM because warm:pushedWithin30d&stars>=1000"}
{"ts":"2026-09-26T02:49:18.617Z","operation":"track.transition","repository":"vaporz/turbo","trackingVersion":"phase3-v1","from":"UNASSESSED","to":"DORMANT","reason":"first assessment: DORMANT because dormant:no hot or warm rule passed"}
{"ts":"2026-09-26T02:49:18.617Z","operation":"track.transition","repository":"zendesk/racecar","trackingVersion":"phase3-v1","from":"UNASSESSED","to":"DORMANT","reason":"first assessment: DORMANT because dormant:no hot or warm rule passed"}
{"ts":"2026-09-26T02:49:18.617Z","operation":"track.transition","repository":"typegoose/mongodb-memory-server","trackingVersion":"phase3-v1","from":"UNASSESSED","to":"WARM","reason":"first assessment: WARM because warm:pushedWithin30d&stars>=1000"}
{"ts":"2026-09-26T02:49:18.617Z","operation":"track.transition","repository":"zalando/postgres-operator","trackingVersion":"phase3-v1","from":"UNASSESSED","to":"WARM","reason":"first assessment: WARM because warm:pushedWithin30d&stars>=1000"}
{"ts":"2026-09-26T02:49:18.617Z","operation":"track.transition","repository":"OWASP/wstg","trackingVersion":"phase3-v1","from":"UNASSESSED","to":"WARM","reason":"first assessment: WARM because warm:pushedWithin30d&stars>=1000"}
{"ts":"2026-09-26T02:49:18.617Z","operation":"track.transition","repository":"scalalandio/chimney","trackingVersion":"phase3-v1","from":"UNASSESSED","to":"WARM","reason":"first assessment: WARM because warm:pushedWithin30d&stars>=1000"}
{"ts":"2026-09-26T02:49:18.617Z","operation":"track.transition","repository":"aws/aws-sam-cli","trackingVersion":"phase3-v1","from":"UNASSESSED","to":"WARM","reason":"first assessment: WARM because warm:pushedWithin30d&stars>=1000"}
{"ts":"2026-09-26T02:49:18.617Z","operation":"track.transition","repository":"cert-manager/cert-manager","trackingVersion":"phase3-v1","from":"UNASSESSED","to":"WARM","reason":"first assessment: WARM because warm:pushedWithin30d&stars>=1000"}
{"ts":"2026-09-26T02:49:18.617Z","operation":"track.transition","repository":"canonical/dqlite","trackingVersion":"phase3-v1","from":"UNASSESSED","to":"WARM","reason":"first assessment: WARM because warm:pushedWithin30d&stars>=1000"}
{"ts":"2026-09-26T02:49:18.617Z","operation":"track.transition","repository":"bitnami/sealed-secrets","trackingVersion":"phase3-v1","from":"UNASSESSED","to":"WARM","reason":"first assessment: WARM because warm:pushedWithin30d&stars>=1000"}
{"ts":"2026-09-26T02:49:18.617Z","operation":"track.transition","repository":"moby/buildkit","trackingVersion":"phase3-v1","from":"UNASSESSED","to":"WARM","reason":"first assessment: WARM because warm:pushedWithin30d&stars>=1000"}
{"ts":"2026-09-26T02:49:18.617Z","operation":"track.transition","repository":"hashicorp/terraform-provider-aws","trackingVersion":"phase3-v1","from":"UNASSESSED","to":"WARM","reason":"first assessment: WARM because warm:pushedWithin30d&stars>=1000"}
{"ts":"2026-09-26T02:49:18.617Z","operation":"track.transition","repository":"vmware/terraform-provider-vsphere","trackingVersion":"phase3-v1","from":"UNASSESSED","to":"DORMANT","reason":"first assessment: DORMANT because dormant:no hot or warm rule passed"}
{"ts":"2026-09-26T02:49:18.617Z","operation":"track.transition","repository":"hashicorp/terraform-provider-azurerm","trackingVersion":"phase3-v1","from":"UNASSESSED","to":"WARM","reason":"first assessment: WARM because warm:pushedWithin30d&stars>=1000"}
{"ts":"2026-09-26T02:49:18.617Z","operation":"track.transition","repository":"ovh/terraform-provider-ovh","trackingVersion":"phase3-v1","from":"UNASSESSED","to":"DORMANT","reason":"first assessment: DORMANT because dormant:no hot or warm rule passed"}
{"ts":"2026-09-26T02:49:18.617Z","operation":"track.transition","repository":"hashicorp/terraform-provider-google","trackingVersion":"phase3-v1","from":"UNASSESSED","to":"WARM","reason":"first assessment: WARM because warm:pushedWithin30d&stars>=1000"}
{"ts":"2026-09-26T02:49:18.617Z","operation":"track.transition","repository":"aliyun/terraform-provider-alicloud","trackingVersion":"phase3-v1","from":"UNASSESSED","to":"DORMANT","reason":"first assessment: DORMANT because dormant:no hot or warm rule passed"}
{"ts":"2026-09-26T02:49:18.617Z","operation":"track.transition","repository":"digitalocean/terraform-provider-digitalocean","trackingVersion":"phase3-v1","from":"UNASSESSED","to":"DORMANT","reason":"first assessment: DORMANT because dormant:no hot or warm rule passed"}
{"ts":"2026-09-26T02:49:18.617Z","operation":"track.transition","repository":"integrations/terraform-provider-github","trackingVersion":"phase3-v1","from":"UNASSESSED","to":"WARM","reason":"first assessment: WARM because warm:pushedWithin30d&stars>=1000"}
{"ts":"2026-09-26T02:49:18.617Z","operation":"track.transition","repository":"cloudflare/terraform-provider-cloudflare","trackingVersion":"phase3-v1","from":"UNASSESSED","to":"WARM","reason":"first assessment: WARM because warm:pushedWithin30d&stars>=1000"}
{"ts":"2026-09-26T02:49:18.617Z","operation":"track.transition","repository":"hashicorp/terraform-provider-kubernetes","trackingVersion":"phase3-v1","from":"UNASSESSED","to":"WARM","reason":"first assessment: WARM because warm:pushedWithin30d&stars>=1000"}
{"ts":"2026-09-26T02:49:18.617Z","operation":"track.transition","repository":"scality/Zenko","trackingVersion":"phase3-v1","from":"UNASSESSED","to":"DORMANT","reason":"first assessment: DORMANT because dormant:no hot or warm rule passed"}
{"ts":"2026-09-26T02:49:18.617Z","operation":"track.transition","repository":"pyro-ppl/pyro","trackingVersion":"phase3-v1","from":"UNASSESSED","to":"WARM","reason":"first assessment: WARM because warm:pushedWithin30d&stars>=1000"}
{"ts":"2026-09-26T02:49:18.617Z","operation":"track.transition","repository":"wal-g/wal-g","trackingVersion":"phase3-v1","from":"UNASSESSED","to":"WARM","reason":"first assessment: WARM because warm:pushedWithin30d&stars>=1000"}
{"ts":"2026-09-26T02:49:18.617Z","operation":"track.transition","repository":"aws/aws-sdk-java-v2","trackingVersion":"phase3-v1","from":"UNASSESSED","to":"WARM","reason":"first assessment: WARM because warm:pushedWithin30d&stars>=1000"}
{"ts":"2026-09-26T02:49:18.617Z","operation":"track.transition","repository":"hashicorp/terraform-provider-helm","trackingVersion":"phase3-v1","from":"UNASSESSED","to":"WARM","reason":"first assessment: WARM because warm:pushedWithin30d&stars>=1000"}
{"ts":"2026-09-26T02:49:18.617Z","operation":"track.transition","repository":"manticoresoftware/manticoresearch","trackingVersion":"phase3-v1","from":"UNASSESSED","to":"WARM","reason":"first assessment: WARM because warm:pushedWithin30d&stars>=1000"}
{"ts":"2026-09-26T02:49:18.617Z","operation":"track.transition","repository":"infection/infection","trackingVersion":"phase3-v1","from":"UNASSESSED","to":"WARM","reason":"first assessment: WARM because warm:pushedWithin30d&stars>=1000"}
{"ts":"2026-09-26T02:49:18.617Z","operation":"track.transition","repository":"gogf/gf","trackingVersion":"phase3-v1","from":"UNASSESSED","to":"WARM","reason":"first assessment: WARM because warm:pushedWithin30d&stars>=1000"}
{"ts":"2026-09-26T02:49:18.617Z","operation":"track.transition","repository":"aws/aws-sdk-go-v2","trackingVersion":"phase3-v1","from":"UNASSESSED","to":"WARM","reason":"first assessment: WARM because warm:pushedWithin30d&stars>=1000"}
{"ts":"2026-09-26T02:49:18.617Z","operation":"track.transition","repository":"overhangio/tutor","trackingVersion":"phase3-v1","from":"UNASSESSED","to":"WARM","reason":"first assessment: WARM because warm:pushedWithin30d&stars>=1000"}
{"ts":"2026-09-26T02:49:18.617Z","operation":"track.transition","repository":"casosorg/casos","trackingVersion":"phase3-v1","from":"UNASSESSED","to":"WARM","reason":"first assessment: WARM because warm:pushedWithin30d&stars>=1000"}
{"ts":"2026-09-26T02:49:18.617Z","operation":"track.transition","repository":"weyoss/redis-smq","trackingVersion":"phase3-v1","from":"UNASSESSED","to":"DORMANT","reason":"first assessment: DORMANT because dormant:no hot or warm rule passed"}
{"ts":"2026-09-26T02:49:18.617Z","operation":"track.transition","repository":"pointfreeco/swift-snapshot-testing","trackingVersion":"phase3-v1","from":"UNASSESSED","to":"WARM","reason":"first assessment: WARM because warm:pushedWithin30d&stars>=1000"}
{"ts":"2026-09-26T02:49:18.617Z","operation":"track.transition","repository":"jaredwray/keyv","trackingVersion":"phase3-v1","from":"UNASSESSED","to":"WARM","reason":"first assessment: WARM because warm:pushedWithin30d&stars>=1000"}
{"ts":"2026-09-26T02:49:18.617Z","operation":"track.transition","repository":"MarcGiffing/bucket4j-spring-boot-starter","trackingVersion":"phase3-v1","from":"UNASSESSED","to":"DORMANT","reason":"first assessment: DORMANT because dormant:no hot or warm rule passed"}
{"ts":"2026-09-26T02:49:18.617Z","operation":"track.transition","repository":"opentracing-contrib/java-spring-cloud","trackingVersion":"phase3-v1","from":"UNASSESSED","to":"DORMANT","reason":"first assessment: DORMANT because dormant:no hot or warm rule passed"}
{"ts":"2026-09-26T02:49:18.617Z","operation":"track.transition","repository":"rootsongjc/awesome-cloud-native","trackingVersion":"phase3-v1","from":"UNASSESSED","to":"WARM","reason":"first assessment: WARM because warm:pushedWithin30d&stars>=1000"}
{"ts":"2026-09-26T02:49:18.617Z","operation":"track.transition","repository":"pulumi/pulumi-aws","trackingVersion":"phase3-v1","from":"UNASSESSED","to":"DORMANT","reason":"first assessment: DORMANT because dormant:no hot or warm rule passed"}
{"ts":"2026-09-26T02:49:18.617Z","operation":"track.transition","repository":"OpenMined/PySyft","trackingVersion":"phase3-v1","from":"UNASSESSED","to":"WARM","reason":"first assessment: WARM because warm:pushedWithin30d&stars>=1000"}
{"ts":"2026-09-26T02:49:18.617Z","operation":"track.transition","repository":"architect/architect","trackingVersion":"phase3-v1","from":"UNASSESSED","to":"WARM","reason":"first assessment: WARM because warm:pushedWithin30d&stars>=1000"}
{"ts":"2026-09-26T02:49:18.617Z","operation":"track.transition","repository":"openfaas/faas-netes","trackingVersion":"phase3-v1","from":"UNASSESSED","to":"WARM","reason":"first assessment: WARM because warm:pushedWithin30d&stars>=1000"}
{"ts":"2026-09-26T02:49:18.617Z","operation":"track.transition","repository":"kubernetes-sigs/aws-iam-authenticator","trackingVersion":"phase3-v1","from":"UNASSESSED","to":"WARM","reason":"first assessment: WARM because warm:pushedWithin30d&stars>=1000"}
{"ts":"2026-09-26T02:49:18.617Z","operation":"track.transition","repository":"velero-io/velero","trackingVersion":"phase3-v1","from":"UNASSESSED","to":"WARM","reason":"first assessment: WARM because warm:pushedWithin30d&stars>=1000"}
{"ts":"2026-09-26T02:49:18.617Z","operation":"track.transition","repository":"frappe/frappe_docker","trackingVersion":"phase3-v1","from":"UNASSESSED","to":"WARM","reason":"first assessment: WARM because warm:pushedWithin30d&stars>=1000"}
{"ts":"2026-09-26T02:49:18.617Z","operation":"track.transition","repository":"middyjs/middy","trackingVersion":"phase3-v1","from":"UNASSESSED","to":"WARM","reason":"first assessment: WARM because warm:pushedWithin30d&stars>=1000"}
{"ts":"2026-09-26T02:49:18.617Z","operation":"track.transition","repository":"elastic/apm-server","trackingVersion":"phase3-v1","from":"UNASSESSED","to":"WARM","reason":"first assessment: WARM because warm:pushedWithin30d&stars>=1000"}
{"ts":"2026-09-26T02:49:18.617Z","operation":"track.transition","repository":"apache/seatunnel","trackingVersion":"phase3-v1","from":"UNASSESSED","to":"WARM","reason":"first assessment: WARM because warm:pushedWithin30d&stars>=1000"}
{"ts":"2026-09-26T02:49:18.617Z","operation":"track.transition","repository":"poseidon/typhoon","trackingVersion":"phase3-v1","from":"UNASSESSED","to":"WARM","reason":"first assessment: WARM because warm:pushedWithin30d&stars>=1000"}
{"ts":"2026-09-26T02:49:18.617Z","operation":"track.transition","repository":"apache/doris","trackingVersion":"phase3-v1","from":"UNASSESSED","to":"WARM","reason":"first assessment: WARM because warm:pushedWithin30d&stars>=1000"}
{"ts":"2026-09-26T02:49:18.617Z","operation":"track.transition","repository":"cruise-control-for-kafka/cruise-control","trackingVersion":"phase3-v1","from":"UNASSESSED","to":"WARM","reason":"first assessment: WARM because warm:pushedWithin30d&stars>=1000"}
{"ts":"2026-09-26T02:49:18.617Z","operation":"track.transition","repository":"dunwu/javacore","trackingVersion":"phase3-v1","from":"UNASSESSED","to":"WARM","reason":"first assessment: WARM because warm:pushedWithin30d&stars>=1000"}
{"ts":"2026-09-26T02:49:18.617Z","operation":"track.transition","repository":"argoproj/argo-workflows","trackingVersion":"phase3-v1","from":"UNASSESSED","to":"WARM","reason":"first assessment: WARM because warm:pushedWithin30d&stars>=1000"}
{"ts":"2026-09-26T02:49:18.617Z","operation":"track.transition","repository":"digitalgust/miniJVM","trackingVersion":"phase3-v1","from":"UNASSESSED","to":"DORMANT","reason":"first assessment: DORMANT because dormant:no hot or warm rule passed"}
{"ts":"2026-09-26T02:49:18.617Z","operation":"track.transition","repository":"bitrixdock/bitrixdock","trackingVersion":"phase3-v1","from":"UNASSESSED","to":"DORMANT","reason":"first assessment: DORMANT because dormant:no hot or warm rule passed"}
{"ts":"2026-09-26T02:49:18.617Z","operation":"track.transition","repository":"eclipse-openj9/openj9","trackingVersion":"phase3-v1","from":"UNASSESSED","to":"WARM","reason":"first assessment: WARM because warm:pushedWithin30d&stars>=1000"}
{"ts":"2026-09-26T02:49:18.617Z","operation":"track.transition","repository":"karafka/rdkafka-ruby","trackingVersion":"phase3-v1","from":"UNASSESSED","to":"DORMANT","reason":"first assessment: DORMANT because dormant:no hot or warm rule passed"}
{"ts":"2026-09-26T02:49:18.617Z","operation":"track.transition","repository":"terraform-aws-modules/terraform-aws-vpc","trackingVersion":"phase3-v1","from":"UNASSESSED","to":"WARM","reason":"first assessment: WARM because warm:pushedWithin30d&stars>=1000"}
{"ts":"2026-09-26T02:49:18.617Z","operation":"track.transition","repository":"hmcts/spring-boot-template","trackingVersion":"phase3-v1","from":"UNASSESSED","to":"DORMANT","reason":"first assessment: DORMANT because dormant:no hot or warm rule passed"}
{"ts":"2026-09-26T02:49:18.617Z","operation":"track.transition","repository":"onnx/onnx","trackingVersion":"phase3-v1","from":"UNASSESSED","to":"WARM","reason":"first assessment: WARM because warm:pushedWithin30d&stars>=1000"}
{"ts":"2026-09-26T02:49:18.617Z","operation":"track.transition","repository":"Unity-Technologies/ml-agents","trackingVersion":"phase3-v1","from":"UNASSESSED","to":"WARM","reason":"first assessment: WARM because warm:pushedWithin30d&stars>=1000"}
{"ts":"2026-09-26T02:49:18.617Z","operation":"track.transition","repository":"jonashackt/spring-boot-vuejs","trackingVersion":"phase3-v1","from":"UNASSESSED","to":"WARM","reason":"first assessment: WARM because warm:pushedWithin30d&stars>=1000"}
{"ts":"2026-09-26T02:49:18.617Z","operation":"track.transition","repository":"pulumi/pulumi-azure","trackingVersion":"phase3-v1","from":"UNASSESSED","to":"DORMANT","reason":"first assessment: DORMANT because dormant:no hot or warm rule passed"}
{"ts":"2026-09-26T02:49:18.617Z","operation":"track.transition","repository":"khs1994-docker/lnmp","trackingVersion":"phase3-v1","from":"UNASSESSED","to":"DORMANT","reason":"first assessment: DORMANT because dormant:no hot or warm rule passed"}
{"ts":"2026-09-26T02:49:18.617Z","operation":"track.transition","repository":"danielqsj/kafka_exporter","trackingVersion":"phase3-v1","from":"UNASSESSED","to":"WARM","reason":"first assessment: WARM because warm:pushedWithin30d&stars>=1000"}
{"ts":"2026-09-26T02:49:18.617Z","operation":"track.transition","repository":"walidshaari/Kubernetes-Certified-Administrator","trackingVersion":"phase3-v1","from":"UNASSESSED","to":"WARM","reason":"first assessment: WARM because warm:pushedWithin30d&stars>=1000"}
{"ts":"2026-09-26T02:49:18.617Z","operation":"track.transition","repository":"bob-cd/bob","trackingVersion":"phase3-v1","from":"UNASSESSED","to":"DORMANT","reason":"first assessment: DORMANT because dormant:no hot or warm rule passed"}
{"ts":"2026-09-26T02:49:18.617Z","operation":"track.transition","repository":"Mongey/terraform-provider-kafka","trackingVersion":"phase3-v1","from":"UNASSESSED","to":"DORMANT","reason":"first assessment: DORMANT because dormant:no hot or warm rule passed"}
{"ts":"2026-09-26T02:49:18.617Z","operation":"track.transition","repository":"bats-core/bats-core","trackingVersion":"phase3-v1","from":"UNASSESSED","to":"WARM","reason":"first assessment: WARM because warm:pushedWithin30d&stars>=1000"}
{"ts":"2026-09-26T02:49:18.617Z","operation":"track.transition","repository":"vladmihalcea/hypersistence-utils","trackingVersion":"phase3-v1","from":"UNASSESSED","to":"WARM","reason":"first assessment: WARM because warm:pushedWithin30d&stars>=1000"}
{"ts":"2026-09-26T02:49:18.617Z","operation":"track.transition","repository":"microsoft/pai","trackingVersion":"phase3-v1","from":"UNASSESSED","to":"WARM","reason":"first assessment: WARM because warm:pushedWithin30d&stars>=1000"}
{"ts":"2026-09-26T02:49:18.617Z","operation":"track.transition","repository":"terraform-aws-modules/terraform-aws-ecs","trackingVersion":"phase3-v1","from":"UNASSESSED","to":"DORMANT","reason":"first assessment: DORMANT because dormant:no hot or warm rule passed"}
{"ts":"2026-09-26T02:49:18.617Z","operation":"track.transition","repository":"EdwinVW/pitstop","trackingVersion":"phase3-v1","from":"UNASSESSED","to":"WARM","reason":"first assessment: WARM because warm:pushedWithin30d&stars>=1000"}
{"ts":"2026-09-26T02:49:18.617Z","operation":"track.transition","repository":"plokhotnyuk/jsoniter-scala","trackingVersion":"phase3-v1","from":"UNASSESSED","to":"DORMANT","reason":"first assessment: DORMANT because dormant:no hot or warm rule passed"}
{"ts":"2026-09-26T02:49:18.617Z","operation":"track.transition","repository":"kamgurgul/cpu-info","trackingVersion":"phase3-v1","from":"UNASSESSED","to":"WARM","reason":"first assessment: WARM because warm:pushedWithin30d&stars>=1000"}
{"ts":"2026-09-26T02:49:18.617Z","operation":"track.transition","repository":"yzhao062/pyod","trackingVersion":"phase3-v1","from":"UNASSESSED","to":"WARM","reason":"first assessment: WARM because warm:pushedWithin30d&stars>=1000"}
{"ts":"2026-09-26T02:49:18.617Z","operation":"track.transition","repository":"aws/jsii","trackingVersion":"phase3-v1","from":"UNASSESSED","to":"WARM","reason":"first assessment: WARM because warm:pushedWithin30d&stars>=1000"}
{"ts":"2026-09-26T02:49:18.617Z","operation":"track.transition","repository":"aws/aws-cdk","trackingVersion":"phase3-v1","from":"UNASSESSED","to":"WARM","reason":"first assessment: WARM because warm:pushedWithin30d&stars>=1000"}
{"ts":"2026-09-26T02:49:18.617Z","operation":"track.transition","repository":"aws/aws-cdk-rfcs","trackingVersion":"phase3-v1","from":"UNASSESSED","to":"DORMANT","reason":"first assessment: DORMANT because dormant:no hot or warm rule passed"}
{"ts":"2026-09-26T02:49:18.617Z","operation":"track.transition","repository":"yugabyte/yugabyte-db","trackingVersion":"phase3-v1","from":"UNASSESSED","to":"WARM","reason":"first assessment: WARM because warm:pushedWithin30d&stars>=1000"}
{"ts":"2026-09-26T02:49:18.617Z","operation":"track.transition","repository":"onnx/models","trackingVersion":"phase3-v1","from":"UNASSESSED","to":"WARM","reason":"first assessment: WARM because warm:pushedWithin30d&stars>=1000"}
{"ts":"2026-09-26T02:49:18.617Z","operation":"track.transition","repository":"kubernetes/ingress-gce","trackingVersion":"phase3-v1","from":"UNASSESSED","to":"WARM","reason":"first assessment: WARM because warm:pushedWithin30d&stars>=1000"}
{"ts":"2026-09-26T02:49:18.617Z","operation":"track.transition","repository":"kapicorp/kapitan","trackingVersion":"phase3-v1","from":"UNASSESSED","to":"WARM","reason":"first assessment: WARM because warm:pushedWithin30d&stars>=1000"}
{"ts":"2026-09-26T02:49:18.617Z","operation":"track.transition","repository":"murraco/spring-boot-jwt","trackingVersion":"phase3-v1","from":"UNASSESSED","to":"WARM","reason":"first assessment: WARM because warm:pushedWithin30d&stars>=1000"}
{"ts":"2026-09-26T02:49:18.617Z","operation":"track.transition","repository":"jest-community/jest-extended","trackingVersion":"phase3-v1","from":"UNASSESSED","to":"WARM","reason":"first assessment: WARM because warm:pushedWithin30d&stars>=1000"}
{"ts":"2026-09-26T02:49:18.617Z","operation":"track.transition","repository":"SAP/jenkins-library","trackingVersion":"phase3-v1","from":"UNASSESSED","to":"DORMANT","reason":"first assessment: DORMANT because dormant:no hot or warm rule passed"}
{"ts":"2026-09-26T02:49:18.617Z","operation":"track.transition","repository":"mockk/mockk","trackingVersion":"phase3-v1","from":"UNASSESSED","to":"WARM","reason":"first assessment: WARM because warm:pushedWithin30d&stars>=1000"}
{"ts":"2026-09-26T02:49:18.617Z","operation":"track.transition","repository":"qoomon/docker-host","trackingVersion":"phase3-v1","from":"UNASSESSED","to":"WARM","reason":"first assessment: WARM because warm:pushedWithin30d&stars>=1000"}
{"ts":"2026-09-26T02:49:18.617Z","operation":"track.transition","repository":"TommyLemon/APIAuto","trackingVersion":"phase3-v1","from":"UNASSESSED","to":"WARM","reason":"first assessment: WARM because warm:pushedWithin30d&stars>=1000"}
{"ts":"2026-09-26T02:49:18.617Z","operation":"track.transition","repository":"PlaytikaOSS/testcontainers-spring-boot","trackingVersion":"phase3-v1","from":"UNASSESSED","to":"DORMANT","reason":"first assessment: DORMANT because dormant:no hot or warm rule passed"}
{"ts":"2026-09-26T02:49:18.617Z","operation":"track.transition","repository":"simonw/datasette","trackingVersion":"phase3-v1","from":"UNASSESSED","to":"WARM","reason":"first assessment: WARM because warm:pushedWithin30d&stars>=1000"}
{"ts":"2026-09-26T02:49:18.617Z","operation":"track.transition","repository":"aws/amazon-sagemaker-examples","trackingVersion":"phase3-v1","from":"UNASSESSED","to":"WARM","reason":"first assessment: WARM because warm:pushedWithin30d&stars>=1000"}
{"ts":"2026-09-26T02:49:18.617Z","operation":"track.transition","repository":"carla-simulator/carla","trackingVersion":"phase3-v1","from":"UNASSESSED","to":"WARM","reason":"first assessment: WARM because warm:pushedWithin30d&stars>=1000"}
{"ts":"2026-09-26T02:49:18.617Z","operation":"track.transition","repository":"tporadowski/redis","trackingVersion":"phase3-v1","from":"UNASSESSED","to":"WARM","reason":"first assessment: WARM because warm:pushedWithin30d&stars>=1000"}
{"ts":"2026-09-26T02:49:18.617Z","operation":"track.transition","repository":"caprover/caprover","trackingVersion":"phase3-v1","from":"UNASSESSED","to":"WARM","reason":"first assessment: WARM because warm:pushedWithin30d&stars>=1000"}
{"ts":"2026-09-26T02:49:18.617Z","operation":"track.transition","repository":"pulumi/examples","trackingVersion":"phase3-v1","from":"UNASSESSED","to":"WARM","reason":"first assessment: WARM because warm:pushedWithin30d&stars>=1000"}
{"ts":"2026-09-26T02:49:18.617Z","operation":"track.transition","repository":"dubzzz/fast-check","trackingVersion":"phase3-v1","from":"UNASSESSED","to":"WARM","reason":"first assessment: WARM because warm:pushedWithin30d&stars>=1000"}
{"ts":"2026-09-26T02:49:18.617Z","operation":"track.transition","repository":"taverntesting/tavern","trackingVersion":"phase3-v1","from":"UNASSESSED","to":"WARM","reason":"first assessment: WARM because warm:pushedWithin30d&stars>=1000"}
{"ts":"2026-09-26T02:49:18.617Z","operation":"track.transition","repository":"thanos-io/thanos","trackingVersion":"phase3-v1","from":"UNASSESSED","to":"WARM","reason":"first assessment: WARM because warm:pushedWithin30d&stars>=1000"}
{"ts":"2026-09-26T02:49:18.617Z","operation":"track.transition","repository":"HeidiSQL/HeidiSQL","trackingVersion":"phase3-v1","from":"UNASSESSED","to":"WARM","reason":"first assessment: WARM because warm:pushedWithin30d&stars>=1000"}
{"ts":"2026-09-26T02:49:18.617Z","operation":"track.transition","repository":"mkubaczyk/helmsman","trackingVersion":"phase3-v1","from":"UNASSESSED","to":"WARM","reason":"first assessment: WARM because warm:pushedWithin30d&stars>=1000"}
{"ts":"2026-09-26T02:49:18.617Z","operation":"track.transition","repository":"siderolabs/talos","trackingVersion":"phase3-v1","from":"UNASSESSED","to":"WARM","reason":"first assessment: WARM because warm:pushedWithin30d&stars>=1000"}
{"ts":"2026-09-26T02:49:18.617Z","operation":"track.transition","repository":"goodrain/rainbond","trackingVersion":"phase3-v1","from":"UNASSESSED","to":"WARM","reason":"first assessment: WARM because warm:pushedWithin30d&stars>=1000"}
{"ts":"2026-09-26T02:49:18.617Z","operation":"track.transition","repository":"SAP/SapMachine","trackingVersion":"phase3-v1","from":"UNASSESSED","to":"DORMANT","reason":"first assessment: DORMANT because dormant:no hot or warm rule passed"}
{"ts":"2026-09-26T02:49:18.617Z","operation":"track.transition","repository":"aws/sagemaker-python-sdk","trackingVersion":"phase3-v1","from":"UNASSESSED","to":"WARM","reason":"first assessment: WARM because warm:pushedWithin30d&stars>=1000"}
{"ts":"2026-09-26T02:49:18.617Z","operation":"track.transition","repository":"browserless/browserless","trackingVersion":"phase3-v1","from":"UNASSESSED","to":"WARM","reason":"first assessment: WARM because warm:pushedWithin30d&stars>=1000"}
{"ts":"2026-09-26T02:49:18.617Z","operation":"track.transition","repository":"apache/caldera","trackingVersion":"phase3-v1","from":"UNASSESSED","to":"WARM","reason":"first assessment: WARM because warm:pushedWithin30d&stars>=1000"}
{"ts":"2026-09-26T02:49:18.617Z","operation":"track.transition","repository":"krakend/krakend-ce","trackingVersion":"phase3-v1","from":"UNASSESSED","to":"WARM","reason":"first assessment: WARM because warm:pushedWithin30d&stars>=1000"}
{"ts":"2026-09-26T02:49:18.617Z","operation":"track.transition","repository":"linkerd/linkerd2","trackingVersion":"phase3-v1","from":"UNASSESSED","to":"WARM","reason":"first assessment: WARM because warm:pushedWithin30d&stars>=1000"}
{"ts":"2026-09-26T02:49:18.617Z","operation":"track.transition","repository":"kata-containers/kata-containers","trackingVersion":"phase3-v1","from":"UNASSESSED","to":"WARM","reason":"first assessment: WARM because warm:pushedWithin30d&stars>=1000"}
{"ts":"2026-09-26T02:49:18.617Z","operation":"track.transition","repository":"kekingcn/kkFileView","trackingVersion":"phase3-v1","from":"UNASSESSED","to":"WARM","reason":"first assessment: WARM because warm:pushedWithin30d&stars>=1000"}
{"ts":"2026-09-26T02:49:18.617Z","operation":"track.transition","repository":"espnet/espnet","trackingVersion":"phase3-v1","from":"UNASSESSED","to":"WARM","reason":"first assessment: WARM because warm:pushedWithin30d&stars>=1000"}
{"ts":"2026-09-26T02:49:18.617Z","operation":"track.transition","repository":"codeforequity-at/botium-core","trackingVersion":"phase3-v1","from":"UNASSESSED","to":"DORMANT","reason":"first assessment: DORMANT because dormant:no hot or warm rule passed"}
{"ts":"2026-09-26T02:49:18.618Z","operation":"track.transition","repository":"GoogleCloudPlatform/magic-modules","trackingVersion":"phase3-v1","from":"UNASSESSED","to":"DORMANT","reason":"first assessment: DORMANT because dormant:no hot or warm rule passed"}
{"ts":"2026-09-26T02:49:18.618Z","operation":"track.transition","repository":"Kikobeats/tom","trackingVersion":"phase3-v1","from":"UNASSESSED","to":"DORMANT","reason":"first assessment: DORMANT because dormant:no hot or warm rule passed"}
{"ts":"2026-09-26T02:49:18.618Z","operation":"track.transition","repository":"stefanprodan/podinfo","trackingVersion":"phase3-v1","from":"UNASSESSED","to":"WARM","reason":"first assessment: WARM because warm:pushedWithin30d&stars>=1000"}
{"ts":"2026-09-26T02:49:18.618Z","operation":"track.transition","repository":"jenkins-x/jx","trackingVersion":"phase3-v1","from":"UNASSESSED","to":"WARM","reason":"first assessment: WARM because warm:pushedWithin30d&stars>=1000"}
{"ts":"2026-09-26T02:49:18.618Z","operation":"track.transition","repository":"testcontainers/testcontainers-node","trackingVersion":"phase3-v1","from":"UNASSESSED","to":"WARM","reason":"first assessment: WARM because warm:pushedWithin30d&stars>=1000"}
{"ts":"2026-09-26T02:49:18.618Z","operation":"track.transition","repository":"webiny/webiny-js","trackingVersion":"phase3-v1","from":"UNASSESSED","to":"WARM","reason":"first assessment: WARM because warm:pushedWithin30d&stars>=1000"}
{"ts":"2026-09-26T02:49:18.618Z","operation":"track.transition","repository":"apache/dubbo-admin","trackingVersion":"phase3-v1","from":"UNASSESSED","to":"WARM","reason":"first assessment: WARM because warm:pushedWithin30d&stars>=1000"}
{"ts":"2026-09-26T02:49:18.618Z","operation":"track.transition","repository":"LINBIT/linstor-server","trackingVersion":"phase3-v1","from":"UNASSESSED","to":"WARM","reason":"first assessment: WARM because warm:pushedWithin30d&stars>=1000"}
{"ts":"2026-09-26T02:49:18.618Z","operation":"track.transition","repository":"gardener/gardener","trackingVersion":"phase3-v1","from":"UNASSESSED","to":"WARM","reason":"first assessment: WARM because warm:pushedWithin30d&stars>=1000"}
{"ts":"2026-09-26T02:49:18.618Z","operation":"track.transition","repository":"dromara/lamp-cloud","trackingVersion":"phase3-v1","from":"UNASSESSED","to":"WARM","reason":"first assessment: WARM because warm:pushedWithin30d&stars>=1000"}
{"ts":"2026-09-26T02:49:18.618Z","operation":"track.transition","repository":"golang-migrate/migrate","trackingVersion":"phase3-v1","from":"UNASSESSED","to":"WARM","reason":"first assessment: WARM because warm:pushedWithin30d&stars>=1000"}
{"ts":"2026-09-26T02:49:18.618Z","operation":"track.transition","repository":"kgateway-dev/kgateway","trackingVersion":"phase3-v1","from":"UNASSESSED","to":"WARM","reason":"first assessment: WARM because warm:pushedWithin30d&stars>=1000"}
{"ts":"2026-09-26T02:49:18.618Z","operation":"track.transition","repository":"GoogleContainerTools/skaffold","trackingVersion":"phase3-v1","from":"UNASSESSED","to":"WARM","reason":"first assessment: WARM because warm:pushedWithin30d&stars>=1000"}
{"ts":"2026-09-26T02:49:18.618Z","operation":"track.transition","repository":"openspug/spug","trackingVersion":"phase3-v1","from":"UNASSESSED","to":"WARM","reason":"first assessment: WARM because warm:pushedWithin30d&stars>=1000"}
{"ts":"2026-09-26T02:49:18.618Z","operation":"track.transition","repository":"kiali/kiali","trackingVersion":"phase3-v1","from":"UNASSESSED","to":"WARM","reason":"first assessment: WARM because warm:pushedWithin30d&stars>=1000"}
{"ts":"2026-09-26T02:49:18.618Z","operation":"track.transition","repository":"spring-cloud/spring-cloud-openfeign","trackingVersion":"phase3-v1","from":"UNASSESSED","to":"WARM","reason":"first assessment: WARM because warm:pushedWithin30d&stars>=1000"}
{"ts":"2026-09-26T02:49:18.618Z","operation":"track.transition","repository":"runatlantis/atlantis","trackingVersion":"phase3-v1","from":"UNASSESSED","to":"WARM","reason":"first assessment: WARM because warm:pushedWithin30d&stars>=1000"}
{"ts":"2026-09-26T02:49:18.618Z","operation":"track.transition","repository":"passteque/gluetun","trackingVersion":"phase3-v1","from":"UNASSESSED","to":"WARM","reason":"first assessment: WARM because warm:starsPerDay7d>=8, warm:starsPerDay30d>=8, warm:pushedWithin30d&stars>=1000"}
{"ts":"2026-09-26T02:49:18.618Z","operation":"track.transition","repository":"nozaq/terraform-aws-secure-baseline","trackingVersion":"phase3-v1","from":"UNASSESSED","to":"WARM","reason":"first assessment: WARM because warm:pushedWithin30d&stars>=1000"}
{"ts":"2026-09-26T02:49:18.618Z","operation":"track.transition","repository":"mlabouardy/komiser","trackingVersion":"phase3-v1","from":"UNASSESSED","to":"WARM","reason":"first assessment: WARM because warm:pushedWithin30d&stars>=1000"}
{"ts":"2026-09-26T02:49:18.618Z","operation":"track.transition","repository":"openrndr/openrndr","trackingVersion":"phase3-v1","from":"UNASSESSED","to":"DORMANT","reason":"first assessment: DORMANT because dormant:no hot or warm rule passed"}
{"ts":"2026-09-26T02:49:18.618Z","operation":"track.transition","repository":"rackspace/runway","trackingVersion":"phase3-v1","from":"UNASSESSED","to":"DORMANT","reason":"first assessment: DORMANT because dormant:no hot or warm rule passed"}
{"ts":"2026-09-26T02:49:18.618Z","operation":"track.transition","repository":"thinkgem/jeesite5","trackingVersion":"phase3-v1","from":"UNASSESSED","to":"WARM","reason":"first assessment: WARM because warm:pushedWithin30d&stars>=1000"}
{"ts":"2026-09-26T02:49:18.618Z","operation":"track.transition","repository":"micronaut-projects/micronaut-core","trackingVersion":"phase3-v1","from":"UNASSESSED","to":"WARM","reason":"first assessment: WARM because warm:pushedWithin30d&stars>=1000"}
{"ts":"2026-09-26T02:49:18.618Z","operation":"track.transition","repository":"microsoft/service-fabric","trackingVersion":"phase3-v1","from":"UNASSESSED","to":"WARM","reason":"first assessment: WARM because warm:pushedWithin30d&stars>=1000"}
{"ts":"2026-09-26T02:49:18.618Z","operation":"track.transition","repository":"mikro-orm/mikro-orm","trackingVersion":"phase3-v1","from":"UNASSESSED","to":"WARM","reason":"first assessment: WARM because warm:pushedWithin30d&stars>=1000"}
{"ts":"2026-09-26T02:49:18.618Z","operation":"track.transition","repository":"microsoft/PSRule","trackingVersion":"phase3-v1","from":"UNASSESSED","to":"DORMANT","reason":"first assessment: DORMANT because dormant:no hot or warm rule passed"}
{"ts":"2026-09-26T02:49:18.618Z","operation":"track.transition","repository":"testing-library/react-testing-library","trackingVersion":"phase3-v1","from":"UNASSESSED","to":"WARM","reason":"first assessment: WARM because warm:pushedWithin30d&stars>=1000"}
{"ts":"2026-09-26T02:49:18.618Z","operation":"track.transition","repository":"marcocesarato/PHP-Antimalware-Scanner","trackingVersion":"phase3-v1","from":"UNASSESSED","to":"DORMANT","reason":"first assessment: DORMANT because dormant:no hot or warm rule passed"}
{"ts":"2026-09-26T02:49:18.618Z","operation":"track.transition","repository":"google/go-cloud","trackingVersion":"phase3-v1","from":"UNASSESSED","to":"WARM","reason":"first assessment: WARM because warm:pushedWithin30d&stars>=1000"}
{"ts":"2026-09-26T02:49:18.618Z","operation":"track.transition","repository":"tortoise/tortoise-orm","trackingVersion":"phase3-v1","from":"UNASSESSED","to":"WARM","reason":"first assessment: WARM because warm:pushedWithin30d&stars>=1000"}
{"ts":"2026-09-26T02:49:18.618Z","operation":"track.transition","repository":"Kong/kubernetes-ingress-controller","trackingVersion":"phase3-v1","from":"UNASSESSED","to":"WARM","reason":"first assessment: WARM because warm:pushedWithin30d&stars>=1000"}
{"ts":"2026-09-26T02:49:18.618Z","operation":"track.transition","repository":"BEagle1984/silverback","trackingVersion":"phase3-v1","from":"UNASSESSED","to":"DORMANT","reason":"first assessment: DORMANT because dormant:no hot or warm rule passed"}
{"ts":"2026-09-26T02:49:18.618Z","operation":"track.transition","repository":"mercari/tfnotify","trackingVersion":"phase3-v1","from":"UNASSESSED","to":"DORMANT","reason":"first assessment: DORMANT because dormant:no hot or warm rule passed"}
{"ts":"2026-09-26T02:49:18.618Z","operation":"track.transition","repository":"testing-library/dom-testing-library","trackingVersion":"phase3-v1","from":"UNASSESSED","to":"WARM","reason":"first assessment: WARM because warm:pushedWithin30d&stars>=1000"}
{"ts":"2026-09-26T02:49:18.618Z","operation":"track.transition","repository":"aws-cloudformation/cfn-lint","trackingVersion":"phase3-v1","from":"UNASSESSED","to":"WARM","reason":"first assessment: WARM because warm:pushedWithin30d&stars>=1000"}
{"ts":"2026-09-26T02:49:18.618Z","operation":"track.transition","repository":"satellite-image-deep-learning/techniques","trackingVersion":"phase3-v1","from":"UNASSESSED","to":"WARM","reason":"first assessment: WARM because warm:pushedWithin30d&stars>=1000"}
{"ts":"2026-09-26T02:49:18.618Z","operation":"track.transition","repository":"confluentinc/examples","trackingVersion":"phase3-v1","from":"UNASSESSED","to":"WARM","reason":"first assessment: WARM because warm:pushedWithin30d&stars>=1000"}
{"ts":"2026-09-26T02:49:18.618Z","operation":"track.transition","repository":"piomin/sample-spring-microservices-new","trackingVersion":"phase3-v1","from":"UNASSESSED","to":"WARM","reason":"first assessment: WARM because warm:pushedWithin30d&stars>=1000"}
{"ts":"2026-09-26T02:49:18.618Z","operation":"track.transition","repository":"gitpod-io/gitpod","trackingVersion":"phase3-v1","from":"UNASSESSED","to":"WARM","reason":"first assessment: WARM because warm:pushedWithin30d&stars>=1000"}
{"ts":"2026-09-26T02:49:18.618Z","operation":"track.transition","repository":"crazy-max/docker-fail2ban","trackingVersion":"phase3-v1","from":"UNASSESSED","to":"DORMANT","reason":"first assessment: DORMANT because dormant:no hot or warm rule passed"}
{"ts":"2026-09-26T02:49:18.618Z","operation":"track.transition","repository":"google/gvisor","trackingVersion":"phase3-v1","from":"UNASSESSED","to":"WARM","reason":"first assessment: WARM because warm:starsPerDay7d>=8, warm:starsPerDay30d>=8, warm:pushedWithin30d&stars>=1000"}
{"ts":"2026-09-26T02:49:18.618Z","operation":"track.transition","repository":"spring-guides/tut-spring-boot-kotlin","trackingVersion":"phase3-v1","from":"UNASSESSED","to":"DORMANT","reason":"first assessment: DORMANT because dormant:no hot or warm rule passed"}
{"ts":"2026-09-26T02:49:18.618Z","operation":"track.transition","repository":"baomidou/dynamic-datasource","trackingVersion":"phase3-v1","from":"UNASSESSED","to":"WARM","reason":"first assessment: WARM because warm:pushedWithin30d&stars>=1000"}
{"ts":"2026-09-26T02:49:18.618Z","operation":"track.transition","repository":"flosell/iam-policy-json-to-terraform","trackingVersion":"phase3-v1","from":"UNASSESSED","to":"DORMANT","reason":"first assessment: DORMANT because dormant:no hot or warm rule passed"}
{"ts":"2026-09-26T02:49:18.618Z","operation":"track.transition","repository":"EthicalML/awesome-production-machine-learning","trackingVersion":"phase3-v1","from":"UNASSESSED","to":"WARM","reason":"first assessment: WARM because warm:pushedWithin30d&stars>=1000"}
{"ts":"2026-09-26T02:49:18.618Z","operation":"track.transition","repository":"devspace-sh/devspace","trackingVersion":"phase3-v1","from":"UNASSESSED","to":"WARM","reason":"first assessment: WARM because warm:pushedWithin30d&stars>=1000"}
{"ts":"2026-09-26T02:49:18.618Z","operation":"track.transition","repository":"Azure/Azure-Sentinel","trackingVersion":"phase3-v1","from":"UNASSESSED","to":"WARM","reason":"first assessment: WARM because warm:pushedWithin30d&stars>=1000"}
{"ts":"2026-09-26T02:49:18.618Z","operation":"track.transition","repository":"testcontainers/testcontainers-rs","trackingVersion":"phase3-v1","from":"UNASSESSED","to":"WARM","reason":"first assessment: WARM because warm:pushedWithin30d&stars>=1000"}
{"ts":"2026-09-26T02:49:18.618Z","operation":"track.transition","repository":"kornia/kornia","trackingVersion":"phase3-v1","from":"UNASSESSED","to":"WARM","reason":"first assessment: WARM because warm:pushedWithin30d&stars>=1000"}
{"ts":"2026-09-26T02:49:18.618Z","operation":"track.transition","repository":"aws-amplify/amplify-cli","trackingVersion":"phase3-v1","from":"UNASSESSED","to":"WARM","reason":"first assessment: WARM because warm:pushedWithin30d&stars>=1000"}
{"ts":"2026-09-26T02:49:18.618Z","operation":"track.transition","repository":"ultralytics/yolov3","trackingVersion":"phase3-v1","from":"UNASSESSED","to":"WARM","reason":"first assessment: WARM because warm:pushedWithin30d&stars>=1000"}
{"ts":"2026-09-26T02:49:18.618Z","operation":"track.transition","repository":"ithewei/libhv","trackingVersion":"phase3-v1","from":"UNASSESSED","to":"WARM","reason":"first assessment: WARM because warm:pushedWithin30d&stars>=1000"}
{"ts":"2026-09-26T02:49:18.618Z","operation":"track.transition","repository":"pnoker/iot-dc3","trackingVersion":"phase3-v1","from":"UNASSESSED","to":"WARM","reason":"first assessment: WARM because warm:pushedWithin30d&stars>=1000"}
{"ts":"2026-09-26T02:49:18.618Z","operation":"track.transition","repository":"vesoft-inc/nebula","trackingVersion":"phase3-v1","from":"UNASSESSED","to":"WARM","reason":"first assessment: WARM because warm:pushedWithin30d&stars>=1000"}
{"ts":"2026-09-26T02:49:18.618Z","operation":"track.transition","repository":"tektoncd/pipeline","trackingVersion":"phase3-v1","from":"UNASSESSED","to":"WARM","reason":"first assessment: WARM because warm:pushedWithin30d&stars>=1000"}
{"ts":"2026-09-26T02:49:18.618Z","operation":"track.transition","repository":"keycloak/terraform-provider-keycloak","trackingVersion":"phase3-v1","from":"UNASSESSED","to":"DORMANT","reason":"first assessment: DORMANT because dormant:no hot or warm rule passed"}
{"ts":"2026-09-26T02:49:18.618Z","operation":"track.transition","repository":"apple/servicetalk","trackingVersion":"phase3-v1","from":"UNASSESSED","to":"WARM","reason":"first assessment: WARM because warm:pushedWithin30d&stars>=1000"}
{"ts":"2026-09-26T02:49:18.618Z","operation":"track.transition","repository":"crossplane/crossplane","trackingVersion":"phase3-v1","from":"UNASSESSED","to":"WARM","reason":"first assessment: WARM because warm:pushedWithin30d&stars>=1000"}
{"ts":"2026-09-26T02:49:18.618Z","operation":"track.transition","repository":"alexandreborges/malwoverview","trackingVersion":"phase3-v1","from":"UNASSESSED","to":"WARM","reason":"first assessment: WARM because warm:pushedWithin30d&stars>=1000"}
{"ts":"2026-09-26T02:49:18.618Z","operation":"track.transition","repository":"tchiotludo/akhq","trackingVersion":"phase3-v1","from":"UNASSESSED","to":"WARM","reason":"first assessment: WARM because warm:pushedWithin30d&stars>=1000"}
{"ts":"2026-09-26T02:49:18.618Z","operation":"track.transition","repository":"kubernetes-sigs/kind","trackingVersion":"phase3-v1","from":"UNASSESSED","to":"WARM","reason":"first assessment: WARM because warm:pushedWithin30d&stars>=1000"}
{"ts":"2026-09-26T02:49:18.618Z","operation":"track.transition","repository":"wso2/reference-architecture","trackingVersion":"phase3-v1","from":"UNASSESSED","to":"WARM","reason":"first assessment: WARM because warm:pushedWithin30d&stars>=1000"}
{"ts":"2026-09-26T02:49:18.618Z","operation":"track.transition","repository":"unit8co/darts","trackingVersion":"phase3-v1","from":"UNASSESSED","to":"WARM","reason":"first assessment: WARM because warm:pushedWithin30d&stars>=1000"}
{"ts":"2026-09-26T02:49:18.618Z","operation":"track.transition","repository":"cube-js/cube","trackingVersion":"phase3-v1","from":"UNASSESSED","to":"WARM","reason":"first assessment: WARM because warm:pushedWithin30d&stars>=1000"}
{"ts":"2026-09-26T02:49:18.618Z","operation":"track.transition","repository":"typelevel/skunk","trackingVersion":"phase3-v1","from":"UNASSESSED","to":"WARM","reason":"first assessment: WARM because warm:pushedWithin30d&stars>=1000"}
{"ts":"2026-09-26T02:49:18.618Z","operation":"track.transition","repository":"asc-lab/dotnetcore-microservices-poc","trackingVersion":"phase3-v1","from":"UNASSESSED","to":"WARM","reason":"first assessment: WARM because warm:pushedWithin30d&stars>=1000"}
{"ts":"2026-09-26T02:49:18.618Z","operation":"track.transition","repository":"openvinotoolkit/model_server","trackingVersion":"phase3-v1","from":"UNASSESSED","to":"DORMANT","reason":"first assessment: DORMANT because dormant:no hot or warm rule passed"}
{"ts":"2026-09-26T02:49:18.618Z","operation":"track.transition","repository":"vortico/flama","trackingVersion":"phase3-v1","from":"UNASSESSED","to":"DORMANT","reason":"first assessment: DORMANT because dormant:no hot or warm rule passed"}
{"ts":"2026-09-26T02:49:18.618Z","operation":"track.transition","repository":"webpwnized/mutillidae","trackingVersion":"phase3-v1","from":"UNASSESSED","to":"WARM","reason":"first assessment: WARM because warm:pushedWithin30d&stars>=1000"}
{"ts":"2026-09-26T02:49:18.618Z","operation":"track.transition","repository":"kubeedge/kubeedge","trackingVersion":"phase3-v1","from":"UNASSESSED","to":"WARM","reason":"first assessment: WARM because warm:pushedWithin30d&stars>=1000"}
{"ts":"2026-09-26T02:49:18.618Z","operation":"track.transition","repository":"VictoriaMetrics/VictoriaMetrics","trackingVersion":"phase3-v1","from":"UNASSESSED","to":"WARM","reason":"first assessment: WARM because warm:pushedWithin30d&stars>=1000"}
{"ts":"2026-09-26T02:49:18.618Z","operation":"track.transition","repository":"callstack/react-native-testing-library","trackingVersion":"phase3-v1","from":"UNASSESSED","to":"WARM","reason":"first assessment: WARM because warm:pushedWithin30d&stars>=1000"}
{"ts":"2026-09-26T02:49:18.618Z","operation":"track.transition","repository":"triton-inference-server/server","trackingVersion":"phase3-v1","from":"UNASSESSED","to":"WARM","reason":"first assessment: WARM because warm:pushedWithin30d&stars>=1000"}
{"ts":"2026-09-26T02:49:18.618Z","operation":"track.transition","repository":"scalar-labs/scalardb","trackingVersion":"phase3-v1","from":"UNASSESSED","to":"DORMANT","reason":"first assessment: DORMANT because dormant:no hot or warm rule passed"}
{"ts":"2026-09-26T02:49:18.618Z","operation":"track.transition","repository":"openvinotoolkit/openvino","trackingVersion":"phase3-v1","from":"UNASSESSED","to":"WARM","reason":"first assessment: WARM because warm:pushedWithin30d&stars>=1000"}
{"ts":"2026-09-26T02:49:18.618Z","operation":"track.transition","repository":"senthilrch/kube-fledged","trackingVersion":"phase3-v1","from":"UNASSESSED","to":"WARM","reason":"first assessment: WARM because warm:pushedWithin30d&stars>=1000"}
{"ts":"2026-09-26T02:49:18.618Z","operation":"track.transition","repository":"amir20/dozzle","trackingVersion":"phase3-v1","from":"UNASSESSED","to":"WARM","reason":"first assessment: WARM because warm:starsPerDay30d>=8, warm:pushedWithin30d&stars>=1000"}
{"ts":"2026-09-26T02:49:18.618Z","operation":"track.transition","repository":"unionai-oss/pandera","trackingVersion":"phase3-v1","from":"UNASSESSED","to":"WARM","reason":"first assessment: WARM because warm:pushedWithin30d&stars>=1000"}
{"ts":"2026-09-26T02:49:18.618Z","operation":"track.transition","repository":"jkroepke/helm-secrets","trackingVersion":"phase3-v1","from":"UNASSESSED","to":"WARM","reason":"first assessment: WARM because warm:pushedWithin30d&stars>=1000"}
{"ts":"2026-09-26T02:49:18.618Z","operation":"track.transition","repository":"theonedev/onedev","trackingVersion":"phase3-v1","from":"UNASSESSED","to":"WARM","reason":"first assessment: WARM because warm:pushedWithin30d&stars>=1000"}
{"ts":"2026-09-26T02:49:18.618Z","operation":"track.transition","repository":"itwanger/toBeBetterJavaer","trackingVersion":"phase3-v1","from":"UNASSESSED","to":"WARM","reason":"first assessment: WARM because warm:pushedWithin30d&stars>=1000"}
{"ts":"2026-09-26T02:49:18.618Z","operation":"track.transition","repository":"j3ssie/osmedeus","trackingVersion":"phase3-v1","from":"UNASSESSED","to":"WARM","reason":"first assessment: WARM because warm:pushedWithin30d&stars>=1000"}
{"ts":"2026-09-26T02:49:18.618Z","operation":"track.transition","repository":"Hakky54/mutual-tls-ssl","trackingVersion":"phase3-v1","from":"UNASSESSED","to":"DORMANT","reason":"first assessment: DORMANT because dormant:no hot or warm rule passed"}
{"ts":"2026-09-26T02:49:18.618Z","operation":"track.transition","repository":"meshery/meshery","trackingVersion":"phase3-v1","from":"UNASSESSED","to":"WARM","reason":"first assessment: WARM because warm:starsPerDay30d>=8, warm:pushedWithin30d&stars>=1000"}
{"ts":"2026-09-26T02:49:18.618Z","operation":"track.transition","repository":"spring-cloud/spring-cloud-circuitbreaker","trackingVersion":"phase3-v1","from":"UNASSESSED","to":"DORMANT","reason":"first assessment: DORMANT because dormant:no hot or warm rule passed"}
{"ts":"2026-09-26T02:49:18.618Z","operation":"track.transition","repository":"firecracker-microvm/firecracker-containerd","trackingVersion":"phase3-v1","from":"UNASSESSED","to":"WARM","reason":"first assessment: WARM because warm:pushedWithin30d&stars>=1000"}
{"ts":"2026-09-26T02:49:18.618Z","operation":"track.transition","repository":"sunkaifei/FlyCms","trackingVersion":"phase3-v1","from":"UNASSESSED","to":"DORMANT","reason":"first assessment: DORMANT because dormant:no hot or warm rule passed"}
{"ts":"2026-09-26T02:49:18.618Z","operation":"track.transition","repository":"openmessaging/dledger","trackingVersion":"phase3-v1","from":"UNASSESSED","to":"DORMANT","reason":"first assessment: DORMANT because dormant:no hot or warm rule passed"}
{"ts":"2026-09-26T02:49:18.618Z","operation":"track.transition","repository":"parca-dev/parca","trackingVersion":"phase3-v1","from":"UNASSESSED","to":"WARM","reason":"first assessment: WARM because warm:pushedWithin30d&stars>=1000"}
{"ts":"2026-09-26T02:49:18.618Z","operation":"track.transition","repository":"hyperf/hyperf","trackingVersion":"phase3-v1","from":"UNASSESSED","to":"WARM","reason":"first assessment: WARM because warm:pushedWithin30d&stars>=1000"}
{"ts":"2026-09-26T02:49:18.618Z","operation":"track.transition","repository":"phongnguyend/Practical.CleanArchitecture","trackingVersion":"phase3-v1","from":"UNASSESSED","to":"WARM","reason":"first assessment: WARM because warm:pushedWithin30d&stars>=1000"}
{"ts":"2026-09-26T02:49:18.618Z","operation":"track.transition","repository":"ekrich/sconfig","trackingVersion":"phase3-v1","from":"UNASSESSED","to":"DORMANT","reason":"first assessment: DORMANT because dormant:no hot or warm rule passed"}
{"ts":"2026-09-26T02:49:18.618Z","operation":"track.transition","repository":"avaje/avaje-config","trackingVersion":"phase3-v1","from":"UNASSESSED","to":"DORMANT","reason":"first assessment: DORMANT because dormant:no hot or warm rule passed"}
{"ts":"2026-09-26T02:49:18.618Z","operation":"track.transition","repository":"nubenetes/awesome-kubernetes","trackingVersion":"phase3-v1","from":"UNASSESSED","to":"DORMANT","reason":"first assessment: DORMANT because dormant:no hot or warm rule passed"}
{"ts":"2026-09-26T02:49:18.618Z","operation":"track.transition","repository":"deviceinsight/kafkactl","trackingVersion":"phase3-v1","from":"UNASSESSED","to":"WARM","reason":"first assessment: WARM because warm:pushedWithin30d&stars>=1000"}
{"ts":"2026-09-26T02:49:18.618Z","operation":"track.transition","repository":"hercules-ci/arion","trackingVersion":"phase3-v1","from":"UNASSESSED","to":"DORMANT","reason":"first assessment: DORMANT because dormant:no hot or warm rule passed"}
{"ts":"2026-09-26T02:49:18.618Z","operation":"track.transition","repository":"teaql/teaql-agent-kit","trackingVersion":"phase3-v1","from":"UNASSESSED","to":"WARM","reason":"first assessment: WARM because warm:pushedWithin30d&stars>=1000"}
{"ts":"2026-09-26T02:49:18.618Z","operation":"track.transition","repository":"OpenCTI-Platform/opencti","trackingVersion":"phase3-v1","from":"UNASSESSED","to":"WARM","reason":"first assessment: WARM because warm:pushedWithin30d&stars>=1000"}
{"ts":"2026-09-26T02:49:18.618Z","operation":"track.transition","repository":"Kotlin/kotlinx-benchmark","trackingVersion":"phase3-v1","from":"UNASSESSED","to":"DORMANT","reason":"first assessment: DORMANT because dormant:no hot or warm rule passed"}
{"ts":"2026-09-26T02:49:18.618Z","operation":"track.transition","repository":"splunk/security_content","trackingVersion":"phase3-v1","from":"UNASSESSED","to":"WARM","reason":"first assessment: WARM because warm:pushedWithin30d&stars>=1000"}
{"ts":"2026-09-26T02:49:18.618Z","operation":"track.transition","repository":"taskforcesh/bullmq","trackingVersion":"phase3-v1","from":"UNASSESSED","to":"WARM","reason":"first assessment: WARM because warm:pushedWithin30d&stars>=1000"}
{"ts":"2026-09-26T02:49:18.618Z","operation":"track.transition","repository":"jellyfin/jellyfin-sdk-kotlin","trackingVersion":"phase3-v1","from":"UNASSESSED","to":"DORMANT","reason":"first assessment: DORMANT because dormant:no hot or warm rule passed"}
{"ts":"2026-09-26T02:49:18.618Z","operation":"track.transition","repository":"affige/genmusic_demo_list","trackingVersion":"phase3-v1","from":"UNASSESSED","to":"DORMANT","reason":"first assessment: DORMANT because dormant:no hot or warm rule passed"}
{"ts":"2026-09-26T02:49:18.618Z","operation":"track.transition","repository":"metrico/gigapipe","trackingVersion":"phase3-v1","from":"UNASSESSED","to":"WARM","reason":"first assessment: WARM because warm:pushedWithin30d&stars>=1000"}
{"ts":"2026-09-26T02:49:18.618Z","operation":"track.transition","repository":"ludwig-ai/ludwig","trackingVersion":"phase3-v1","from":"UNASSESSED","to":"WARM","reason":"first assessment: WARM because warm:pushedWithin30d&stars>=1000"}
{"ts":"2026-09-26T02:49:18.618Z","operation":"track.transition","repository":"Aiven-Open/karapace","trackingVersion":"phase3-v1","from":"UNASSESSED","to":"DORMANT","reason":"first assessment: DORMANT because dormant:no hot or warm rule passed"}
{"ts":"2026-09-26T02:49:18.618Z","operation":"track.transition","repository":"vaquarkhan/microservices-recipes-a-free-gitbook","trackingVersion":"phase3-v1","from":"UNASSESSED","to":"DORMANT","reason":"first assessment: DORMANT because dormant:no hot or warm rule passed"}
{"ts":"2026-09-26T02:49:18.618Z","operation":"track.transition","repository":"ddd-by-examples/library","trackingVersion":"phase3-v1","from":"UNASSESSED","to":"WARM","reason":"first assessment: WARM because warm:pushedWithin30d&stars>=1000"}
{"ts":"2026-09-26T02:49:18.618Z","operation":"track.transition","repository":"Kludex/mangum","trackingVersion":"phase3-v1","from":"UNASSESSED","to":"WARM","reason":"first assessment: WARM because warm:pushedWithin30d&stars>=1000"}
{"ts":"2026-09-26T02:49:18.618Z","operation":"track.transition","repository":"snowflakedb/terraform-provider-snowflake","trackingVersion":"phase3-v1","from":"UNASSESSED","to":"DORMANT","reason":"first assessment: DORMANT because dormant:no hot or warm rule passed"}
{"ts":"2026-09-26T02:49:18.618Z","operation":"track.transition","repository":"DIGI-UW/OpenELIS-Global-2","trackingVersion":"phase3-v1","from":"UNASSESSED","to":"DORMANT","reason":"first assessment: DORMANT because dormant:no hot or warm rule passed"}
{"ts":"2026-09-26T02:49:18.618Z","operation":"track.transition","repository":"laixintao/iredis","trackingVersion":"phase3-v1","from":"UNASSESSED","to":"WARM","reason":"first assessment: WARM because warm:pushedWithin30d&stars>=1000"}
{"ts":"2026-09-26T02:49:18.618Z","operation":"track.transition","repository":"trinodb/trino","trackingVersion":"phase3-v1","from":"UNASSESSED","to":"WARM","reason":"first assessment: WARM because warm:pushedWithin30d&stars>=1000"}
{"ts":"2026-09-26T02:49:18.618Z","operation":"track.transition","repository":"y0ngb1n/dockerized","trackingVersion":"phase3-v1","from":"UNASSESSED","to":"DORMANT","reason":"first assessment: DORMANT because dormant:no hot or warm rule passed"}
{"ts":"2026-09-26T02:49:18.618Z","operation":"track.transition","repository":"lets-mica/mica","trackingVersion":"phase3-v1","from":"UNASSESSED","to":"WARM","reason":"first assessment: WARM because warm:pushedWithin30d&stars>=1000"}
{"ts":"2026-09-26T02:49:18.618Z","operation":"track.transition","repository":"dibo-software/diboot","trackingVersion":"phase3-v1","from":"UNASSESSED","to":"WARM","reason":"first assessment: WARM because warm:pushedWithin30d&stars>=1000"}
{"ts":"2026-09-26T02:49:18.618Z","operation":"track.transition","repository":"grafana/grafana-operator","trackingVersion":"phase3-v1","from":"UNASSESSED","to":"WARM","reason":"first assessment: WARM because warm:pushedWithin30d&stars>=1000"}
{"ts":"2026-09-26T02:49:18.618Z","operation":"track.transition","repository":"webrpc/webrpc","trackingVersion":"phase3-v1","from":"UNASSESSED","to":"DORMANT","reason":"first assessment: DORMANT because dormant:no hot or warm rule passed"}
{"ts":"2026-09-26T02:49:18.618Z","operation":"track.transition","repository":"redpanda-data/kminion","trackingVersion":"phase3-v1","from":"UNASSESSED","to":"DORMANT","reason":"first assessment: DORMANT because dormant:no hot or warm rule passed"}
{"ts":"2026-09-26T02:49:18.618Z","operation":"track.transition","repository":"JustinBeckwith/linkinator","trackingVersion":"phase3-v1","from":"UNASSESSED","to":"WARM","reason":"first assessment: WARM because warm:pushedWithin30d&stars>=1000"}
{"ts":"2026-09-26T02:49:18.618Z","operation":"track.transition","repository":"kedacore/keda","trackingVersion":"phase3-v1","from":"UNASSESSED","to":"WARM","reason":"first assessment: WARM because warm:pushedWithin30d&stars>=1000"}
{"ts":"2026-09-26T02:49:18.618Z","operation":"track.transition","repository":"testcontainers/testcontainers-dotnet","trackingVersion":"phase3-v1","from":"UNASSESSED","to":"WARM","reason":"first assessment: WARM because warm:pushedWithin30d&stars>=1000"}
{"ts":"2026-09-26T02:49:18.618Z","operation":"track.transition","repository":"MaterializeInc/materialize","trackingVersion":"phase3-v1","from":"UNASSESSED","to":"WARM","reason":"first assessment: WARM because warm:pushedWithin30d&stars>=1000"}
{"ts":"2026-09-26T02:49:18.618Z","operation":"track.transition","repository":"aws/aws-sdk-pandas","trackingVersion":"phase3-v1","from":"UNASSESSED","to":"WARM","reason":"first assessment: WARM because warm:pushedWithin30d&stars>=1000"}
{"ts":"2026-09-26T02:49:18.618Z","operation":"track.transition","repository":"open-telemetry/opentelemetry-java","trackingVersion":"phase3-v1","from":"UNASSESSED","to":"WARM","reason":"first assessment: WARM because warm:pushedWithin30d&stars>=1000"}
{"ts":"2026-09-26T02:49:18.618Z","operation":"track.transition","repository":"hongbo-miao/hongbomiao.com","trackingVersion":"phase3-v1","from":"UNASSESSED","to":"DORMANT","reason":"first assessment: DORMANT because dormant:no hot or warm rule passed"}
{"ts":"2026-09-26T02:49:18.618Z","operation":"track.transition","repository":"tair-opensource/RedisShake","trackingVersion":"phase3-v1","from":"UNASSESSED","to":"WARM","reason":"first assessment: WARM because warm:pushedWithin30d&stars>=1000"}
{"ts":"2026-09-26T02:49:18.618Z","operation":"track.transition","repository":"carvel-dev/ytt","trackingVersion":"phase3-v1","from":"UNASSESSED","to":"WARM","reason":"first assessment: WARM because warm:pushedWithin30d&stars>=1000"}
{"ts":"2026-09-26T02:49:18.618Z","operation":"track.transition","repository":"graphile/worker","trackingVersion":"phase3-v1","from":"UNASSESSED","to":"WARM","reason":"first assessment: WARM because warm:pushedWithin30d&stars>=1000"}
{"ts":"2026-09-26T02:49:18.618Z","operation":"track.transition","repository":"go-jet/jet","trackingVersion":"phase3-v1","from":"UNASSESSED","to":"WARM","reason":"first assessment: WARM because warm:pushedWithin30d&stars>=1000"}
{"ts":"2026-09-26T02:49:18.618Z","operation":"track.transition","repository":"containers/podman-compose","trackingVersion":"phase3-v1","from":"UNASSESSED","to":"WARM","reason":"first assessment: WARM because warm:pushedWithin30d&stars>=1000"}
{"ts":"2026-09-26T02:49:18.618Z","operation":"track.transition","repository":"serpro69/kotlin-faker","trackingVersion":"phase3-v1","from":"UNASSESSED","to":"DORMANT","reason":"first assessment: DORMANT because dormant:no hot or warm rule passed"}
{"ts":"2026-09-26T02:49:18.618Z","operation":"track.transition","repository":"kumahq/kuma","trackingVersion":"phase3-v1","from":"UNASSESSED","to":"WARM","reason":"first assessment: WARM because warm:pushedWithin30d&stars>=1000"}
{"ts":"2026-09-26T02:49:18.618Z","operation":"track.transition","repository":"polterguy/magic","trackingVersion":"phase3-v1","from":"UNASSESSED","to":"WARM","reason":"first assessment: WARM because warm:pushedWithin30d&stars>=1000"}
{"ts":"2026-09-26T02:49:18.618Z","operation":"track.transition","repository":"NVIDIA/Megatron-LM","trackingVersion":"phase3-v1","from":"UNASSESSED","to":"WARM","reason":"first assessment: WARM because warm:starsPerDay30d>=8, warm:pushedWithin30d&stars>=1000"}
{"ts":"2026-09-26T02:49:18.618Z","operation":"track.transition","repository":"dosco/graphjin","trackingVersion":"phase3-v1","from":"UNASSESSED","to":"WARM","reason":"first assessment: WARM because warm:pushedWithin30d&stars>=1000"}
{"ts":"2026-09-26T02:49:18.618Z","operation":"track.transition","repository":"twmb/franz-go","trackingVersion":"phase3-v1","from":"UNASSESSED","to":"WARM","reason":"first assessment: WARM because warm:pushedWithin30d&stars>=1000"}
{"ts":"2026-09-26T02:49:18.618Z","operation":"track.transition","repository":"kserve/kserve","trackingVersion":"phase3-v1","from":"UNASSESSED","to":"WARM","reason":"first assessment: WARM because warm:pushedWithin30d&stars>=1000"}
{"ts":"2026-09-26T02:49:18.618Z","operation":"track.transition","repository":"opencost/opencost","trackingVersion":"phase3-v1","from":"UNASSESSED","to":"WARM","reason":"first assessment: WARM because warm:pushedWithin30d&stars>=1000"}
{"ts":"2026-09-26T02:49:18.618Z","operation":"track.transition","repository":"bentoml/BentoML","trackingVersion":"phase3-v1","from":"UNASSESSED","to":"WARM","reason":"first assessment: WARM because warm:pushedWithin30d&stars>=1000"}
{"ts":"2026-09-26T02:49:18.618Z","operation":"track.transition","repository":"blackorbird/APT_REPORT","trackingVersion":"phase3-v1","from":"UNASSESSED","to":"WARM","reason":"first assessment: WARM because warm:pushedWithin30d&stars>=1000"}
{"ts":"2026-09-26T02:49:18.618Z","operation":"track.transition","repository":"woodpecker-ci/woodpecker","trackingVersion":"phase3-v1","from":"UNASSESSED","to":"WARM","reason":"first assessment: WARM because warm:pushedWithin30d&stars>=1000"}
{"ts":"2026-09-26T02:49:18.618Z","operation":"track.transition","repository":"SteeltoeOSS/Steeltoe","trackingVersion":"phase3-v1","from":"UNASSESSED","to":"WARM","reason":"first assessment: WARM because warm:pushedWithin30d&stars>=1000"}
{"ts":"2026-09-26T02:49:18.618Z","operation":"track.transition","repository":"apache/apisix-website","trackingVersion":"phase3-v1","from":"UNASSESSED","to":"DORMANT","reason":"first assessment: DORMANT because dormant:no hot or warm rule passed"}
{"ts":"2026-09-26T02:49:18.618Z","operation":"track.transition","repository":"apache/apisix","trackingVersion":"phase3-v1","from":"UNASSESSED","to":"WARM","reason":"first assessment: WARM because warm:pushedWithin30d&stars>=1000"}
{"ts":"2026-09-26T02:49:18.618Z","operation":"track.transition","repository":"unikraft/unikraft","trackingVersion":"phase3-v1","from":"UNASSESSED","to":"WARM","reason":"first assessment: WARM because warm:pushedWithin30d&stars>=1000"}
{"ts":"2026-09-26T02:49:18.618Z","operation":"track.transition","repository":"Calabonga/Microservice-Template","trackingVersion":"phase3-v1","from":"UNASSESSED","to":"DORMANT","reason":"first assessment: DORMANT because dormant:no hot or warm rule passed"}
{"ts":"2026-09-26T02:49:18.618Z","operation":"track.transition","repository":"alibaba/MNN","trackingVersion":"phase3-v1","from":"UNASSESSED","to":"WARM","reason":"first assessment: WARM because warm:pushedWithin30d&stars>=1000"}
{"ts":"2026-09-26T02:49:18.618Z","operation":"track.transition","repository":"openjdk/loom","trackingVersion":"phase3-v1","from":"UNASSESSED","to":"WARM","reason":"first assessment: WARM because warm:pushedWithin30d&stars>=1000"}
{"ts":"2026-09-26T02:49:18.618Z","operation":"track.transition","repository":"emberstack/kubernetes-reflector","trackingVersion":"phase3-v1","from":"UNASSESSED","to":"WARM","reason":"first assessment: WARM because warm:pushedWithin30d&stars>=1000"}
{"ts":"2026-09-26T02:49:18.618Z","operation":"track.transition","repository":"smart-cloud/smart-cloud","trackingVersion":"phase3-v1","from":"UNASSESSED","to":"DORMANT","reason":"first assessment: DORMANT because dormant:no hot or warm rule passed"}
{"ts":"2026-09-26T02:49:18.618Z","operation":"track.transition","repository":"decalage2/awesome-security-hardening","trackingVersion":"phase3-v1","from":"UNASSESSED","to":"WARM","reason":"first assessment: WARM because warm:pushedWithin30d&stars>=1000"}
{"ts":"2026-09-26T02:49:18.618Z","operation":"track.transition","repository":"ch4mpy/spring-addons","trackingVersion":"phase3-v1","from":"UNASSESSED","to":"DORMANT","reason":"first assessment: DORMANT because dormant:no hot or warm rule passed"}
{"ts":"2026-09-26T02:49:18.618Z","operation":"track.transition","repository":"open-telemetry/opentelemetry.io","trackingVersion":"phase3-v1","from":"UNASSESSED","to":"DORMANT","reason":"first assessment: DORMANT because dormant:no hot or warm rule passed"}
{"ts":"2026-09-26T02:49:18.618Z","operation":"track.transition","repository":"Azure/PSRule.Rules.Azure","trackingVersion":"phase3-v1","from":"UNASSESSED","to":"DORMANT","reason":"first assessment: DORMANT because dormant:no hot or warm rule passed"}
{"ts":"2026-09-26T02:49:18.618Z","operation":"track.transition","repository":"open-telemetry/opentelemetry-specification","trackingVersion":"phase3-v1","from":"UNASSESSED","to":"WARM","reason":"first assessment: WARM because warm:pushedWithin30d&stars>=1000"}
{"ts":"2026-09-26T02:49:18.618Z","operation":"track.transition","repository":"YunaiV/yudao-cloud","trackingVersion":"phase3-v1","from":"UNASSESSED","to":"WARM","reason":"first assessment: WARM because warm:pushedWithin30d&stars>=1000"}
{"ts":"2026-09-26T02:49:18.618Z","operation":"track.transition","repository":"open-telemetry/community","trackingVersion":"phase3-v1","from":"UNASSESSED","to":"WARM","reason":"first assessment: WARM because warm:pushedWithin30d&stars>=1000"}
{"ts":"2026-09-26T02:49:18.618Z","operation":"track.transition","repository":"NVIDIA/TensorRT","trackingVersion":"phase3-v1","from":"UNASSESSED","to":"WARM","reason":"first assessment: WARM because warm:pushedWithin30d&stars>=1000"}
{"ts":"2026-09-26T02:49:18.618Z","operation":"track.transition","repository":"GoogleCloudPlatform/cloud-foundation-fabric","trackingVersion":"phase3-v1","from":"UNASSESSED","to":"WARM","reason":"first assessment: WARM because warm:pushedWithin30d&stars>=1000"}
{"ts":"2026-09-26T02:49:18.618Z","operation":"track.transition","repository":"open-telemetry/opentelemetry-dotnet","trackingVersion":"phase3-v1","from":"UNASSESSED","to":"WARM","reason":"first assessment: WARM because warm:pushedWithin30d&stars>=1000"}
{"ts":"2026-09-26T02:49:18.618Z","operation":"track.transition","repository":"open-telemetry/opentelemetry-python","trackingVersion":"phase3-v1","from":"UNASSESSED","to":"WARM","reason":"first assessment: WARM because warm:pushedWithin30d&stars>=1000"}
{"ts":"2026-09-26T02:49:18.618Z","operation":"track.transition","repository":"Pangu-Immortal/MagicWX","trackingVersion":"phase3-v1","from":"UNASSESSED","to":"DORMANT","reason":"first assessment: DORMANT because dormant:no hot or warm rule passed"}
{"ts":"2026-09-26T02:49:18.618Z","operation":"track.transition","repository":"open-telemetry/opentelemetry-collector","trackingVersion":"phase3-v1","from":"UNASSESSED","to":"WARM","reason":"first assessment: WARM because warm:pushedWithin30d&stars>=1000"}
{"ts":"2026-09-26T02:49:18.618Z","operation":"track.transition","repository":"cisagov/Malcolm","trackingVersion":"phase3-v1","from":"UNASSESSED","to":"WARM","reason":"first assessment: WARM because warm:pushedWithin30d&stars>=1000"}
{"ts":"2026-09-26T02:49:18.618Z","operation":"track.transition","repository":"open-telemetry/opentelemetry-go","trackingVersion":"phase3-v1","from":"UNASSESSED","to":"WARM","reason":"first assessment: WARM because warm:pushedWithin30d&stars>=1000"}
{"ts":"2026-09-26T02:49:18.618Z","operation":"track.transition","repository":"open-telemetry/opentelemetry-proto","trackingVersion":"phase3-v1","from":"UNASSESSED","to":"DORMANT","reason":"first assessment: DORMANT because dormant:no hot or warm rule passed"}
{"ts":"2026-09-26T02:49:18.618Z","operation":"track.transition","repository":"lonePatient/awesome-pretrained-chinese-nlp-models","trackingVersion":"phase3-v1","from":"UNASSESSED","to":"WARM","reason":"first assessment: WARM because warm:pushedWithin30d&stars>=1000"}
{"ts":"2026-09-26T02:49:18.618Z","operation":"track.transition","repository":"obsidiandynamics/kafdrop","trackingVersion":"phase3-v1","from":"UNASSESSED","to":"WARM","reason":"first assessment: WARM because warm:pushedWithin30d&stars>=1000"}
{"ts":"2026-09-26T02:49:18.618Z","operation":"track.transition","repository":"AFLplusplus/AFLplusplus","trackingVersion":"phase3-v1","from":"UNASSESSED","to":"WARM","reason":"first assessment: WARM because warm:pushedWithin30d&stars>=1000"}
{"ts":"2026-09-26T02:49:18.618Z","operation":"track.transition","repository":"open-telemetry/opentelemetry-ruby","trackingVersion":"phase3-v1","from":"UNASSESSED","to":"DORMANT","reason":"first assessment: DORMANT because dormant:no hot or warm rule passed"}
{"ts":"2026-09-26T02:49:18.618Z","operation":"track.transition","repository":"openkruise/kruise","trackingVersion":"phase3-v1","from":"UNASSESSED","to":"WARM","reason":"first assessment: WARM because warm:pushedWithin30d&stars>=1000"}
{"ts":"2026-09-26T02:49:18.618Z","operation":"track.transition","repository":"aimhubio/aim","trackingVersion":"phase3-v1","from":"UNASSESSED","to":"WARM","reason":"first assessment: WARM because warm:pushedWithin30d&stars>=1000"}
{"ts":"2026-09-26T02:49:18.618Z","operation":"track.transition","repository":"joffrey-bion/krossbow","trackingVersion":"phase3-v1","from":"UNASSESSED","to":"DORMANT","reason":"first assessment: DORMANT because dormant:no hot or warm rule passed"}
{"ts":"2026-09-26T02:49:18.618Z","operation":"track.transition","repository":"autobase-tech/autobase","trackingVersion":"phase3-v1","from":"UNASSESSED","to":"WARM","reason":"first assessment: WARM because warm:pushedWithin30d&stars>=1000"}
{"ts":"2026-09-26T02:49:18.618Z","operation":"track.transition","repository":"clearml/clearml","trackingVersion":"phase3-v1","from":"UNASSESSED","to":"WARM","reason":"first assessment: WARM because warm:pushedWithin30d&stars>=1000"}
{"ts":"2026-09-26T02:49:18.618Z","operation":"track.transition","repository":"vividus-framework/vividus","trackingVersion":"phase3-v1","from":"UNASSESSED","to":"DORMANT","reason":"first assessment: DORMANT because dormant:no hot or warm rule passed"}
{"ts":"2026-09-26T02:49:18.618Z","operation":"track.transition","repository":"open-telemetry/opentelemetry-cpp","trackingVersion":"phase3-v1","from":"UNASSESSED","to":"WARM","reason":"first assessment: WARM because warm:pushedWithin30d&stars>=1000"}
{"ts":"2026-09-26T02:49:18.618Z","operation":"track.transition","repository":"sqlc-dev/sqlc","trackingVersion":"phase3-v1","from":"UNASSESSED","to":"WARM","reason":"first assessment: WARM because warm:pushedWithin30d&stars>=1000"}
{"ts":"2026-09-26T02:49:18.618Z","operation":"track.transition","repository":"voidcosmos/npkill","trackingVersion":"phase3-v1","from":"UNASSESSED","to":"WARM","reason":"first assessment: WARM because warm:pushedWithin30d&stars>=1000"}
{"ts":"2026-09-26T02:49:18.618Z","operation":"track.transition","repository":"eko/monday","trackingVersion":"phase3-v1","from":"UNASSESSED","to":"WARM","reason":"first assessment: WARM because warm:pushedWithin30d&stars>=1000"}
{"ts":"2026-09-26T02:49:18.618Z","operation":"track.transition","repository":"open-telemetry/opentelemetry-collector-contrib","trackingVersion":"phase3-v1","from":"UNASSESSED","to":"WARM","reason":"first assessment: WARM because warm:pushedWithin30d&stars>=1000"}
{"ts":"2026-09-26T02:49:18.618Z","operation":"track.transition","repository":"springdoc/springdoc-openapi","trackingVersion":"phase3-v1","from":"UNASSESSED","to":"WARM","reason":"first assessment: WARM because warm:pushedWithin30d&stars>=1000"}
{"ts":"2026-09-26T02:49:18.618Z","operation":"track.transition","repository":"smallrye/smallrye-mutiny","trackingVersion":"phase3-v1","from":"UNASSESSED","to":"DORMANT","reason":"first assessment: DORMANT because dormant:no hot or warm rule passed"}
{"ts":"2026-09-26T02:49:18.618Z","operation":"track.transition","repository":"autogluon/autogluon","trackingVersion":"phase3-v1","from":"UNASSESSED","to":"WARM","reason":"first assessment: WARM because warm:starsPerDay7d>=8, warm:pushedWithin30d&stars>=1000"}
{"ts":"2026-09-26T02:49:18.618Z","operation":"track.transition","repository":"learning-cloud-native-go/myapp","trackingVersion":"phase3-v1","from":"UNASSESSED","to":"WARM","reason":"first assessment: WARM because warm:pushedWithin30d&stars>=1000"}
{"ts":"2026-09-26T02:49:18.618Z","operation":"track.transition","repository":"NVIDIA-NeMo/Speech","trackingVersion":"phase3-v1","from":"UNASSESSED","to":"WARM","reason":"first assessment: WARM because warm:pushedWithin30d&stars>=1000"}
{"ts":"2026-09-26T02:49:18.618Z","operation":"track.transition","repository":"gotson/komga","trackingVersion":"phase3-v1","from":"UNASSESSED","to":"WARM","reason":"first assessment: WARM because warm:pushedWithin30d&stars>=1000"}
{"ts":"2026-09-26T02:49:18.618Z","operation":"track.transition","repository":"apache/kvrocks","trackingVersion":"phase3-v1","from":"UNASSESSED","to":"WARM","reason":"first assessment: WARM because warm:pushedWithin30d&stars>=1000"}
{"ts":"2026-09-26T02:49:18.618Z","operation":"track.transition","repository":"alexellis/k3sup","trackingVersion":"phase3-v1","from":"UNASSESSED","to":"WARM","reason":"first assessment: WARM because warm:pushedWithin30d&stars>=1000"}
{"ts":"2026-09-26T02:49:18.618Z","operation":"track.transition","repository":"lordcodes/turtle","trackingVersion":"phase3-v1","from":"UNASSESSED","to":"DORMANT","reason":"first assessment: DORMANT because dormant:no hot or warm rule passed"}
{"ts":"2026-09-26T02:49:18.618Z","operation":"track.transition","repository":"schemathesis/schemathesis","trackingVersion":"phase3-v1","from":"UNASSESSED","to":"WARM","reason":"first assessment: WARM because warm:pushedWithin30d&stars>=1000"}
{"ts":"2026-09-26T02:49:18.618Z","operation":"track.transition","repository":"bunkerity/bunkerweb","trackingVersion":"phase3-v1","from":"UNASSESSED","to":"WARM","reason":"first assessment: WARM because warm:pushedWithin30d&stars>=1000"}
{"ts":"2026-09-26T02:49:18.618Z","operation":"track.transition","repository":"dathlin/HslCommunication","trackingVersion":"phase3-v1","from":"UNASSESSED","to":"WARM","reason":"first assessment: WARM because warm:pushedWithin30d&stars>=1000"}
{"ts":"2026-09-26T02:49:18.618Z","operation":"track.transition","repository":"pig-mesh/pig","trackingVersion":"phase3-v1","from":"UNASSESSED","to":"WARM","reason":"first assessment: WARM because warm:pushedWithin30d&stars>=1000"}
{"ts":"2026-09-26T02:49:18.618Z","operation":"track.transition","repository":"openebs/mayastor","trackingVersion":"phase3-v1","from":"UNASSESSED","to":"WARM","reason":"first assessment: WARM because warm:pushedWithin30d&stars>=1000"}
{"ts":"2026-09-26T02:49:18.618Z","operation":"track.transition","repository":"shortlink-org/shortlink","trackingVersion":"phase3-v1","from":"UNASSESSED","to":"DORMANT","reason":"first assessment: DORMANT because dormant:no hot or warm rule passed"}
{"ts":"2026-09-26T02:49:18.618Z","operation":"track.transition","repository":"marcosschroh/dataclasses-avroschema","trackingVersion":"phase3-v1","from":"UNASSESSED","to":"DORMANT","reason":"first assessment: DORMANT because dormant:no hot or warm rule passed"}
{"ts":"2026-09-26T02:49:18.618Z","operation":"track.transition","repository":"0xb4lamx/nestjs-boilerplate-microservice","trackingVersion":"phase3-v1","from":"UNASSESSED","to":"DORMANT","reason":"first assessment: DORMANT because dormant:no hot or warm rule passed"}
{"ts":"2026-09-26T02:49:18.618Z","operation":"track.transition","repository":"mlrun/mlrun","trackingVersion":"phase3-v1","from":"UNASSESSED","to":"WARM","reason":"first assessment: WARM because warm:pushedWithin30d&stars>=1000"}
{"ts":"2026-09-26T02:49:18.618Z","operation":"track.transition","repository":"pluralsh/plural","trackingVersion":"phase3-v1","from":"UNASSESSED","to":"WARM","reason":"first assessment: WARM because warm:pushedWithin30d&stars>=1000"}
{"ts":"2026-09-26T02:49:18.618Z","operation":"track.transition","repository":"chaos-mesh/chaos-mesh","trackingVersion":"phase3-v1","from":"UNASSESSED","to":"WARM","reason":"first assessment: WARM because warm:pushedWithin30d&stars>=1000"}
{"ts":"2026-09-26T02:49:18.618Z","operation":"track.transition","repository":"apache/eventmesh","trackingVersion":"phase3-v1","from":"UNASSESSED","to":"WARM","reason":"first assessment: WARM because warm:pushedWithin30d&stars>=1000"}
{"ts":"2026-09-26T02:49:18.618Z","operation":"track.transition","repository":"Netflix/metaflow","trackingVersion":"phase3-v1","from":"UNASSESSED","to":"WARM","reason":"first assessment: WARM because warm:pushedWithin30d&stars>=1000"}
{"ts":"2026-09-26T02:49:18.618Z","operation":"track.transition","repository":"qawolf/cli","trackingVersion":"phase3-v1","from":"UNASSESSED","to":"WARM","reason":"first assessment: WARM because warm:pushedWithin30d&stars>=1000"}
{"ts":"2026-09-26T02:49:18.618Z","operation":"track.transition","repository":"dapr/docs","trackingVersion":"phase3-v1","from":"UNASSESSED","to":"WARM","reason":"first assessment: WARM because warm:pushedWithin30d&stars>=1000"}
{"ts":"2026-09-26T02:49:18.618Z","operation":"track.transition","repository":"supabase/realtime","trackingVersion":"phase3-v1","from":"UNASSESSED","to":"WARM","reason":"first assessment: WARM because warm:pushedWithin30d&stars>=1000"}
{"ts":"2026-09-26T02:49:18.618Z","operation":"track.transition","repository":"vdesabou/kafka-docker-playground","trackingVersion":"phase3-v1","from":"UNASSESSED","to":"DORMANT","reason":"first assessment: DORMANT because dormant:no hot or warm rule passed"}
{"ts":"2026-09-26T02:49:18.618Z","operation":"track.transition","repository":"adelsz/pgtyped","trackingVersion":"phase3-v1","from":"UNASSESSED","to":"WARM","reason":"first assessment: WARM because warm:pushedWithin30d&stars>=1000"}
{"ts":"2026-09-26T02:49:18.618Z","operation":"track.transition","repository":"aws4embeddedlinux/meta-aws","trackingVersion":"phase3-v1","from":"UNASSESSED","to":"DORMANT","reason":"first assessment: DORMANT because dormant:no hot or warm rule passed"}
{"ts":"2026-09-26T02:49:18.618Z","operation":"track.transition","repository":"open-telemetry/opentelemetry-php","trackingVersion":"phase3-v1","from":"UNASSESSED","to":"DORMANT","reason":"first assessment: DORMANT because dormant:no hot or warm rule passed"}
{"ts":"2026-09-26T02:49:18.618Z","operation":"track.transition","repository":"redpanda-data/console","trackingVersion":"phase3-v1","from":"UNASSESSED","to":"WARM","reason":"first assessment: WARM because warm:pushedWithin30d&stars>=1000"}
{"ts":"2026-09-26T02:49:18.618Z","operation":"track.transition","repository":"yangzongzhuan/RuoYi-fast","trackingVersion":"phase3-v1","from":"UNASSESSED","to":"DORMANT","reason":"first assessment: DORMANT because dormant:no hot or warm rule passed"}
{"ts":"2026-09-26T02:49:18.618Z","operation":"track.transition","repository":"eko/gocache","trackingVersion":"phase3-v1","from":"UNASSESSED","to":"WARM","reason":"first assessment: WARM because warm:pushedWithin30d&stars>=1000"}
{"ts":"2026-09-26T02:49:18.619Z","operation":"track.transition","repository":"go-spring/go-spring","trackingVersion":"phase3-v1","from":"UNASSESSED","to":"WARM","reason":"first assessment: WARM because warm:pushedWithin30d&stars>=1000"}
{"ts":"2026-09-26T02:49:18.619Z","operation":"track.transition","repository":"Project-MONAI/MONAI","trackingVersion":"phase3-v1","from":"UNASSESSED","to":"WARM","reason":"first assessment: WARM because warm:pushedWithin30d&stars>=1000"}
{"ts":"2026-09-26T02:49:18.619Z","operation":"track.transition","repository":"yangzongzhuan/RuoYi","trackingVersion":"phase3-v1","from":"UNASSESSED","to":"WARM","reason":"first assessment: WARM because warm:pushedWithin30d&stars>=1000"}
{"ts":"2026-09-26T02:49:18.619Z","operation":"track.transition","repository":"nfstream/nfstream","trackingVersion":"phase3-v1","from":"UNASSESSED","to":"WARM","reason":"first assessment: WARM because warm:pushedWithin30d&stars>=1000"}
{"ts":"2026-09-26T02:49:18.619Z","operation":"track.transition","repository":"alan-ai/alan-sdk-web","trackingVersion":"phase3-v1","from":"UNASSESSED","to":"WARM","reason":"first assessment: WARM because warm:pushedWithin30d&stars>=1000"}
{"ts":"2026-09-26T02:49:18.619Z","operation":"track.transition","repository":"autonomousapps/dependency-analysis-gradle-plugin","trackingVersion":"phase3-v1","from":"UNASSESSED","to":"WARM","reason":"first assessment: WARM because warm:pushedWithin30d&stars>=1000"}
{"ts":"2026-09-26T02:49:18.619Z","operation":"track.transition","repository":"aws-controllers-k8s/community","trackingVersion":"phase3-v1","from":"UNASSESSED","to":"WARM","reason":"first assessment: WARM because warm:pushedWithin30d&stars>=1000"}
{"ts":"2026-09-26T02:49:18.619Z","operation":"track.transition","repository":"yangzongzhuan/RuoYi-Oracle","trackingVersion":"phase3-v1","from":"UNASSESSED","to":"DORMANT","reason":"first assessment: DORMANT because dormant:no hot or warm rule passed"}
{"ts":"2026-09-26T02:49:18.619Z","operation":"track.transition","repository":"mateaix/matecloud","trackingVersion":"phase3-v1","from":"UNASSESSED","to":"WARM","reason":"first assessment: WARM because warm:pushedWithin30d&stars>=1000"}
{"ts":"2026-09-26T02:49:18.619Z","operation":"track.transition","repository":"wait4x/wait4x","trackingVersion":"phase3-v1","from":"UNASSESSED","to":"WARM","reason":"first assessment: WARM because warm:pushedWithin30d&stars>=1000"}
{"ts":"2026-09-26T02:49:18.619Z","operation":"track.transition","repository":"JetBrains/kotlin-compiler-server","trackingVersion":"phase3-v1","from":"UNASSESSED","to":"DORMANT","reason":"first assessment: DORMANT because dormant:no hot or warm rule passed"}
{"ts":"2026-09-26T02:49:18.619Z","operation":"track.transition","repository":"codenotary/immudb","trackingVersion":"phase3-v1","from":"UNASSESSED","to":"WARM","reason":"first assessment: WARM because warm:pushedWithin30d&stars>=1000"}
{"ts":"2026-09-26T02:49:18.619Z","operation":"track.transition","repository":"kubernetes-sigs/headlamp","trackingVersion":"phase3-v1","from":"UNASSESSED","to":"WARM","reason":"first assessment: WARM because warm:pushedWithin30d&stars>=1000"}
{"ts":"2026-09-26T02:49:18.619Z","operation":"track.transition","repository":"open-telemetry/opentelemetry-rust","trackingVersion":"phase3-v1","from":"UNASSESSED","to":"WARM","reason":"first assessment: WARM because warm:pushedWithin30d&stars>=1000"}
{"ts":"2026-09-26T02:49:18.619Z","operation":"track.transition","repository":"Effect-TS/effect","trackingVersion":"phase3-v1","from":"UNASSESSED","to":"WARM","reason":"first assessment: WARM because warm:starsPerDay7d>=8, warm:starsPerDay30d>=8, warm:pushedWithin30d&stars>=1000"}
{"ts":"2026-09-26T02:49:18.619Z","operation":"track.transition","repository":"apache/apisix-ingress-controller","trackingVersion":"phase3-v1","from":"UNASSESSED","to":"WARM","reason":"first assessment: WARM because warm:pushedWithin30d&stars>=1000"}
{"ts":"2026-09-26T02:49:18.619Z","operation":"track.transition","repository":"amazon-braket/amazon-braket-sdk-python","trackingVersion":"phase3-v1","from":"UNASSESSED","to":"DORMANT","reason":"first assessment: DORMANT because dormant:no hot or warm rule passed"}
{"ts":"2026-09-26T02:49:18.619Z","operation":"track.transition","repository":"pixiu-io/kubez-ansible","trackingVersion":"phase3-v1","from":"UNASSESSED","to":"WARM","reason":"first assessment: WARM because warm:pushedWithin30d&stars>=1000"}
{"ts":"2026-09-26T02:49:18.619Z","operation":"track.transition","repository":"aws-powertools/powertools-lambda-python","trackingVersion":"phase3-v1","from":"UNASSESSED","to":"WARM","reason":"first assessment: WARM because warm:pushedWithin30d&stars>=1000"}
{"ts":"2026-09-26T02:49:18.619Z","operation":"track.transition","repository":"microsoft/rnx-kit","trackingVersion":"phase3-v1","from":"UNASSESSED","to":"WARM","reason":"first assessment: WARM because warm:pushedWithin30d&stars>=1000"}
{"ts":"2026-09-26T02:49:18.619Z","operation":"track.transition","repository":"cilium/hubble","trackingVersion":"phase3-v1","from":"UNASSESSED","to":"WARM","reason":"first assessment: WARM because warm:pushedWithin30d&stars>=1000"}
{"ts":"2026-09-26T02:49:18.619Z","operation":"track.transition","repository":"wmariuss/awesome-devops","trackingVersion":"phase3-v1","from":"UNASSESSED","to":"WARM","reason":"first assessment: WARM because warm:pushedWithin30d&stars>=1000"}
{"ts":"2026-09-26T02:49:18.619Z","operation":"track.transition","repository":"dagger/dagger","trackingVersion":"phase3-v1","from":"UNASSESSED","to":"WARM","reason":"first assessment: WARM because warm:pushedWithin30d&stars>=1000"}
{"ts":"2026-09-26T02:49:18.619Z","operation":"track.transition","repository":"democratic-csi/democratic-csi","trackingVersion":"phase3-v1","from":"UNASSESSED","to":"WARM","reason":"first assessment: WARM because warm:pushedWithin30d&stars>=1000"}
{"ts":"2026-09-26T02:49:18.619Z","operation":"track.transition","repository":"helm/chart-testing-action","trackingVersion":"phase3-v1","from":"UNASSESSED","to":"DORMANT","reason":"first assessment: DORMANT because dormant:no hot or warm rule passed"}
{"ts":"2026-09-26T02:49:18.619Z","operation":"track.transition","repository":"porsager/postgres","trackingVersion":"phase3-v1","from":"UNASSESSED","to":"WARM","reason":"first assessment: WARM because warm:pushedWithin30d&stars>=1000"}
{"ts":"2026-09-26T02:49:18.619Z","operation":"track.transition","repository":"dynamodb-toolbox/dynamodb-toolbox","trackingVersion":"phase3-v1","from":"UNASSESSED","to":"WARM","reason":"first assessment: WARM because warm:pushedWithin30d&stars>=1000"}
{"ts":"2026-09-26T02:49:18.619Z","operation":"track.transition","repository":"helm/kind-action","trackingVersion":"phase3-v1","from":"UNASSESSED","to":"DORMANT","reason":"first assessment: DORMANT because dormant:no hot or warm rule passed"}
{"ts":"2026-09-26T02:49:18.619Z","operation":"track.transition","repository":"bridgecrewio/checkov","trackingVersion":"phase3-v1","from":"UNASSESSED","to":"WARM","reason":"first assessment: WARM because warm:pushedWithin30d&stars>=1000"}
{"ts":"2026-09-26T02:49:18.619Z","operation":"track.transition","repository":"k8gb-io/k8gb","trackingVersion":"phase3-v1","from":"UNASSESSED","to":"WARM","reason":"first assessment: WARM because warm:pushedWithin30d&stars>=1000"}
{"ts":"2026-09-26T02:49:18.619Z","operation":"track.transition","repository":"WasmEdge/WasmEdge","trackingVersion":"phase3-v1","from":"UNASSESSED","to":"WARM","reason":"first assessment: WARM because warm:pushedWithin30d&stars>=1000"}
{"ts":"2026-09-26T02:49:18.619Z","operation":"track.transition","repository":"aminueza/terraform-provider-minio","trackingVersion":"phase3-v1","from":"UNASSESSED","to":"DORMANT","reason":"first assessment: DORMANT because dormant:no hot or warm rule passed"}
{"ts":"2026-09-26T02:49:18.619Z","operation":"track.transition","repository":"gyunggyung/AGI-Papers","trackingVersion":"phase3-v1","from":"UNASSESSED","to":"DORMANT","reason":"first assessment: DORMANT because dormant:no hot or warm rule passed"}
{"ts":"2026-09-26T02:49:18.619Z","operation":"track.transition","repository":"semgrep/semgrep","trackingVersion":"phase3-v1","from":"UNASSESSED","to":"WARM","reason":"first assessment: WARM because warm:starsPerDay7d>=8, warm:starsPerDay30d>=8, warm:pushedWithin30d&stars>=1000"}
{"ts":"2026-09-26T02:49:18.619Z","operation":"track.transition","repository":"open-telemetry/opentelemetry-operator","trackingVersion":"phase3-v1","from":"UNASSESSED","to":"WARM","reason":"first assessment: WARM because warm:pushedWithin30d&stars>=1000"}
{"ts":"2026-09-26T02:49:18.619Z","operation":"track.transition","repository":"simplex-chat/simplex-chat","trackingVersion":"phase3-v1","from":"UNASSESSED","to":"WARM","reason":"first assessment: WARM because warm:pushedWithin30d&stars>=1000"}
{"ts":"2026-09-26T02:49:18.619Z","operation":"track.transition","repository":"fenixsoft/awesome-fenix","trackingVersion":"phase3-v1","from":"UNASSESSED","to":"WARM","reason":"first assessment: WARM because warm:pushedWithin30d&stars>=1000"}
{"ts":"2026-09-26T02:49:18.619Z","operation":"track.transition","repository":"dbgate/dbgate","trackingVersion":"phase3-v1","from":"UNASSESSED","to":"WARM","reason":"first assessment: WARM because warm:pushedWithin30d&stars>=1000"}
{"ts":"2026-09-26T02:49:18.619Z","operation":"track.transition","repository":"transact-rs/sqlx","trackingVersion":"phase3-v1","from":"UNASSESSED","to":"WARM","reason":"first assessment: WARM because warm:pushedWithin30d&stars>=1000"}
{"ts":"2026-09-26T02:49:18.619Z","operation":"track.transition","repository":"tuProlog/2p-kt","trackingVersion":"phase3-v1","from":"UNASSESSED","to":"DORMANT","reason":"first assessment: DORMANT because dormant:no hot or warm rule passed"}
{"ts":"2026-09-26T02:49:18.619Z","operation":"track.transition","repository":"SpaiR/imgui-java","trackingVersion":"phase3-v1","from":"UNASSESSED","to":"DORMANT","reason":"first assessment: DORMANT because dormant:no hot or warm rule passed"}
{"ts":"2026-09-26T02:49:18.619Z","operation":"track.transition","repository":"intelowlproject/IntelOwl","trackingVersion":"phase3-v1","from":"UNASSESSED","to":"WARM","reason":"first assessment: WARM because warm:pushedWithin30d&stars>=1000"}
{"ts":"2026-09-26T02:49:18.619Z","operation":"track.transition","repository":"laminas/laminas-code","trackingVersion":"phase3-v1","from":"UNASSESSED","to":"WARM","reason":"first assessment: WARM because warm:pushedWithin30d&stars>=1000"}
{"ts":"2026-09-26T02:49:18.619Z","operation":"track.transition","repository":"jetlinks/jetlinks-community","trackingVersion":"phase3-v1","from":"UNASSESSED","to":"WARM","reason":"first assessment: WARM because warm:pushedWithin30d&stars>=1000"}
{"ts":"2026-09-26T02:49:18.619Z","operation":"track.transition","repository":"LGouellec/streamiz","trackingVersion":"phase3-v1","from":"UNASSESSED","to":"DORMANT","reason":"first assessment: DORMANT because dormant:no hot or warm rule passed"}
{"ts":"2026-09-26T02:49:18.619Z","operation":"track.transition","repository":"supertokens/supertokens-core","trackingVersion":"phase3-v1","from":"UNASSESSED","to":"WARM","reason":"first assessment: WARM because warm:pushedWithin30d&stars>=1000"}
{"ts":"2026-09-26T02:49:18.619Z","operation":"track.transition","repository":"env0/terratag","trackingVersion":"phase3-v1","from":"UNASSESSED","to":"WARM","reason":"first assessment: WARM because warm:pushedWithin30d&stars>=1000"}
{"ts":"2026-09-26T02:49:18.619Z","operation":"track.transition","repository":"cypress-io/cypress-realworld-app","trackingVersion":"phase3-v1","from":"UNASSESSED","to":"WARM","reason":"first assessment: WARM because warm:pushedWithin30d&stars>=1000"}
{"ts":"2026-09-26T02:49:18.619Z","operation":"track.transition","repository":"artifacthub/hub","trackingVersion":"phase3-v1","from":"UNASSESSED","to":"WARM","reason":"first assessment: WARM because warm:pushedWithin30d&stars>=1000"}
{"ts":"2026-09-26T02:49:18.619Z","operation":"track.transition","repository":"odygrd/quill","trackingVersion":"phase3-v1","from":"UNASSESSED","to":"WARM","reason":"first assessment: WARM because warm:pushedWithin30d&stars>=1000"}
{"ts":"2026-09-26T02:49:18.619Z","operation":"track.transition","repository":"apache/dubbo-go-pixiu","trackingVersion":"phase3-v1","from":"UNASSESSED","to":"DORMANT","reason":"first assessment: DORMANT because dormant:no hot or warm rule passed"}
{"ts":"2026-09-26T02:49:18.619Z","operation":"track.transition","repository":"redis-windows/redis-windows","trackingVersion":"phase3-v1","from":"UNASSESSED","to":"WARM","reason":"first assessment: WARM because warm:pushedWithin30d&stars>=1000"}
{"ts":"2026-09-26T02:49:18.619Z","operation":"track.transition","repository":"TommyLemon/UnitAuto","trackingVersion":"phase3-v1","from":"UNASSESSED","to":"DORMANT","reason":"first assessment: DORMANT because dormant:no hot or warm rule passed"}
{"ts":"2026-09-26T02:49:18.619Z","operation":"track.transition","repository":"eclipse-zenoh/zenoh","trackingVersion":"phase3-v1","from":"UNASSESSED","to":"WARM","reason":"first assessment: WARM because warm:pushedWithin30d&stars>=1000"}
{"ts":"2026-09-26T02:49:18.619Z","operation":"track.transition","repository":"rmanguinho/clean-ts-api","trackingVersion":"phase3-v1","from":"UNASSESSED","to":"WARM","reason":"first assessment: WARM because warm:pushedWithin30d&stars>=1000"}
{"ts":"2026-09-26T02:49:18.619Z","operation":"track.transition","repository":"metersphere/metersphere","trackingVersion":"phase3-v1","from":"UNASSESSED","to":"WARM","reason":"first assessment: WARM because warm:pushedWithin30d&stars>=1000"}
{"ts":"2026-09-26T02:49:18.619Z","operation":"track.transition","repository":"dromara/Sa-Token","trackingVersion":"phase3-v1","from":"UNASSESSED","to":"WARM","reason":"first assessment: WARM because warm:pushedWithin30d&stars>=1000"}
{"ts":"2026-09-26T02:49:18.619Z","operation":"track.transition","repository":"databricks/terraform-provider-databricks","trackingVersion":"phase3-v1","from":"UNASSESSED","to":"DORMANT","reason":"first assessment: DORMANT because dormant:no hot or warm rule passed"}
{"ts":"2026-09-26T02:49:18.619Z","operation":"track.transition","repository":"ozontech/file.d","trackingVersion":"phase3-v1","from":"UNASSESSED","to":"DORMANT","reason":"first assessment: DORMANT because dormant:no hot or warm rule passed"}
{"ts":"2026-09-26T02:49:18.619Z","operation":"track.transition","repository":"hashicorp/terraform-ls","trackingVersion":"phase3-v1","from":"UNASSESSED","to":"WARM","reason":"first assessment: WARM because warm:pushedWithin30d&stars>=1000"}
{"ts":"2026-09-26T02:49:18.619Z","operation":"track.transition","repository":"nats-io/nats.rs","trackingVersion":"phase3-v1","from":"UNASSESSED","to":"WARM","reason":"first assessment: WARM because warm:pushedWithin30d&stars>=1000"}
{"ts":"2026-09-26T02:49:18.619Z","operation":"track.transition","repository":"alexellis/arkade","trackingVersion":"phase3-v1","from":"UNASSESSED","to":"WARM","reason":"first assessment: WARM because warm:pushedWithin30d&stars>=1000"}
{"ts":"2026-09-26T02:49:18.619Z","operation":"track.transition","repository":"pixie-io/pixie","trackingVersion":"phase3-v1","from":"UNASSESSED","to":"WARM","reason":"first assessment: WARM because warm:pushedWithin30d&stars>=1000"}
{"ts":"2026-09-26T02:49:18.619Z","operation":"track.transition","repository":"douyu/jupiter","trackingVersion":"phase3-v1","from":"UNASSESSED","to":"WARM","reason":"first assessment: WARM because warm:pushedWithin30d&stars>=1000"}
{"ts":"2026-09-26T02:49:18.619Z","operation":"track.transition","repository":"ccfos/nightingale","trackingVersion":"phase3-v1","from":"UNASSESSED","to":"WARM","reason":"first assessment: WARM because warm:pushedWithin30d&stars>=1000"}
{"ts":"2026-09-26T02:49:18.619Z","operation":"track.transition","repository":"rancher/fleet","trackingVersion":"phase3-v1","from":"UNASSESSED","to":"WARM","reason":"first assessment: WARM because warm:pushedWithin30d&stars>=1000"}
{"ts":"2026-09-26T02:49:18.619Z","operation":"track.transition","repository":"pestphp/pest","trackingVersion":"phase3-v1","from":"UNASSESSED","to":"WARM","reason":"first assessment: WARM because warm:pushedWithin30d&stars>=1000"}
{"ts":"2026-09-26T02:49:18.619Z","operation":"track.transition","repository":"kubesphere/kubekey","trackingVersion":"phase3-v1","from":"UNASSESSED","to":"WARM","reason":"first assessment: WARM because warm:pushedWithin30d&stars>=1000"}
{"ts":"2026-09-26T02:49:18.619Z","operation":"track.transition","repository":"AndriyKalashnykov/spring-microservices-k8s","trackingVersion":"phase3-v1","from":"UNASSESSED","to":"DORMANT","reason":"first assessment: DORMANT because dormant:no hot or warm rule passed"}
{"ts":"2026-09-26T02:49:18.619Z","operation":"track.transition","repository":"yokoffing/Betterfox","trackingVersion":"phase3-v1","from":"UNASSESSED","to":"WARM","reason":"first assessment: WARM because warm:pushedWithin30d&stars>=1000"}
{"ts":"2026-09-26T02:49:18.619Z","operation":"track.transition","repository":"confluentinc/cp-all-in-one","trackingVersion":"phase3-v1","from":"UNASSESSED","to":"WARM","reason":"first assessment: WARM because warm:pushedWithin30d&stars>=1000"}
{"ts":"2026-09-26T02:49:18.619Z","operation":"track.transition","repository":"LianjiaTech/retrofit-spring-boot-starter","trackingVersion":"phase3-v1","from":"UNASSESSED","to":"WARM","reason":"first assessment: WARM because warm:pushedWithin30d&stars>=1000"}
{"ts":"2026-09-26T02:49:18.619Z","operation":"track.transition","repository":"projectdiscovery/nuclei-templates","trackingVersion":"phase3-v1","from":"UNASSESSED","to":"WARM","reason":"first assessment: WARM because warm:pushedWithin30d&stars>=1000"}
{"ts":"2026-09-26T02:49:18.619Z","operation":"track.transition","repository":"doitintl/kube-no-trouble","trackingVersion":"phase3-v1","from":"UNASSESSED","to":"WARM","reason":"first assessment: WARM because warm:pushedWithin30d&stars>=1000"}
{"ts":"2026-09-26T02:49:18.619Z","operation":"track.transition","repository":"dbeaver/cloudbeaver","trackingVersion":"phase3-v1","from":"UNASSESSED","to":"WARM","reason":"first assessment: WARM because warm:pushedWithin30d&stars>=1000"}
{"ts":"2026-09-26T02:49:18.619Z","operation":"track.transition","repository":"xpf0000/FlyEnv","trackingVersion":"phase3-v1","from":"UNASSESSED","to":"WARM","reason":"first assessment: WARM because warm:pushedWithin30d&stars>=1000"}
{"ts":"2026-09-26T02:49:18.619Z","operation":"track.transition","repository":"apptension/saas-boilerplate","trackingVersion":"phase3-v1","from":"UNASSESSED","to":"WARM","reason":"first assessment: WARM because warm:pushedWithin30d&stars>=1000"}
{"ts":"2026-09-26T02:49:18.619Z","operation":"track.transition","repository":"motis-project/motis","trackingVersion":"phase3-v1","from":"UNASSESSED","to":"DORMANT","reason":"first assessment: DORMANT because dormant:no hot or warm rule passed"}
{"ts":"2026-09-26T02:49:18.619Z","operation":"track.transition","repository":"DataTalksClub/machine-learning-zoomcamp","trackingVersion":"phase3-v1","from":"UNASSESSED","to":"WARM","reason":"first assessment: WARM because warm:starsPerDay7d>=8, warm:starsPerDay30d>=8, warm:pushedWithin30d&stars>=1000"}
{"ts":"2026-09-26T02:49:18.619Z","operation":"track.transition","repository":"salesforce/cloudsplaining","trackingVersion":"phase3-v1","from":"UNASSESSED","to":"WARM","reason":"first assessment: WARM because warm:pushedWithin30d&stars>=1000"}
{"ts":"2026-09-26T02:49:18.619Z","operation":"track.transition","repository":"firezone/firezone","trackingVersion":"phase3-v1","from":"UNASSESSED","to":"WARM","reason":"first assessment: WARM because warm:pushedWithin30d&stars>=1000"}
{"ts":"2026-09-26T02:49:18.619Z","operation":"track.transition","repository":"voxel51/fiftyone","trackingVersion":"phase3-v1","from":"UNASSESSED","to":"WARM","reason":"first assessment: WARM because warm:pushedWithin30d&stars>=1000"}
{"ts":"2026-09-26T02:49:18.619Z","operation":"track.transition","repository":"felddy/foundryvtt-docker","trackingVersion":"phase3-v1","from":"UNASSESSED","to":"DORMANT","reason":"first assessment: DORMANT because dormant:no hot or warm rule passed"}
{"ts":"2026-09-26T02:49:18.619Z","operation":"track.transition","repository":"github-aws-runners/terraform-aws-github-runner","trackingVersion":"phase3-v1","from":"UNASSESSED","to":"WARM","reason":"first assessment: WARM because warm:pushedWithin30d&stars>=1000"}
{"ts":"2026-09-26T02:49:18.619Z","operation":"track.transition","repository":"speechbrain/speechbrain","trackingVersion":"phase3-v1","from":"UNASSESSED","to":"WARM","reason":"first assessment: WARM because warm:pushedWithin30d&stars>=1000"}
{"ts":"2026-09-26T02:49:18.619Z","operation":"track.transition","repository":"hashicorp/terraform-exec","trackingVersion":"phase3-v1","from":"UNASSESSED","to":"DORMANT","reason":"first assessment: DORMANT because dormant:no hot or warm rule passed"}
{"ts":"2026-09-26T02:49:18.619Z","operation":"track.transition","repository":"devopness/devopness","trackingVersion":"phase3-v1","from":"UNASSESSED","to":"DORMANT","reason":"first assessment: DORMANT because dormant:no hot or warm rule passed"}
{"ts":"2026-09-26T02:49:18.619Z","operation":"track.transition","repository":"DLR-RM/stable-baselines3","trackingVersion":"phase3-v1","from":"UNASSESSED","to":"WARM","reason":"first assessment: WARM because warm:pushedWithin30d&stars>=1000"}
{"ts":"2026-09-26T02:49:18.619Z","operation":"track.transition","repository":"stratospheric-dev/stratospheric","trackingVersion":"phase3-v1","from":"UNASSESSED","to":"DORMANT","reason":"first assessment: DORMANT because dormant:no hot or warm rule passed"}
{"ts":"2026-09-26T02:49:18.619Z","operation":"track.transition","repository":"open-telemetry/opentelemetry-dotnet-contrib","trackingVersion":"phase3-v1","from":"UNASSESSED","to":"DORMANT","reason":"first assessment: DORMANT because dormant:no hot or warm rule passed"}
{"ts":"2026-09-26T02:49:18.619Z","operation":"track.transition","repository":"liqotech/liqo","trackingVersion":"phase3-v1","from":"UNASSESSED","to":"WARM","reason":"first assessment: WARM because warm:pushedWithin30d&stars>=1000"}
{"ts":"2026-09-26T02:49:18.619Z","operation":"track.transition","repository":"ThreeDotsLabs/wild-workouts-go-ddd-example","trackingVersion":"phase3-v1","from":"UNASSESSED","to":"WARM","reason":"first assessment: WARM because warm:pushedWithin30d&stars>=1000"}
{"ts":"2026-09-26T02:49:18.619Z","operation":"track.transition","repository":"Shuffle/Shuffle","trackingVersion":"phase3-v1","from":"UNASSESSED","to":"WARM","reason":"first assessment: WARM because warm:pushedWithin30d&stars>=1000"}
{"ts":"2026-09-26T02:49:18.619Z","operation":"track.transition","repository":"mostafa/xk6-kafka","trackingVersion":"phase3-v1","from":"UNASSESSED","to":"DORMANT","reason":"first assessment: DORMANT because dormant:no hot or warm rule passed"}
{"ts":"2026-09-26T02:49:18.619Z","operation":"track.transition","repository":"openvinotoolkit/nncf","trackingVersion":"phase3-v1","from":"UNASSESSED","to":"WARM","reason":"first assessment: WARM because warm:pushedWithin30d&stars>=1000"}
{"ts":"2026-09-26T02:49:18.619Z","operation":"track.transition","repository":"crowdsecurity/crowdsec","trackingVersion":"phase3-v1","from":"UNASSESSED","to":"WARM","reason":"first assessment: WARM because warm:starsPerDay7d>=8, warm:starsPerDay30d>=8, warm:pushedWithin30d&stars>=1000"}
{"ts":"2026-09-26T02:49:18.619Z","operation":"track.transition","repository":"supabase/supabase-js","trackingVersion":"phase3-v1","from":"UNASSESSED","to":"WARM","reason":"first assessment: WARM because warm:pushedWithin30d&stars>=1000"}
{"ts":"2026-09-26T02:49:18.619Z","operation":"track.transition","repository":"AndreasAugustin/actions-template-sync","trackingVersion":"phase3-v1","from":"UNASSESSED","to":"DORMANT","reason":"first assessment: DORMANT because dormant:no hot or warm rule passed"}
{"ts":"2026-09-26T02:49:18.619Z","operation":"track.transition","repository":"lindell/multi-gitter","trackingVersion":"phase3-v1","from":"UNASSESSED","to":"WARM","reason":"first assessment: WARM because warm:pushedWithin30d&stars>=1000"}
{"ts":"2026-09-26T02:49:18.619Z","operation":"track.transition","repository":"jeremylvln/Shulker","trackingVersion":"phase3-v1","from":"UNASSESSED","to":"DORMANT","reason":"first assessment: DORMANT because dormant:no hot or warm rule passed"}
{"ts":"2026-09-26T02:49:18.619Z","operation":"track.transition","repository":"openyurtio/openyurt","trackingVersion":"phase3-v1","from":"UNASSESSED","to":"WARM","reason":"first assessment: WARM because warm:pushedWithin30d&stars>=1000"}
{"ts":"2026-09-26T02:49:18.619Z","operation":"track.transition","repository":"hieven/terraform-visual","trackingVersion":"phase3-v1","from":"UNASSESSED","to":"DORMANT","reason":"first assessment: DORMANT because dormant:no hot or warm rule passed"}
{"ts":"2026-09-26T02:49:18.619Z","operation":"track.transition","repository":"anchore/grype","trackingVersion":"phase3-v1","from":"UNASSESSED","to":"WARM","reason":"first assessment: WARM because warm:pushedWithin30d&stars>=1000"}
{"ts":"2026-09-26T02:49:18.619Z","operation":"track.transition","repository":"tikv/minitrace-rust","trackingVersion":"phase3-v1","from":"UNASSESSED","to":"DORMANT","reason":"first assessment: DORMANT because dormant:no hot or warm rule passed"}
{"ts":"2026-09-26T02:49:18.619Z","operation":"track.transition","repository":"the-open-agent/openagent","trackingVersion":"phase3-v1","from":"UNASSESSED","to":"WARM","reason":"first assessment: WARM because warm:pushedWithin30d&stars>=1000"}
{"ts":"2026-09-26T02:49:18.619Z","operation":"track.transition","repository":"pgsty/pigsty","trackingVersion":"phase3-v1","from":"UNASSESSED","to":"WARM","reason":"first assessment: WARM because warm:pushedWithin30d&stars>=1000"}
{"ts":"2026-09-26T02:49:18.619Z","operation":"track.transition","repository":"LanceMcCarthy/DevOpsExamples","trackingVersion":"phase3-v1","from":"UNASSESSED","to":"DORMANT","reason":"first assessment: DORMANT because dormant:no hot or warm rule passed"}
{"ts":"2026-09-26T02:49:18.619Z","operation":"track.transition","repository":"postgres-ai/database-lab-engine","trackingVersion":"phase3-v1","from":"UNASSESSED","to":"WARM","reason":"first assessment: WARM because warm:pushedWithin30d&stars>=1000"}
{"ts":"2026-09-26T02:49:18.619Z","operation":"track.transition","repository":"pipe-cd/pipecd","trackingVersion":"phase3-v1","from":"UNASSESSED","to":"WARM","reason":"first assessment: WARM because warm:pushedWithin30d&stars>=1000"}
{"ts":"2026-09-26T02:49:18.619Z","operation":"track.transition","repository":"GoogleCloudPlatform/asl-ml-immersion","trackingVersion":"phase3-v1","from":"UNASSESSED","to":"WARM","reason":"first assessment: WARM because warm:pushedWithin30d&stars>=1000"}
{"ts":"2026-09-26T02:49:18.619Z","operation":"track.transition","repository":"aws-cloudformation/cloudformation-guard","trackingVersion":"phase3-v1","from":"UNASSESSED","to":"WARM","reason":"first assessment: WARM because warm:pushedWithin30d&stars>=1000"}
{"ts":"2026-09-26T02:49:18.619Z","operation":"track.transition","repository":"khuedoan/homelab","trackingVersion":"phase3-v1","from":"UNASSESSED","to":"WARM","reason":"first assessment: WARM because warm:pushedWithin30d&stars>=1000"}
{"ts":"2026-09-26T02:49:18.619Z","operation":"track.transition","repository":"aws/aws-rfdk","trackingVersion":"phase3-v1","from":"UNASSESSED","to":"DORMANT","reason":"first assessment: DORMANT because dormant:no hot or warm rule passed"}
{"ts":"2026-09-26T02:49:18.619Z","operation":"track.transition","repository":"infracost/infracost","trackingVersion":"phase3-v1","from":"UNASSESSED","to":"WARM","reason":"first assessment: WARM because warm:pushedWithin30d&stars>=1000"}
{"ts":"2026-09-26T02:49:18.619Z","operation":"track.transition","repository":"pykale/pykale","trackingVersion":"phase3-v1","from":"UNASSESSED","to":"DORMANT","reason":"first assessment: DORMANT because dormant:no hot or warm rule passed"}
{"ts":"2026-09-26T02:49:18.619Z","operation":"track.transition","repository":"wimdeblauwe/error-handling-spring-boot-starter","trackingVersion":"phase3-v1","from":"UNASSESSED","to":"DORMANT","reason":"first assessment: DORMANT because dormant:no hot or warm rule passed"}
{"ts":"2026-09-26T02:49:18.619Z","operation":"track.transition","repository":"kubevela/kubevela","trackingVersion":"phase3-v1","from":"UNASSESSED","to":"WARM","reason":"first assessment: WARM because warm:pushedWithin30d&stars>=1000"}
{"ts":"2026-09-26T02:49:18.619Z","operation":"track.transition","repository":"microwind/design-patterns","trackingVersion":"phase3-v1","from":"UNASSESSED","to":"DORMANT","reason":"first assessment: DORMANT because dormant:no hot or warm rule passed"}
{"ts":"2026-09-26T02:49:18.619Z","operation":"track.transition","repository":"dflook/terraform-github-actions","trackingVersion":"phase3-v1","from":"UNASSESSED","to":"DORMANT","reason":"first assessment: DORMANT because dormant:no hot or warm rule passed"}
{"ts":"2026-09-26T02:49:18.619Z","operation":"track.transition","repository":"HangarMC/Hangar","trackingVersion":"phase3-v1","from":"UNASSESSED","to":"DORMANT","reason":"first assessment: DORMANT because dormant:no hot or warm rule passed"}
{"ts":"2026-09-26T02:49:18.619Z","operation":"track.transition","repository":"Checkmarx/kics","trackingVersion":"phase3-v1","from":"UNASSESSED","to":"WARM","reason":"first assessment: WARM because warm:pushedWithin30d&stars>=1000"}
{"ts":"2026-09-26T02:49:18.619Z","operation":"track.transition","repository":"bee-san/RustScan","trackingVersion":"phase3-v1","from":"UNASSESSED","to":"WARM","reason":"first assessment: WARM because warm:pushedWithin30d&stars>=1000"}
{"ts":"2026-09-26T02:49:18.619Z","operation":"track.transition","repository":"prashanth-sams/pytest-html-reporter","trackingVersion":"phase3-v1","from":"UNASSESSED","to":"DORMANT","reason":"first assessment: DORMANT because dormant:no hot or warm rule passed"}
{"ts":"2026-09-26T02:49:18.619Z","operation":"track.transition","repository":"alibaba/compileflow","trackingVersion":"phase3-v1","from":"UNASSESSED","to":"WARM","reason":"first assessment: WARM because warm:pushedWithin30d&stars>=1000"}
{"ts":"2026-09-26T02:49:18.619Z","operation":"track.transition","repository":"zappa/Zappa","trackingVersion":"phase3-v1","from":"UNASSESSED","to":"WARM","reason":"first assessment: WARM because warm:pushedWithin30d&stars>=1000"}
{"ts":"2026-09-26T02:49:18.619Z","operation":"track.transition","repository":"ballerina-platform/module-ballerinax-kafka","trackingVersion":"phase3-v1","from":"UNASSESSED","to":"DORMANT","reason":"first assessment: DORMANT because dormant:no hot or warm rule passed"}
{"ts":"2026-09-26T02:49:18.619Z","operation":"track.transition","repository":"Hacking-the-Cloud/hackingthe.cloud","trackingVersion":"phase3-v1","from":"UNASSESSED","to":"WARM","reason":"first assessment: WARM because warm:pushedWithin30d&stars>=1000"}
{"ts":"2026-09-26T02:49:18.619Z","operation":"track.transition","repository":"robinraju/release-downloader","trackingVersion":"phase3-v1","from":"UNASSESSED","to":"DORMANT","reason":"first assessment: DORMANT because dormant:no hot or warm rule passed"}
{"ts":"2026-09-26T02:49:18.619Z","operation":"track.transition","repository":"intel/neural-compressor","trackingVersion":"phase3-v1","from":"UNASSESSED","to":"WARM","reason":"first assessment: WARM because warm:pushedWithin30d&stars>=1000"}
{"ts":"2026-09-26T02:49:18.619Z","operation":"track.transition","repository":"aws-samples/one-observability-demo","trackingVersion":"phase3-v1","from":"UNASSESSED","to":"DORMANT","reason":"first assessment: DORMANT because dormant:no hot or warm rule passed"}
{"ts":"2026-09-26T02:49:18.619Z","operation":"track.transition","repository":"edgelesssys/marblerun","trackingVersion":"phase3-v1","from":"UNASSESSED","to":"DORMANT","reason":"first assessment: DORMANT because dormant:no hot or warm rule passed"}
{"ts":"2026-09-26T02:49:18.619Z","operation":"track.transition","repository":"Col-E/CAFED00D","trackingVersion":"phase3-v1","from":"UNASSESSED","to":"DORMANT","reason":"first assessment: DORMANT because dormant:no hot or warm rule passed"}
{"ts":"2026-09-26T02:49:18.619Z","operation":"track.transition","repository":"splunk/terraform-provider-splunk","trackingVersion":"phase3-v1","from":"UNASSESSED","to":"DORMANT","reason":"first assessment: DORMANT because dormant:no hot or warm rule passed"}
{"ts":"2026-09-26T02:49:18.619Z","operation":"track.transition","repository":"nestybox/sysbox","trackingVersion":"phase3-v1","from":"UNASSESSED","to":"WARM","reason":"first assessment: WARM because warm:pushedWithin30d&stars>=1000"}
{"ts":"2026-09-26T02:49:18.619Z","operation":"track.transition","repository":"getsentry/sentry-kotlin-multiplatform","trackingVersion":"phase3-v1","from":"UNASSESSED","to":"DORMANT","reason":"first assessment: DORMANT because dormant:no hot or warm rule passed"}
{"ts":"2026-09-26T02:49:18.619Z","operation":"track.transition","repository":"neuml/txtai","trackingVersion":"phase3-v1","from":"UNASSESSED","to":"WARM","reason":"first assessment: WARM because warm:pushedWithin30d&stars>=1000"}
{"ts":"2026-09-26T02:49:18.619Z","operation":"track.transition","repository":"wuwenjie1992/StarryDivineSky","trackingVersion":"phase3-v1","from":"UNASSESSED","to":"DORMANT","reason":"first assessment: DORMANT because dormant:no hot or warm rule passed"}
{"ts":"2026-09-26T02:49:18.619Z","operation":"track.transition","repository":"jolibrain/joliGEN","trackingVersion":"phase3-v1","from":"UNASSESSED","to":"DORMANT","reason":"first assessment: DORMANT because dormant:no hot or warm rule passed"}
{"ts":"2026-09-26T02:49:18.619Z","operation":"track.transition","repository":"AltimateAI/vscode-dbt-power-user","trackingVersion":"phase3-v1","from":"UNASSESSED","to":"DORMANT","reason":"first assessment: DORMANT because dormant:no hot or warm rule passed"}
{"ts":"2026-09-26T02:49:18.619Z","operation":"track.transition","repository":"jfrog/terraform-provider-artifactory","trackingVersion":"phase3-v1","from":"UNASSESSED","to":"DORMANT","reason":"first assessment: DORMANT because dormant:no hot or warm rule passed"}
{"ts":"2026-09-26T02:49:18.619Z","operation":"track.transition","repository":"Orange-OpenSource/hurl","trackingVersion":"phase3-v1","from":"UNASSESSED","to":"WARM","reason":"first assessment: WARM because warm:pushedWithin30d&stars>=1000"}
{"ts":"2026-09-26T02:49:18.619Z","operation":"track.transition","repository":"lucidrains/denoising-diffusion-pytorch","trackingVersion":"phase3-v1","from":"UNASSESSED","to":"WARM","reason":"first assessment: WARM because warm:pushedWithin30d&stars>=1000"}
{"ts":"2026-09-26T02:49:18.619Z","operation":"track.transition","repository":"supabase/supabase-py","trackingVersion":"phase3-v1","from":"UNASSESSED","to":"WARM","reason":"first assessment: WARM because warm:pushedWithin30d&stars>=1000"}
{"ts":"2026-09-26T02:49:18.619Z","operation":"track.transition","repository":"goldbergyoni/nodejs-testing-best-practices","trackingVersion":"phase3-v1","from":"UNASSESSED","to":"WARM","reason":"first assessment: WARM because warm:pushedWithin30d&stars>=1000"}
{"ts":"2026-09-26T02:49:18.619Z","operation":"track.transition","repository":"thalesgroup-cert/Watcher","trackingVersion":"phase3-v1","from":"UNASSESSED","to":"WARM","reason":"first assessment: WARM because warm:pushedWithin30d&stars>=1000"}
{"ts":"2026-09-26T02:49:18.619Z","operation":"track.transition","repository":"stas00/ml-engineering","trackingVersion":"phase3-v1","from":"UNASSESSED","to":"WARM","reason":"first assessment: WARM because warm:starsPerDay30d>=8, warm:pushedWithin30d&stars>=1000"}
{"ts":"2026-09-26T02:49:18.619Z","operation":"track.transition","repository":"cloudposse/atmos","trackingVersion":"phase3-v1","from":"UNASSESSED","to":"WARM","reason":"first assessment: WARM because warm:pushedWithin30d&stars>=1000"}
{"ts":"2026-09-26T02:49:18.619Z","operation":"track.transition","repository":"ZupIT/horusec","trackingVersion":"phase3-v1","from":"UNASSESSED","to":"WARM","reason":"first assessment: WARM because warm:pushedWithin30d&stars>=1000"}
{"ts":"2026-09-26T02:49:18.619Z","operation":"track.transition","repository":"ducaale/xh","trackingVersion":"phase3-v1","from":"UNASSESSED","to":"WARM","reason":"first assessment: WARM because warm:pushedWithin30d&stars>=1000"}
{"ts":"2026-09-26T02:49:18.619Z","operation":"track.transition","repository":"astroautomata/PySR","trackingVersion":"phase3-v1","from":"UNASSESSED","to":"WARM","reason":"first assessment: WARM because warm:pushedWithin30d&stars>=1000"}
{"ts":"2026-09-26T02:49:18.619Z","operation":"track.transition","repository":"aws-observability/aws-otel-collector","trackingVersion":"phase3-v1","from":"UNASSESSED","to":"DORMANT","reason":"first assessment: DORMANT because dormant:no hot or warm rule passed"}
{"ts":"2026-09-26T02:49:18.619Z","operation":"track.transition","repository":"Yamato-Security/hayabusa","trackingVersion":"phase3-v1","from":"UNASSESSED","to":"WARM","reason":"first assessment: WARM because warm:pushedWithin30d&stars>=1000"}
{"ts":"2026-09-26T02:49:18.619Z","operation":"track.transition","repository":"memgraph/memgraph","trackingVersion":"phase3-v1","from":"UNASSESSED","to":"WARM","reason":"first assessment: WARM because warm:pushedWithin30d&stars>=1000"}
{"ts":"2026-09-26T02:49:18.619Z","operation":"track.transition","repository":"snyk/driftctl","trackingVersion":"phase3-v1","from":"UNASSESSED","to":"WARM","reason":"first assessment: WARM because warm:pushedWithin30d&stars>=1000"}
{"ts":"2026-09-26T02:49:18.619Z","operation":"track.transition","repository":"dotdc/grafana-dashboards-kubernetes","trackingVersion":"phase3-v1","from":"UNASSESSED","to":"WARM","reason":"first assessment: WARM because warm:pushedWithin30d&stars>=1000"}
{"ts":"2026-09-26T02:49:18.619Z","operation":"track.transition","repository":"opencve/opencve","trackingVersion":"phase3-v1","from":"UNASSESSED","to":"WARM","reason":"first assessment: WARM because warm:pushedWithin30d&stars>=1000"}
{"ts":"2026-09-26T02:49:18.619Z","operation":"track.transition","repository":"asigalov61/Tegridy-MIDI-Dataset","trackingVersion":"phase3-v1","from":"UNASSESSED","to":"DORMANT","reason":"first assessment: DORMANT because dormant:no hot or warm rule passed"}
{"ts":"2026-09-26T02:49:18.619Z","operation":"track.transition","repository":"awspring/spring-cloud-aws","trackingVersion":"phase3-v1","from":"UNASSESSED","to":"WARM","reason":"first assessment: WARM because warm:pushedWithin30d&stars>=1000"}
{"ts":"2026-09-26T02:49:18.619Z","operation":"track.transition","repository":"dorny/test-reporter","trackingVersion":"phase3-v1","from":"UNASSESSED","to":"WARM","reason":"first assessment: WARM because warm:pushedWithin30d&stars>=1000"}
{"ts":"2026-09-26T02:49:18.619Z","operation":"track.transition","repository":"goshs-labs/goshs","trackingVersion":"phase3-v1","from":"UNASSESSED","to":"DORMANT","reason":"first assessment: DORMANT because dormant:no hot or warm rule passed"}
{"ts":"2026-09-26T02:49:18.619Z","operation":"track.transition","repository":"JetBrains/intellij-ui-test-robot","trackingVersion":"phase3-v1","from":"UNASSESSED","to":"DORMANT","reason":"first assessment: DORMANT because dormant:no hot or warm rule passed"}
{"ts":"2026-09-26T02:49:18.619Z","operation":"track.transition","repository":"amazon-braket/amazon-braket-examples","trackingVersion":"phase3-v1","from":"UNASSESSED","to":"DORMANT","reason":"first assessment: DORMANT because dormant:no hot or warm rule passed"}
{"ts":"2026-09-26T02:49:18.619Z","operation":"track.transition","repository":"databendlabs/databend","trackingVersion":"phase3-v1","from":"UNASSESSED","to":"WARM","reason":"first assessment: WARM because warm:pushedWithin30d&stars>=1000"}
{"ts":"2026-09-26T02:49:18.619Z","operation":"track.transition","repository":"wasmCloud/wasmCloud","trackingVersion":"phase3-v1","from":"UNASSESSED","to":"WARM","reason":"first assessment: WARM because warm:pushedWithin30d&stars>=1000"}
{"ts":"2026-09-26T02:49:18.619Z","operation":"track.transition","repository":"oxsecurity/megalinter","trackingVersion":"phase3-v1","from":"UNASSESSED","to":"WARM","reason":"first assessment: WARM because warm:pushedWithin30d&stars>=1000"}
{"ts":"2026-09-26T02:49:18.619Z","operation":"track.transition","repository":"Qovery/engine","trackingVersion":"phase3-v1","from":"UNASSESSED","to":"WARM","reason":"first assessment: WARM because warm:pushedWithin30d&stars>=1000"}
{"ts":"2026-09-26T02:49:18.619Z","operation":"track.transition","repository":"stern/stern","trackingVersion":"phase3-v1","from":"UNASSESSED","to":"WARM","reason":"first assessment: WARM because warm:pushedWithin30d&stars>=1000"}
{"ts":"2026-09-26T02:49:18.619Z","operation":"track.transition","repository":"casdoor/casdoor","trackingVersion":"phase3-v1","from":"UNASSESSED","to":"WARM","reason":"first assessment: WARM because warm:pushedWithin30d&stars>=1000"}
{"ts":"2026-09-26T02:49:18.619Z","operation":"track.transition","repository":"truera/trulens","trackingVersion":"phase3-v1","from":"UNASSESSED","to":"WARM","reason":"first assessment: WARM because warm:pushedWithin30d&stars>=1000"}
{"ts":"2026-09-26T02:49:18.619Z","operation":"track.transition","repository":"dragonflyoss/dragonfly","trackingVersion":"phase3-v1","from":"UNASSESSED","to":"WARM","reason":"first assessment: WARM because warm:pushedWithin30d&stars>=1000"}
{"ts":"2026-09-26T02:49:18.619Z","operation":"track.transition","repository":"karmada-io/karmada","trackingVersion":"phase3-v1","from":"UNASSESSED","to":"WARM","reason":"first assessment: WARM because warm:pushedWithin30d&stars>=1000"}
{"ts":"2026-09-26T02:49:18.619Z","operation":"track.transition","repository":"formkiq/formkiq-core","trackingVersion":"phase3-v1","from":"UNASSESSED","to":"DORMANT","reason":"first assessment: DORMANT because dormant:no hot or warm rule passed"}
{"ts":"2026-09-26T02:49:18.619Z","operation":"track.transition","repository":"shadow1ng/fscan","trackingVersion":"phase3-v1","from":"UNASSESSED","to":"WARM","reason":"first assessment: WARM because warm:pushedWithin30d&stars>=1000"}
{"ts":"2026-09-26T02:49:18.619Z","operation":"track.transition","repository":"cloudquery/cloudquery","trackingVersion":"phase3-v1","from":"UNASSESSED","to":"WARM","reason":"first assessment: WARM because warm:pushedWithin30d&stars>=1000"}
{"ts":"2026-09-26T02:49:18.619Z","operation":"track.transition","repository":"supabase/cli","trackingVersion":"phase3-v1","from":"UNASSESSED","to":"WARM","reason":"first assessment: WARM because warm:pushedWithin30d&stars>=1000"}
{"ts":"2026-09-26T02:49:18.619Z","operation":"track.transition","repository":"zenml-io/zenml","trackingVersion":"phase3-v1","from":"UNASSESSED","to":"WARM","reason":"first assessment: WARM because warm:pushedWithin30d&stars>=1000"}
{"ts":"2026-09-26T02:49:18.619Z","operation":"track.transition","repository":"thingsboard/tbmq","trackingVersion":"phase3-v1","from":"UNASSESSED","to":"DORMANT","reason":"first assessment: DORMANT because dormant:no hot or warm rule passed"}
{"ts":"2026-09-26T02:49:18.619Z","operation":"track.transition","repository":"evidentlyai/evidently","trackingVersion":"phase3-v1","from":"UNASSESSED","to":"WARM","reason":"first assessment: WARM because warm:pushedWithin30d&stars>=1000"}
{"ts":"2026-09-26T02:49:18.619Z","operation":"track.transition","repository":"jreleaser/jreleaser","trackingVersion":"phase3-v1","from":"UNASSESSED","to":"WARM","reason":"first assessment: WARM because warm:pushedWithin30d&stars>=1000"}
{"ts":"2026-09-26T02:49:18.619Z","operation":"track.transition","repository":"Netflix/dgs-framework","trackingVersion":"phase3-v1","from":"UNASSESSED","to":"WARM","reason":"first assessment: WARM because warm:pushedWithin30d&stars>=1000"}
{"ts":"2026-09-26T02:49:18.619Z","operation":"track.transition","repository":"open-telemetry/opentelemetry-lambda","trackingVersion":"phase3-v1","from":"UNASSESSED","to":"DORMANT","reason":"first assessment: DORMANT because dormant:no hot or warm rule passed"}
{"ts":"2026-09-26T02:49:18.619Z","operation":"track.transition","repository":"robotcodedev/robotcode","trackingVersion":"phase3-v1","from":"UNASSESSED","to":"DORMANT","reason":"first assessment: DORMANT because dormant:no hot or warm rule passed"}
{"ts":"2026-09-26T02:49:18.619Z","operation":"track.transition","repository":"swift-otel/swift-otel","trackingVersion":"phase3-v1","from":"UNASSESSED","to":"DORMANT","reason":"first assessment: DORMANT because dormant:no hot or warm rule passed"}
{"ts":"2026-09-26T02:49:18.619Z","operation":"track.transition","repository":"Tencent/Tendis","trackingVersion":"phase3-v1","from":"UNASSESSED","to":"WARM","reason":"first assessment: WARM because warm:pushedWithin30d&stars>=1000"}
{"ts":"2026-09-26T02:49:18.619Z","operation":"track.transition","repository":"SeaQL/sea-query","trackingVersion":"phase3-v1","from":"UNASSESSED","to":"WARM","reason":"first assessment: WARM because warm:pushedWithin30d&stars>=1000"}
{"ts":"2026-09-26T02:49:18.619Z","operation":"track.transition","repository":"Websoft9/websoft9","trackingVersion":"phase3-v1","from":"UNASSESSED","to":"WARM","reason":"first assessment: WARM because warm:pushedWithin30d&stars>=1000"}
{"ts":"2026-09-26T02:49:18.619Z","operation":"track.transition","repository":"trueforge-org/truecharts","trackingVersion":"phase3-v1","from":"UNASSESSED","to":"WARM","reason":"first assessment: WARM because warm:pushedWithin30d&stars>=1000"}
{"ts":"2026-09-26T02:49:18.619Z","operation":"track.transition","repository":"nickjj/docker-rails-example","trackingVersion":"phase3-v1","from":"UNASSESSED","to":"WARM","reason":"first assessment: WARM because warm:pushedWithin30d&stars>=1000"}
{"ts":"2026-09-26T02:49:18.619Z","operation":"track.transition","repository":"nickjj/docker-flask-example","trackingVersion":"phase3-v1","from":"UNASSESSED","to":"DORMANT","reason":"first assessment: DORMANT because dormant:no hot or warm rule passed"}
{"ts":"2026-09-26T02:49:18.619Z","operation":"track.transition","repository":"asigalov61/tegridy-tools","trackingVersion":"phase3-v1","from":"UNASSESSED","to":"DORMANT","reason":"first assessment: DORMANT because dormant:no hot or warm rule passed"}
{"ts":"2026-09-26T02:49:18.619Z","operation":"track.transition","repository":"agourlay/hprof-slurp","trackingVersion":"phase3-v1","from":"UNASSESSED","to":"DORMANT","reason":"first assessment: DORMANT because dormant:no hot or warm rule passed"}
{"ts":"2026-09-26T02:49:18.619Z","operation":"track.transition","repository":"juicedata/juicefs","trackingVersion":"phase3-v1","from":"UNASSESSED","to":"WARM","reason":"first assessment: WARM because warm:pushedWithin30d&stars>=1000"}
{"ts":"2026-09-26T02:49:18.619Z","operation":"track.transition","repository":"equinix-labs/otel-cli","trackingVersion":"phase3-v1","from":"UNASSESSED","to":"DORMANT","reason":"first assessment: DORMANT because dormant:no hot or warm rule passed"}
{"ts":"2026-09-26T02:49:18.619Z","operation":"track.transition","repository":"in28minutes/course-material","trackingVersion":"phase3-v1","from":"UNASSESSED","to":"WARM","reason":"first assessment: WARM because warm:pushedWithin30d&stars>=1000"}
{"ts":"2026-09-26T02:49:18.619Z","operation":"track.transition","repository":"mikepenz/action-junit-report","trackingVersion":"phase3-v1","from":"UNASSESSED","to":"DORMANT","reason":"first assessment: DORMANT because dormant:no hot or warm rule passed"}
{"ts":"2026-09-26T02:49:18.619Z","operation":"track.transition","repository":"turbot/steampipe","trackingVersion":"phase3-v1","from":"UNASSESSED","to":"WARM","reason":"first assessment: WARM because warm:pushedWithin30d&stars>=1000"}
{"ts":"2026-09-26T02:49:18.619Z","operation":"track.transition","repository":"evrone/go-clean-template","trackingVersion":"phase3-v1","from":"UNASSESSED","to":"WARM","reason":"first assessment: WARM because warm:pushedWithin30d&stars>=1000"}
{"ts":"2026-09-26T02:49:18.619Z","operation":"track.transition","repository":"samchon/nestia","trackingVersion":"phase3-v1","from":"UNASSESSED","to":"WARM","reason":"first assessment: WARM because warm:pushedWithin30d&stars>=1000"}
{"ts":"2026-09-26T02:49:18.619Z","operation":"track.transition","repository":"aws/aws-cdk-go","trackingVersion":"phase3-v1","from":"UNASSESSED","to":"DORMANT","reason":"first assessment: DORMANT because dormant:no hot or warm rule passed"}
{"ts":"2026-09-26T02:49:18.619Z","operation":"track.transition","repository":"perses/perses","trackingVersion":"phase3-v1","from":"UNASSESSED","to":"WARM","reason":"first assessment: WARM because warm:pushedWithin30d&stars>=1000"}
{"ts":"2026-09-26T02:49:18.619Z","operation":"track.transition","repository":"bytebase/bytebase","trackingVersion":"phase3-v1","from":"UNASSESSED","to":"WARM","reason":"first assessment: WARM because warm:pushedWithin30d&stars>=1000"}
{"ts":"2026-09-26T02:49:18.619Z","operation":"track.transition","repository":"CodeIntelligenceTesting/jazzer","trackingVersion":"phase3-v1","from":"UNASSESSED","to":"WARM","reason":"first assessment: WARM because warm:pushedWithin30d&stars>=1000"}
{"ts":"2026-09-26T02:49:18.619Z","operation":"track.transition","repository":"raystack/firehose","trackingVersion":"phase3-v1","from":"UNASSESSED","to":"DORMANT","reason":"first assessment: DORMANT because dormant:no hot or warm rule passed"}
{"ts":"2026-09-26T02:49:18.619Z","operation":"track.transition","repository":"opensearch-project/OpenSearch","trackingVersion":"phase3-v1","from":"UNASSESSED","to":"WARM","reason":"first assessment: WARM because warm:pushedWithin30d&stars>=1000"}
{"ts":"2026-09-26T02:49:18.619Z","operation":"track.transition","repository":"alirezadir/AIMLInterviews","trackingVersion":"phase3-v1","from":"UNASSESSED","to":"WARM","reason":"first assessment: WARM because warm:starsPerDay30d>=8, warm:pushedWithin30d&stars>=1000"}
{"ts":"2026-09-26T02:49:18.619Z","operation":"track.transition","repository":"hystax/optscale","trackingVersion":"phase3-v1","from":"UNASSESSED","to":"WARM","reason":"first assessment: WARM because warm:pushedWithin30d&stars>=1000"}
{"ts":"2026-09-26T02:49:18.619Z","operation":"track.transition","repository":"bridgecrewio/yor","trackingVersion":"phase3-v1","from":"UNASSESSED","to":"DORMANT","reason":"first assessment: DORMANT because dormant:no hot or warm rule passed"}
{"ts":"2026-09-26T02:49:18.619Z","operation":"track.transition","repository":"infracost/infracost-atlantis","trackingVersion":"phase3-v1","from":"UNASSESSED","to":"DORMANT","reason":"first assessment: DORMANT because dormant:no hot or warm rule passed"}
{"ts":"2026-09-26T02:49:18.619Z","operation":"track.transition","repository":"mehdihadeli/awesome-software-architecture","trackingVersion":"phase3-v1","from":"UNASSESSED","to":"WARM","reason":"first assessment: WARM because warm:pushedWithin30d&stars>=1000"}
{"ts":"2026-09-26T02:49:18.619Z","operation":"track.transition","repository":"turkraft/springfilter","trackingVersion":"phase3-v1","from":"UNASSESSED","to":"DORMANT","reason":"first assessment: DORMANT because dormant:no hot or warm rule passed"}
{"ts":"2026-09-26T02:49:18.619Z","operation":"track.transition","repository":"Azure/enterprise-azure-policy-as-code","trackingVersion":"phase3-v1","from":"UNASSESSED","to":"DORMANT","reason":"first assessment: DORMANT because dormant:no hot or warm rule passed"}
{"ts":"2026-09-26T02:49:18.619Z","operation":"track.transition","repository":"SeaQL/sea-orm","trackingVersion":"phase3-v1","from":"UNASSESSED","to":"WARM","reason":"first assessment: WARM because warm:pushedWithin30d&stars>=1000"}
{"ts":"2026-09-26T02:49:18.619Z","operation":"track.transition","repository":"awslabs/tecli","trackingVersion":"phase3-v1","from":"UNASSESSED","to":"DORMANT","reason":"first assessment: DORMANT because dormant:no hot or warm rule passed"}
{"ts":"2026-09-26T02:49:18.619Z","operation":"track.transition","repository":"MarioCarrion/todo-api-microservice-example","trackingVersion":"phase3-v1","from":"UNASSESSED","to":"WARM","reason":"first assessment: WARM because warm:pushedWithin30d&stars>=1000"}
{"ts":"2026-09-26T02:49:18.619Z","operation":"track.transition","repository":"encoredev/encore","trackingVersion":"phase3-v1","from":"UNASSESSED","to":"WARM","reason":"first assessment: WARM because warm:pushedWithin30d&stars>=1000"}
{"ts":"2026-09-26T02:49:18.619Z","operation":"track.transition","repository":"matrixorigin/matrixone","trackingVersion":"phase3-v1","from":"UNASSESSED","to":"HOT","reason":"first assessment: HOT because hot:growthPercent7d>=1&growth7d>=100"}
{"ts":"2026-09-26T02:49:18.619Z","operation":"track.transition","repository":"cosen1024/Java-Interview","trackingVersion":"phase3-v1","from":"UNASSESSED","to":"WARM","reason":"first assessment: WARM because warm:pushedWithin30d&stars>=1000"}
{"ts":"2026-09-26T02:49:18.619Z","operation":"track.transition","repository":"kube-green/kube-green","trackingVersion":"phase3-v1","from":"UNASSESSED","to":"WARM","reason":"first assessment: WARM because warm:pushedWithin30d&stars>=1000"}
{"ts":"2026-09-26T02:49:18.619Z","operation":"track.transition","repository":"kysely-org/kysely","trackingVersion":"phase3-v1","from":"UNASSESSED","to":"WARM","reason":"first assessment: WARM because warm:pushedWithin30d&stars>=1000"}
{"ts":"2026-09-26T02:49:18.619Z","operation":"track.transition","repository":"haraldng/omnipaxos","trackingVersion":"phase3-v1","from":"UNASSESSED","to":"DORMANT","reason":"first assessment: DORMANT because dormant:no hot or warm rule passed"}
{"ts":"2026-09-26T02:49:18.619Z","operation":"track.transition","repository":"nickjj/docker-django-example","trackingVersion":"phase3-v1","from":"UNASSESSED","to":"WARM","reason":"first assessment: WARM because warm:pushedWithin30d&stars>=1000"}
{"ts":"2026-09-26T02:49:18.619Z","operation":"track.transition","repository":"svix/svix-webhooks","trackingVersion":"phase3-v1","from":"UNASSESSED","to":"WARM","reason":"first assessment: WARM because warm:pushedWithin30d&stars>=1000"}
{"ts":"2026-09-26T02:49:18.619Z","operation":"track.transition","repository":"weaveworks/weave-gitops","trackingVersion":"phase3-v1","from":"UNASSESSED","to":"WARM","reason":"first assessment: WARM because warm:pushedWithin30d&stars>=1000"}
{"ts":"2026-09-26T02:49:18.619Z","operation":"track.transition","repository":"tj-actions/changed-files","trackingVersion":"phase3-v1","from":"UNASSESSED","to":"WARM","reason":"first assessment: WARM because warm:pushedWithin30d&stars>=1000"}
{"ts":"2026-09-26T02:49:18.619Z","operation":"track.transition","repository":"erda-project/erda","trackingVersion":"phase3-v1","from":"UNASSESSED","to":"WARM","reason":"first assessment: WARM because warm:pushedWithin30d&stars>=1000"}
{"ts":"2026-09-26T02:49:18.619Z","operation":"track.transition","repository":"IceFireDB/IceFireDB","trackingVersion":"phase3-v1","from":"UNASSESSED","to":"WARM","reason":"first assessment: WARM because warm:pushedWithin30d&stars>=1000"}
{"ts":"2026-09-26T02:49:18.619Z","operation":"track.transition","repository":"mosecorg/mosec","trackingVersion":"phase3-v1","from":"UNASSESSED","to":"DORMANT","reason":"first assessment: DORMANT because dormant:no hot or warm rule passed"}
{"ts":"2026-09-26T02:49:18.619Z","operation":"track.transition","repository":"tobymao/sqlglot","trackingVersion":"phase3-v1","from":"UNASSESSED","to":"WARM","reason":"first assessment: WARM because warm:pushedWithin30d&stars>=1000"}
{"ts":"2026-09-26T02:49:18.619Z","operation":"track.transition","repository":"towardsthecloud/cloudburn","trackingVersion":"phase3-v1","from":"UNASSESSED","to":"WARM","reason":"first assessment: WARM because warm:pushedWithin30d&stars>=1000"}
{"ts":"2026-09-26T02:49:18.619Z","operation":"track.transition","repository":"rabbitmq/khepri","trackingVersion":"phase3-v1","from":"UNASSESSED","to":"DORMANT","reason":"first assessment: DORMANT because dormant:no hot or warm rule passed"}
{"ts":"2026-09-26T02:49:18.619Z","operation":"track.transition","repository":"mathesar-foundation/mathesar","trackingVersion":"phase3-v1","from":"UNASSESSED","to":"WARM","reason":"first assessment: WARM because warm:pushedWithin30d&stars>=1000"}
{"ts":"2026-09-26T02:49:18.619Z","operation":"track.transition","repository":"terrakube-io/terrakube","trackingVersion":"phase3-v1","from":"UNASSESSED","to":"DORMANT","reason":"first assessment: DORMANT because dormant:no hot or warm rule passed"}
{"ts":"2026-09-26T02:49:18.619Z","operation":"track.transition","repository":"XSAM/otelsql","trackingVersion":"phase3-v1","from":"UNASSESSED","to":"DORMANT","reason":"first assessment: DORMANT because dormant:no hot or warm rule passed"}
{"ts":"2026-09-26T02:49:18.619Z","operation":"track.transition","repository":"gravitl/netmaker","trackingVersion":"phase3-v1","from":"UNASSESSED","to":"WARM","reason":"first assessment: WARM because warm:pushedWithin30d&stars>=1000"}
{"ts":"2026-09-26T02:49:18.619Z","operation":"track.transition","repository":"kcp-dev/kcp","trackingVersion":"phase3-v1","from":"UNASSESSED","to":"WARM","reason":"first assessment: WARM because warm:pushedWithin30d&stars>=1000"}
{"ts":"2026-09-26T02:49:18.619Z","operation":"track.transition","repository":"offen/docker-volume-backup","trackingVersion":"phase3-v1","from":"UNASSESSED","to":"WARM","reason":"first assessment: WARM because warm:pushedWithin30d&stars>=1000"}
{"ts":"2026-09-26T02:49:18.619Z","operation":"track.transition","repository":"ferama/rospo","trackingVersion":"phase3-v1","from":"UNASSESSED","to":"DORMANT","reason":"first assessment: DORMANT because dormant:no hot or warm rule passed"}
{"ts":"2026-09-26T02:49:18.619Z","operation":"track.transition","repository":"ml-tooling/opyrator","trackingVersion":"phase3-v1","from":"UNASSESSED","to":"WARM","reason":"first assessment: WARM because warm:pushedWithin30d&stars>=1000"}
{"ts":"2026-09-26T02:49:18.619Z","operation":"track.transition","repository":"slok/sloth","trackingVersion":"phase3-v1","from":"UNASSESSED","to":"WARM","reason":"first assessment: WARM because warm:pushedWithin30d&stars>=1000"}
{"ts":"2026-09-26T02:49:18.619Z","operation":"track.transition","repository":"The-DevOps-Daily/devops-daily","trackingVersion":"phase3-v1","from":"UNASSESSED","to":"WARM","reason":"first assessment: WARM because warm:pushedWithin30d&stars>=1000"}
{"ts":"2026-09-26T02:49:18.619Z","operation":"track.transition","repository":"aws-ia/terraform-aws-eks-blueprints","trackingVersion":"phase3-v1","from":"UNASSESSED","to":"WARM","reason":"first assessment: WARM because warm:pushedWithin30d&stars>=1000"}
{"ts":"2026-09-26T02:49:18.619Z","operation":"track.transition","repository":"loft-sh/vcluster","trackingVersion":"phase3-v1","from":"UNASSESSED","to":"WARM","reason":"first assessment: WARM because warm:pushedWithin30d&stars>=1000"}
{"ts":"2026-09-26T02:49:18.619Z","operation":"track.transition","repository":"Mukosame/Anime2Sketch","trackingVersion":"phase3-v1","from":"UNASSESSED","to":"WARM","reason":"first assessment: WARM because warm:pushedWithin30d&stars>=1000"}
{"ts":"2026-09-26T02:49:18.619Z","operation":"track.transition","repository":"awslabs/aws-sdk-rust","trackingVersion":"phase3-v1","from":"UNASSESSED","to":"WARM","reason":"first assessment: WARM because warm:pushedWithin30d&stars>=1000"}
{"ts":"2026-09-26T02:49:18.619Z","operation":"track.transition","repository":"kdash-rs/kdash","trackingVersion":"phase3-v1","from":"UNASSESSED","to":"WARM","reason":"first assessment: WARM because warm:pushedWithin30d&stars>=1000"}
{"ts":"2026-09-26T02:49:18.619Z","operation":"track.transition","repository":"hairyhenderson/go-fsimpl","trackingVersion":"phase3-v1","from":"UNASSESSED","to":"DORMANT","reason":"first assessment: DORMANT because dormant:no hot or warm rule passed"}
{"ts":"2026-09-26T02:49:18.619Z","operation":"track.transition","repository":"quickwit-oss/quickwit","trackingVersion":"phase3-v1","from":"UNASSESSED","to":"WARM","reason":"first assessment: WARM because warm:pushedWithin30d&stars>=1000"}
{"ts":"2026-09-26T02:49:18.619Z","operation":"track.transition","repository":"dromara/mayfly-go","trackingVersion":"phase3-v1","from":"UNASSESSED","to":"WARM","reason":"first assessment: WARM because warm:pushedWithin30d&stars>=1000"}
{"ts":"2026-09-26T02:49:18.619Z","operation":"track.transition","repository":"apache/datafusion","trackingVersion":"phase3-v1","from":"UNASSESSED","to":"WARM","reason":"first assessment: WARM because warm:pushedWithin30d&stars>=1000"}
{"ts":"2026-09-26T02:49:18.619Z","operation":"track.transition","repository":"frain-dev/convoy","trackingVersion":"phase3-v1","from":"UNASSESSED","to":"WARM","reason":"first assessment: WARM because warm:pushedWithin30d&stars>=1000"}
{"ts":"2026-09-26T02:49:18.619Z","operation":"track.transition","repository":"Purp1eW0lf/Blue-Team-Notes","trackingVersion":"phase3-v1","from":"UNASSESSED","to":"WARM","reason":"first assessment: WARM because warm:pushedWithin30d&stars>=1000"}
{"ts":"2026-09-26T02:49:18.619Z","operation":"track.transition","repository":"kubeshark/kubeshark","trackingVersion":"phase3-v1","from":"UNASSESSED","to":"WARM","reason":"first assessment: WARM because warm:pushedWithin30d&stars>=1000"}
{"ts":"2026-09-26T02:49:18.619Z","operation":"track.transition","repository":"cloudflare/pint","trackingVersion":"phase3-v1","from":"UNASSESSED","to":"WARM","reason":"first assessment: WARM because warm:pushedWithin30d&stars>=1000"}
{"ts":"2026-09-26T02:49:18.619Z","operation":"track.transition","repository":"honzaap/Systemizer","trackingVersion":"phase3-v1","from":"UNASSESSED","to":"WARM","reason":"first assessment: WARM because warm:pushedWithin30d&stars>=1000"}
{"ts":"2026-09-26T02:49:18.619Z","operation":"track.transition","repository":"argilla-io/argilla","trackingVersion":"phase3-v1","from":"UNASSESSED","to":"WARM","reason":"first assessment: WARM because warm:pushedWithin30d&stars>=1000"}
{"ts":"2026-09-26T02:49:18.619Z","operation":"track.transition","repository":"mosn/layotto","trackingVersion":"phase3-v1","from":"UNASSESSED","to":"DORMANT","reason":"first assessment: DORMANT because dormant:no hot or warm rule passed"}
{"ts":"2026-09-26T02:49:18.619Z","operation":"track.transition","repository":"uptrace/bun","trackingVersion":"phase3-v1","from":"UNASSESSED","to":"WARM","reason":"first assessment: WARM because warm:pushedWithin30d&stars>=1000"}
{"ts":"2026-09-26T02:49:18.619Z","operation":"track.transition","repository":"koderover/zadig","trackingVersion":"phase3-v1","from":"UNASSESSED","to":"WARM","reason":"first assessment: WARM because warm:pushedWithin30d&stars>=1000"}
{"ts":"2026-09-26T02:49:18.619Z","operation":"track.transition","repository":"databendlabs/openraft","trackingVersion":"phase3-v1","from":"UNASSESSED","to":"WARM","reason":"first assessment: WARM because warm:pushedWithin30d&stars>=1000"}
{"ts":"2026-09-26T02:49:18.619Z","operation":"track.transition","repository":"ubisoft/NGitLab","trackingVersion":"phase3-v1","from":"UNASSESSED","to":"DORMANT","reason":"first assessment: DORMANT because dormant:no hot or warm rule passed"}
{"ts":"2026-09-26T02:49:18.619Z","operation":"track.transition","repository":"google/jni-bind","trackingVersion":"phase3-v1","from":"UNASSESSED","to":"DORMANT","reason":"first assessment: DORMANT because dormant:no hot or warm rule passed"}
{"ts":"2026-09-26T02:49:18.619Z","operation":"track.transition","repository":"dromara/dante-cloud","trackingVersion":"phase3-v1","from":"UNASSESSED","to":"DORMANT","reason":"first assessment: DORMANT because dormant:no hot or warm rule passed"}
{"ts":"2026-09-26T02:49:18.619Z","operation":"track.transition","repository":"polardb/PolarDB-for-PostgreSQL","trackingVersion":"phase3-v1","from":"UNASSESSED","to":"WARM","reason":"first assessment: WARM because warm:pushedWithin30d&stars>=1000"}
{"ts":"2026-09-26T02:49:18.619Z","operation":"track.transition","repository":"GoogleCloudPlatform/vertex-ai-samples","trackingVersion":"phase3-v1","from":"UNASSESSED","to":"DORMANT","reason":"first assessment: DORMANT because dormant:no hot or warm rule passed"}
{"ts":"2026-09-26T02:49:18.620Z","operation":"track.transition","repository":"evidence-dev/evidence","trackingVersion":"phase3-v1","from":"UNASSESSED","to":"WARM","reason":"first assessment: WARM because warm:pushedWithin30d&stars>=1000"}
{"ts":"2026-09-26T02:49:18.620Z","operation":"track.transition","repository":"AkashSingh3031/The-Complete-FAANG-Preparation","trackingVersion":"phase3-v1","from":"UNASSESSED","to":"WARM","reason":"first assessment: WARM because warm:pushedWithin30d&stars>=1000"}
{"ts":"2026-09-26T02:49:18.620Z","operation":"track.transition","repository":"oceanbase/oceanbase","trackingVersion":"phase3-v1","from":"UNASSESSED","to":"WARM","reason":"first assessment: WARM because warm:pushedWithin30d&stars>=1000"}
{"ts":"2026-09-26T02:49:18.620Z","operation":"track.transition","repository":"authorizerdev/authorizer","trackingVersion":"phase3-v1","from":"UNASSESSED","to":"WARM","reason":"first assessment: WARM because warm:pushedWithin30d&stars>=1000"}
{"ts":"2026-09-26T02:49:18.620Z","operation":"track.transition","repository":"favonia/cloudflare-ddns","trackingVersion":"phase3-v1","from":"UNASSESSED","to":"WARM","reason":"first assessment: WARM because warm:pushedWithin30d&stars>=1000"}
{"ts":"2026-09-26T02:49:18.620Z","operation":"track.transition","repository":"captainbrosset/devtools-tips","trackingVersion":"phase3-v1","from":"UNASSESSED","to":"DORMANT","reason":"first assessment: DORMANT because dormant:no hot or warm rule passed"}
{"ts":"2026-09-26T02:49:18.620Z","operation":"track.transition","repository":"dromara/fast-request","trackingVersion":"phase3-v1","from":"UNASSESSED","to":"DORMANT","reason":"first assessment: DORMANT because dormant:no hot or warm rule passed"}
{"ts":"2026-09-26T02:49:18.620Z","operation":"track.transition","repository":"ChristianLempa/boilerplates","trackingVersion":"phase3-v1","from":"UNASSESSED","to":"WARM","reason":"first assessment: WARM because warm:pushedWithin30d&stars>=1000"}
{"ts":"2026-09-26T02:49:18.620Z","operation":"track.transition","repository":"Project-MONAI/monai-deploy-app-sdk","trackingVersion":"phase3-v1","from":"UNASSESSED","to":"DORMANT","reason":"first assessment: DORMANT because dormant:no hot or warm rule passed"}
{"ts":"2026-09-26T02:49:18.620Z","operation":"track.transition","repository":"robusta-dev/robusta","trackingVersion":"phase3-v1","from":"UNASSESSED","to":"WARM","reason":"first assessment: WARM because warm:pushedWithin30d&stars>=1000"}
{"ts":"2026-09-26T02:49:18.620Z","operation":"track.transition","repository":"Ahoo-Wang/CosId","trackingVersion":"phase3-v1","from":"UNASSESSED","to":"DORMANT","reason":"first assessment: DORMANT because dormant:no hot or warm rule passed"}
{"ts":"2026-09-26T02:49:18.620Z","operation":"track.transition","repository":"ricsanfre/pi-cluster","trackingVersion":"phase3-v1","from":"UNASSESSED","to":"DORMANT","reason":"first assessment: DORMANT because dormant:no hot or warm rule passed"}
{"ts":"2026-09-26T02:49:18.620Z","operation":"track.transition","repository":"pragmaticivan/nestjs-otel","trackingVersion":"phase3-v1","from":"UNASSESSED","to":"DORMANT","reason":"first assessment: DORMANT because dormant:no hot or warm rule passed"}
{"ts":"2026-09-26T02:49:18.620Z","operation":"track.transition","repository":"mrlt8/docker-wyze-bridge","trackingVersion":"phase3-v1","from":"UNASSESSED","to":"WARM","reason":"first assessment: WARM because warm:pushedWithin30d&stars>=1000"}
{"ts":"2026-09-26T02:49:18.620Z","operation":"track.transition","repository":"OneUptime/oneuptime","trackingVersion":"phase3-v1","from":"UNASSESSED","to":"WARM","reason":"first assessment: WARM because warm:pushedWithin30d&stars>=1000"}
{"ts":"2026-09-26T02:49:18.620Z","operation":"track.transition","repository":"kubeshop/testkube","trackingVersion":"phase3-v1","from":"UNASSESSED","to":"WARM","reason":"first assessment: WARM because warm:pushedWithin30d&stars>=1000"}
{"ts":"2026-09-26T02:49:18.620Z","operation":"track.transition","repository":"opendatadiscovery/odd-platform","trackingVersion":"phase3-v1","from":"UNASSESSED","to":"WARM","reason":"first assessment: WARM because warm:pushedWithin30d&stars>=1000"}
{"ts":"2026-09-26T02:49:18.620Z","operation":"track.transition","repository":"exaco/laravel-docktane","trackingVersion":"phase3-v1","from":"UNASSESSED","to":"DORMANT","reason":"first assessment: DORMANT because dormant:no hot or warm rule passed"}
{"ts":"2026-09-26T02:49:18.620Z","operation":"track.transition","repository":"zkteco-home/redis-windows","trackingVersion":"phase3-v1","from":"UNASSESSED","to":"WARM","reason":"first assessment: WARM because warm:pushedWithin30d&stars>=1000"}
{"ts":"2026-09-26T02:49:18.620Z","operation":"track.transition","repository":"lispyclouds/contajners","trackingVersion":"phase3-v1","from":"UNASSESSED","to":"DORMANT","reason":"first assessment: DORMANT because dormant:no hot or warm rule passed"}
{"ts":"2026-09-26T02:49:18.620Z","operation":"track.transition","repository":"grafana/mimir","trackingVersion":"phase3-v1","from":"UNASSESSED","to":"WARM","reason":"first assessment: WARM because warm:pushedWithin30d&stars>=1000"}
{"ts":"2026-09-26T02:49:18.620Z","operation":"track.transition","repository":"eolinker/apinto","trackingVersion":"phase3-v1","from":"UNASSESSED","to":"WARM","reason":"first assessment: WARM because warm:pushedWithin30d&stars>=1000"}
{"ts":"2026-09-26T02:49:18.620Z","operation":"track.transition","repository":"microsoft/gctoolkit","trackingVersion":"phase3-v1","from":"UNASSESSED","to":"WARM","reason":"first assessment: WARM because warm:pushedWithin30d&stars>=1000"}
{"ts":"2026-09-26T02:49:18.620Z","operation":"track.transition","repository":"platypusguy/jacobin","trackingVersion":"phase3-v1","from":"UNASSESSED","to":"DORMANT","reason":"first assessment: DORMANT because dormant:no hot or warm rule passed"}
{"ts":"2026-09-26T02:49:18.620Z","operation":"track.transition","repository":"aws/eks-anywhere","trackingVersion":"phase3-v1","from":"UNASSESSED","to":"WARM","reason":"first assessment: WARM because warm:pushedWithin30d&stars>=1000"}
{"ts":"2026-09-26T02:49:18.620Z","operation":"track.transition","repository":"open-telemetry/opentelemetry-network","trackingVersion":"phase3-v1","from":"UNASSESSED","to":"DORMANT","reason":"first assessment: DORMANT because dormant:no hot or warm rule passed"}
{"ts":"2026-09-26T02:49:18.620Z","operation":"track.transition","repository":"seed4j/seed4j","trackingVersion":"phase3-v1","from":"UNASSESSED","to":"DORMANT","reason":"first assessment: DORMANT because dormant:no hot or warm rule passed"}
{"ts":"2026-09-26T02:49:18.620Z","operation":"track.transition","repository":"kubenetworks/kubevpn","trackingVersion":"phase3-v1","from":"UNASSESSED","to":"WARM","reason":"first assessment: WARM because warm:pushedWithin30d&stars>=1000"}
{"ts":"2026-09-26T02:49:18.620Z","operation":"track.transition","repository":"mlfoundations/open_clip","trackingVersion":"phase3-v1","from":"UNASSESSED","to":"WARM","reason":"first assessment: WARM because warm:pushedWithin30d&stars>=1000"}
{"ts":"2026-09-26T02:49:18.620Z","operation":"track.transition","repository":"Tencent/spring-cloud-tencent","trackingVersion":"phase3-v1","from":"UNASSESSED","to":"WARM","reason":"first assessment: WARM because warm:pushedWithin30d&stars>=1000"}
{"ts":"2026-09-26T02:49:18.620Z","operation":"track.transition","repository":"mysticaltech/terraform-hcloud-kube-hetzner","trackingVersion":"phase3-v1","from":"UNASSESSED","to":"WARM","reason":"first assessment: WARM because warm:pushedWithin30d&stars>=1000"}
{"ts":"2026-09-26T02:49:18.620Z","operation":"track.transition","repository":"redis/RedisInsight","trackingVersion":"phase3-v1","from":"UNASSESSED","to":"WARM","reason":"first assessment: WARM because warm:pushedWithin30d&stars>=1000"}
{"ts":"2026-09-26T02:49:18.620Z","operation":"track.transition","repository":"open-metadata/OpenMetadata","trackingVersion":"phase3-v1","from":"UNASSESSED","to":"WARM","reason":"first assessment: WARM because warm:starsPerDay7d>=8, warm:starsPerDay30d>=8, warm:pushedWithin30d&stars>=1000"}
{"ts":"2026-09-26T02:49:18.620Z","operation":"track.transition","repository":"supabase/pg_graphql","trackingVersion":"phase3-v1","from":"UNASSESSED","to":"WARM","reason":"first assessment: WARM because warm:pushedWithin30d&stars>=1000"}
{"ts":"2026-09-26T02:49:18.620Z","operation":"track.transition","repository":"BlinkDL/RWKV-LM","trackingVersion":"phase3-v1","from":"UNASSESSED","to":"WARM","reason":"first assessment: WARM because warm:pushedWithin30d&stars>=1000"}
{"ts":"2026-09-26T02:49:18.620Z","operation":"track.transition","repository":"spiceai/spiceai","trackingVersion":"phase3-v1","from":"UNASSESSED","to":"WARM","reason":"first assessment: WARM because warm:pushedWithin30d&stars>=1000"}
{"ts":"2026-09-26T02:49:18.620Z","operation":"track.transition","repository":"Natooz/MidiTok","trackingVersion":"phase3-v1","from":"UNASSESSED","to":"DORMANT","reason":"first assessment: DORMANT because dormant:no hot or warm rule passed"}
{"ts":"2026-09-26T02:49:18.620Z","operation":"track.transition","repository":"skypilot-org/skypilot","trackingVersion":"phase3-v1","from":"UNASSESSED","to":"WARM","reason":"first assessment: WARM because warm:pushedWithin30d&stars>=1000"}
{"ts":"2026-09-26T02:49:18.620Z","operation":"track.transition","repository":"kubescape/kubescape","trackingVersion":"phase3-v1","from":"UNASSESSED","to":"WARM","reason":"first assessment: WARM because warm:pushedWithin30d&stars>=1000"}
{"ts":"2026-09-26T02:49:18.620Z","operation":"track.transition","repository":"Azure/aztfexport","trackingVersion":"phase3-v1","from":"UNASSESSED","to":"WARM","reason":"first assessment: WARM because warm:pushedWithin30d&stars>=1000"}
{"ts":"2026-09-26T02:49:18.620Z","operation":"track.transition","repository":"zeromicro/zero-contrib","trackingVersion":"phase3-v1","from":"UNASSESSED","to":"DORMANT","reason":"first assessment: DORMANT because dormant:no hot or warm rule passed"}
{"ts":"2026-09-26T02:49:18.620Z","operation":"track.transition","repository":"authzed/spicedb","trackingVersion":"phase3-v1","from":"UNASSESSED","to":"WARM","reason":"first assessment: WARM because warm:pushedWithin30d&stars>=1000"}
{"ts":"2026-09-26T02:49:18.620Z","operation":"track.transition","repository":"ArcadeData/arcadedb","trackingVersion":"phase3-v1","from":"UNASSESSED","to":"WARM","reason":"first assessment: WARM because warm:pushedWithin30d&stars>=1000"}
{"ts":"2026-09-26T02:49:18.620Z","operation":"track.transition","repository":"fortran-lang/setup-fortran","trackingVersion":"phase3-v1","from":"UNASSESSED","to":"DORMANT","reason":"first assessment: DORMANT because dormant:no hot or warm rule passed"}
{"ts":"2026-09-26T02:49:18.620Z","operation":"track.transition","repository":"zarf-dev/zarf","trackingVersion":"phase3-v1","from":"UNASSESSED","to":"WARM","reason":"first assessment: WARM because warm:pushedWithin30d&stars>=1000"}
{"ts":"2026-09-26T02:49:18.620Z","operation":"track.transition","repository":"fastapi/sqlmodel","trackingVersion":"phase3-v1","from":"UNASSESSED","to":"WARM","reason":"first assessment: WARM because warm:pushedWithin30d&stars>=1000"}
{"ts":"2026-09-26T02:49:18.620Z","operation":"track.transition","repository":"hydro-project/hydro","trackingVersion":"phase3-v1","from":"UNASSESSED","to":"WARM","reason":"first assessment: WARM because warm:pushedWithin30d&stars>=1000"}
{"ts":"2026-09-26T02:49:18.620Z","operation":"track.transition","repository":"syself/cluster-api-provider-hetzner","trackingVersion":"phase3-v1","from":"UNASSESSED","to":"WARM","reason":"first assessment: WARM because warm:pushedWithin30d&stars>=1000"}
{"ts":"2026-09-26T02:49:18.620Z","operation":"track.transition","repository":"abuzuhri/Amazon-SP-API-CSharp","trackingVersion":"phase3-v1","from":"UNASSESSED","to":"DORMANT","reason":"first assessment: DORMANT because dormant:no hot or warm rule passed"}
{"ts":"2026-09-26T02:49:18.620Z","operation":"track.transition","repository":"open-telemetry/opentelemetry-collector-releases","trackingVersion":"phase3-v1","from":"UNASSESSED","to":"DORMANT","reason":"first assessment: DORMANT because dormant:no hot or warm rule passed"}
{"ts":"2026-09-26T02:49:18.620Z","operation":"track.transition","repository":"StarRocks/starrocks","trackingVersion":"phase3-v1","from":"UNASSESSED","to":"WARM","reason":"first assessment: WARM because warm:pushedWithin30d&stars>=1000"}
{"ts":"2026-09-26T02:49:18.620Z","operation":"track.transition","repository":"bpg/terraform-provider-proxmox","trackingVersion":"phase3-v1","from":"UNASSESSED","to":"WARM","reason":"first assessment: WARM because warm:pushedWithin30d&stars>=1000"}
{"ts":"2026-09-26T02:49:18.620Z","operation":"track.transition","repository":"foundry-rs/foundry","trackingVersion":"phase3-v1","from":"UNASSESSED","to":"WARM","reason":"first assessment: WARM because warm:pushedWithin30d&stars>=1000"}
{"ts":"2026-09-26T02:49:18.620Z","operation":"track.transition","repository":"sauljabin/kaskade","trackingVersion":"phase3-v1","from":"UNASSESSED","to":"WARM","reason":"first assessment: WARM because warm:pushedWithin30d&stars>=1000"}
{"ts":"2026-09-26T02:49:18.620Z","operation":"track.transition","repository":"gvolpe/trading","trackingVersion":"phase3-v1","from":"UNASSESSED","to":"DORMANT","reason":"first assessment: DORMANT because dormant:no hot or warm rule passed"}
{"ts":"2026-09-26T02:49:18.620Z","operation":"track.transition","repository":"bostrot/wslmanager","trackingVersion":"phase3-v1","from":"UNASSESSED","to":"WARM","reason":"first assessment: WARM because warm:pushedWithin30d&stars>=1000"}
{"ts":"2026-09-26T02:49:18.620Z","operation":"track.transition","repository":"redis/rueidis","trackingVersion":"phase3-v1","from":"UNASSESSED","to":"WARM","reason":"first assessment: WARM because warm:pushedWithin30d&stars>=1000"}
{"ts":"2026-09-26T02:49:18.620Z","operation":"track.transition","repository":"Nixtla/nixtla","trackingVersion":"phase3-v1","from":"UNASSESSED","to":"WARM","reason":"first assessment: WARM because warm:pushedWithin30d&stars>=1000"}
{"ts":"2026-09-26T02:49:18.620Z","operation":"track.transition","repository":"mental2008/awesome-papers","trackingVersion":"phase3-v1","from":"UNASSESSED","to":"DORMANT","reason":"first assessment: DORMANT because dormant:no hot or warm rule passed"}
{"ts":"2026-09-26T02:49:18.620Z","operation":"track.transition","repository":"serversideup/spin","trackingVersion":"phase3-v1","from":"UNASSESSED","to":"WARM","reason":"first assessment: WARM because warm:pushedWithin30d&stars>=1000"}
{"ts":"2026-09-26T02:49:18.620Z","operation":"track.transition","repository":"mikepenz/multiplatform-markdown-renderer","trackingVersion":"phase3-v1","from":"UNASSESSED","to":"WARM","reason":"first assessment: WARM because warm:pushedWithin30d&stars>=1000"}
{"ts":"2026-09-26T02:49:18.620Z","operation":"track.transition","repository":"meysamhadeli/awesome-dotnet-tips","trackingVersion":"phase3-v1","from":"UNASSESSED","to":"WARM","reason":"first assessment: WARM because warm:pushedWithin30d&stars>=1000"}
{"ts":"2026-09-26T02:49:18.620Z","operation":"track.transition","repository":"arthurspk/guiadevbrasil","trackingVersion":"phase3-v1","from":"UNASSESSED","to":"WARM","reason":"first assessment: WARM because warm:pushedWithin30d&stars>=1000"}
{"ts":"2026-09-26T02:49:18.620Z","operation":"track.transition","repository":"mkuf/prind","trackingVersion":"phase3-v1","from":"UNASSESSED","to":"DORMANT","reason":"first assessment: DORMANT because dormant:no hot or warm rule passed"}
{"ts":"2026-09-26T02:49:18.620Z","operation":"track.transition","repository":"g0dkar/qrcode-kotlin","trackingVersion":"phase3-v1","from":"UNASSESSED","to":"DORMANT","reason":"first assessment: DORMANT because dormant:no hot or warm rule passed"}
{"ts":"2026-09-26T02:49:18.620Z","operation":"track.transition","repository":"unfunco/terraform-aws-oidc-github","trackingVersion":"phase3-v1","from":"UNASSESSED","to":"DORMANT","reason":"first assessment: DORMANT because dormant:no hot or warm rule passed"}
{"ts":"2026-09-26T02:49:18.620Z","operation":"track.transition","repository":"jfrog/terraform-provider-xray","trackingVersion":"phase3-v1","from":"UNASSESSED","to":"DORMANT","reason":"first assessment: DORMANT because dormant:no hot or warm rule passed"}
{"ts":"2026-09-26T02:49:18.620Z","operation":"track.transition","repository":"donbarbos/telegram-bot-template","trackingVersion":"phase3-v1","from":"UNASSESSED","to":"DORMANT","reason":"first assessment: DORMANT because dormant:no hot or warm rule passed"}
{"ts":"2026-09-26T02:49:18.620Z","operation":"track.transition","repository":"DataTalksClub/mlops-zoomcamp","trackingVersion":"phase3-v1","from":"UNASSESSED","to":"WARM","reason":"first assessment: WARM because warm:pushedWithin30d&stars>=1000"}
{"ts":"2026-09-26T02:49:18.620Z","operation":"track.transition","repository":"nginx/nginx-gateway-fabric","trackingVersion":"phase3-v1","from":"UNASSESSED","to":"WARM","reason":"first assessment: WARM because warm:pushedWithin30d&stars>=1000"}
{"ts":"2026-09-26T02:49:18.620Z","operation":"track.transition","repository":"oracle/oracle-db-appdev-monitoring","trackingVersion":"phase3-v1","from":"UNASSESSED","to":"DORMANT","reason":"first assessment: DORMANT because dormant:no hot or warm rule passed"}
{"ts":"2026-09-26T02:49:18.620Z","operation":"track.transition","repository":"redis/redis-om-spring","trackingVersion":"phase3-v1","from":"UNASSESSED","to":"DORMANT","reason":"first assessment: DORMANT because dormant:no hot or warm rule passed"}
{"ts":"2026-09-26T02:49:18.620Z","operation":"track.transition","repository":"i365dev/free4chat","trackingVersion":"phase3-v1","from":"UNASSESSED","to":"WARM","reason":"first assessment: WARM because warm:pushedWithin30d&stars>=1000"}
{"ts":"2026-09-26T02:49:18.620Z","operation":"track.transition","repository":"suyuan32/simple-admin-core","trackingVersion":"phase3-v1","from":"UNASSESSED","to":"WARM","reason":"first assessment: WARM because warm:pushedWithin30d&stars>=1000"}
{"ts":"2026-09-26T02:49:18.620Z","operation":"track.transition","repository":"Evil0ctal/Douyin_TikTok_Download_API","trackingVersion":"phase3-v1","from":"UNASSESSED","to":"WARM","reason":"first assessment: WARM because warm:starsPerDay7d>=8, warm:starsPerDay30d>=8, warm:pushedWithin30d&stars>=1000"}
{"ts":"2026-09-26T02:49:18.620Z","operation":"track.transition","repository":"alibaba/loongcollector","trackingVersion":"phase3-v1","from":"UNASSESSED","to":"WARM","reason":"first assessment: WARM because warm:pushedWithin30d&stars>=1000"}
{"ts":"2026-09-26T02:49:18.620Z","operation":"track.transition","repository":"SPLWare/esProc","trackingVersion":"phase3-v1","from":"UNASSESSED","to":"WARM","reason":"first assessment: WARM because warm:pushedWithin30d&stars>=1000"}
{"ts":"2026-09-26T02:49:18.620Z","operation":"track.transition","repository":"kubecfg/kubecfg","trackingVersion":"phase3-v1","from":"UNASSESSED","to":"DORMANT","reason":"first assessment: DORMANT because dormant:no hot or warm rule passed"}
{"ts":"2026-09-26T02:49:18.620Z","operation":"track.transition","repository":"89luca89/distrobox","trackingVersion":"phase3-v1","from":"UNASSESSED","to":"WARM","reason":"first assessment: WARM because warm:pushedWithin30d&stars>=1000"}
{"ts":"2026-09-26T02:49:18.620Z","operation":"track.transition","repository":"reformator14/stacktrace-decoroutinator","trackingVersion":"phase3-v1","from":"UNASSESSED","to":"DORMANT","reason":"first assessment: DORMANT because dormant:no hot or warm rule passed"}
{"ts":"2026-09-26T02:49:18.620Z","operation":"track.transition","repository":"event-catalog/eventcatalog","trackingVersion":"phase3-v1","from":"UNASSESSED","to":"WARM","reason":"first assessment: WARM because warm:pushedWithin30d&stars>=1000"}
{"ts":"2026-09-26T02:49:18.620Z","operation":"track.transition","repository":"abahmed/kwatch","trackingVersion":"phase3-v1","from":"UNASSESSED","to":"WARM","reason":"first assessment: WARM because warm:pushedWithin30d&stars>=1000"}
{"ts":"2026-09-26T02:49:18.620Z","operation":"track.transition","repository":"Jieyab89/OSINT-Cheat-sheet","trackingVersion":"phase3-v1","from":"UNASSESSED","to":"WARM","reason":"first assessment: WARM because warm:pushedWithin30d&stars>=1000"}
{"ts":"2026-09-26T02:49:18.620Z","operation":"track.transition","repository":"orioledb/orioledb","trackingVersion":"phase3-v1","from":"UNASSESSED","to":"WARM","reason":"first assessment: WARM because warm:pushedWithin30d&stars>=1000"}
{"ts":"2026-09-26T02:49:18.620Z","operation":"track.transition","repository":"stackrox/stackrox","trackingVersion":"phase3-v1","from":"UNASSESSED","to":"WARM","reason":"first assessment: WARM because warm:pushedWithin30d&stars>=1000"}
{"ts":"2026-09-26T02:49:18.620Z","operation":"track.transition","repository":"aklivity/zilla","trackingVersion":"phase3-v1","from":"UNASSESSED","to":"WARM","reason":"first assessment: WARM because warm:pushedWithin30d&stars>=1000"}
{"ts":"2026-09-26T02:49:18.620Z","operation":"track.transition","repository":"userver-framework/userver","trackingVersion":"phase3-v1","from":"UNASSESSED","to":"WARM","reason":"first assessment: WARM because warm:pushedWithin30d&stars>=1000"}
{"ts":"2026-09-26T02:49:18.620Z","operation":"track.transition","repository":"clastix/kamaji","trackingVersion":"phase3-v1","from":"UNASSESSED","to":"WARM","reason":"first assessment: WARM because warm:pushedWithin30d&stars>=1000"}
{"ts":"2026-09-26T02:49:18.620Z","operation":"track.transition","repository":"Mikaelemmmm/go-zero-looklook","trackingVersion":"phase3-v1","from":"UNASSESSED","to":"WARM","reason":"first assessment: WARM because warm:pushedWithin30d&stars>=1000"}
{"ts":"2026-09-26T02:49:18.620Z","operation":"track.transition","repository":"flux-iac/tofu-controller","trackingVersion":"phase3-v1","from":"UNASSESSED","to":"WARM","reason":"first assessment: WARM because warm:pushedWithin30d&stars>=1000"}
{"ts":"2026-09-26T02:49:18.620Z","operation":"track.transition","repository":"stackql/stackql","trackingVersion":"phase3-v1","from":"UNASSESSED","to":"WARM","reason":"first assessment: WARM because warm:pushedWithin30d&stars>=1000"}
{"ts":"2026-09-26T02:49:18.620Z","operation":"track.transition","repository":"dstackai/dstack","trackingVersion":"phase3-v1","from":"UNASSESSED","to":"WARM","reason":"first assessment: WARM because warm:pushedWithin30d&stars>=1000"}
{"ts":"2026-09-26T02:49:18.620Z","operation":"track.transition","repository":"symforce-org/symforce","trackingVersion":"phase3-v1","from":"UNASSESSED","to":"WARM","reason":"first assessment: WARM because warm:pushedWithin30d&stars>=1000"}
{"ts":"2026-09-26T02:49:18.620Z","operation":"track.transition","repository":"DataDog/stratus-red-team","trackingVersion":"phase3-v1","from":"UNASSESSED","to":"WARM","reason":"first assessment: WARM because warm:pushedWithin30d&stars>=1000"}
{"ts":"2026-09-26T02:49:18.620Z","operation":"track.transition","repository":"monoscope-tech/monoscope","trackingVersion":"phase3-v1","from":"UNASSESSED","to":"WARM","reason":"first assessment: WARM because warm:pushedWithin30d&stars>=1000"}
{"ts":"2026-09-26T02:49:18.620Z","operation":"track.transition","repository":"katanaml/sparrow","trackingVersion":"phase3-v1","from":"UNASSESSED","to":"WARM","reason":"first assessment: WARM because warm:pushedWithin30d&stars>=1000"}
{"ts":"2026-09-26T02:49:18.620Z","operation":"track.transition","repository":"ConduitIO/conduit","trackingVersion":"phase3-v1","from":"UNASSESSED","to":"DORMANT","reason":"first assessment: DORMANT because dormant:no hot or warm rule passed"}
{"ts":"2026-09-26T02:49:18.620Z","operation":"track.transition","repository":"ElYusubov/AWESOME-Azure-Bicep","trackingVersion":"phase3-v1","from":"UNASSESSED","to":"DORMANT","reason":"first assessment: DORMANT because dormant:no hot or warm rule passed"}
{"ts":"2026-09-26T02:49:18.620Z","operation":"track.transition","repository":"deepflowio/deepflow","trackingVersion":"phase3-v1","from":"UNASSESSED","to":"WARM","reason":"first assessment: WARM because warm:pushedWithin30d&stars>=1000"}
{"ts":"2026-09-26T02:49:18.620Z","operation":"track.transition","repository":"keploy/keploy","trackingVersion":"phase3-v1","from":"UNASSESSED","to":"WARM","reason":"first assessment: WARM because warm:pushedWithin30d&stars>=1000"}
{"ts":"2026-09-26T02:49:18.620Z","operation":"track.transition","repository":"quarkusio/quarkus-super-heroes","trackingVersion":"phase3-v1","from":"UNASSESSED","to":"DORMANT","reason":"first assessment: DORMANT because dormant:no hot or warm rule passed"}
{"ts":"2026-09-26T02:49:18.620Z","operation":"track.transition","repository":"risingwavelabs/risingwave","trackingVersion":"phase3-v1","from":"UNASSESSED","to":"WARM","reason":"first assessment: WARM because warm:pushedWithin30d&stars>=1000"}
{"ts":"2026-09-26T02:49:18.620Z","operation":"track.transition","repository":"jafari-dev/oop-expert-with-typescript","trackingVersion":"phase3-v1","from":"UNASSESSED","to":"DORMANT","reason":"first assessment: DORMANT because dormant:no hot or warm rule passed"}
{"ts":"2026-09-26T02:49:18.620Z","operation":"track.transition","repository":"puppeteer/replay","trackingVersion":"phase3-v1","from":"UNASSESSED","to":"WARM","reason":"first assessment: WARM because warm:pushedWithin30d&stars>=1000"}
{"ts":"2026-09-26T02:49:18.620Z","operation":"track.transition","repository":"metalbear-co/mirrord","trackingVersion":"phase3-v1","from":"UNASSESSED","to":"WARM","reason":"first assessment: WARM because warm:pushedWithin30d&stars>=1000"}
{"ts":"2026-09-26T02:49:18.620Z","operation":"track.transition","repository":"PowerNukkitX/PowerNukkitX","trackingVersion":"phase3-v1","from":"UNASSESSED","to":"DORMANT","reason":"first assessment: DORMANT because dormant:no hot or warm rule passed"}
{"ts":"2026-09-26T02:49:18.620Z","operation":"track.transition","repository":"oskardudycz/EventSourcing.JVM","trackingVersion":"phase3-v1","from":"UNASSESSED","to":"DORMANT","reason":"first assessment: DORMANT because dormant:no hot or warm rule passed"}
{"ts":"2026-09-26T02:49:18.620Z","operation":"track.transition","repository":"apache/hertzbeat","trackingVersion":"phase3-v1","from":"UNASSESSED","to":"WARM","reason":"first assessment: WARM because warm:pushedWithin30d&stars>=1000"}
{"ts":"2026-09-26T02:49:18.620Z","operation":"track.transition","repository":"ydb-platform/ydb","trackingVersion":"phase3-v1","from":"UNASSESSED","to":"WARM","reason":"first assessment: WARM because warm:pushedWithin30d&stars>=1000"}
{"ts":"2026-09-26T02:49:18.620Z","operation":"track.transition","repository":"nextest-rs/nextest","trackingVersion":"phase3-v1","from":"UNASSESSED","to":"WARM","reason":"first assessment: WARM because warm:pushedWithin30d&stars>=1000"}
{"ts":"2026-09-26T02:49:18.620Z","operation":"track.transition","repository":"Cyclenerd/google-cloud-pricing-cost-calculator","trackingVersion":"phase3-v1","from":"UNASSESSED","to":"DORMANT","reason":"first assessment: DORMANT because dormant:no hot or warm rule passed"}
{"ts":"2026-09-26T02:49:18.620Z","operation":"track.transition","repository":"amirisback/automated-build-android-app-with-github-action","trackingVersion":"phase3-v1","from":"UNASSESSED","to":"DORMANT","reason":"first assessment: DORMANT because dormant:no hot or warm rule passed"}
{"ts":"2026-09-26T02:49:18.620Z","operation":"track.transition","repository":"odigos-io/opentelemetry-go-instrumentation","trackingVersion":"phase3-v1","from":"UNASSESSED","to":"DORMANT","reason":"first assessment: DORMANT because dormant:no hot or warm rule passed"}
{"ts":"2026-09-26T02:49:18.620Z","operation":"track.transition","repository":"kubernetes-sigs/kueue","trackingVersion":"phase3-v1","from":"UNASSESSED","to":"WARM","reason":"first assessment: WARM because warm:pushedWithin30d&stars>=1000"}
{"ts":"2026-09-26T02:49:18.620Z","operation":"track.transition","repository":"BoykaFramework/boyka-framework","trackingVersion":"phase3-v1","from":"UNASSESSED","to":"DORMANT","reason":"first assessment: DORMANT because dormant:no hot or warm rule passed"}
{"ts":"2026-09-26T02:49:18.620Z","operation":"track.transition","repository":"google/vizier","trackingVersion":"phase3-v1","from":"UNASSESSED","to":"WARM","reason":"first assessment: WARM because warm:pushedWithin30d&stars>=1000"}
{"ts":"2026-09-26T02:49:18.620Z","operation":"track.transition","repository":"AdrienPoupa/docker-compose-nas","trackingVersion":"phase3-v1","from":"UNASSESSED","to":"WARM","reason":"first assessment: WARM because warm:pushedWithin30d&stars>=1000"}
{"ts":"2026-09-26T02:49:18.620Z","operation":"track.transition","repository":"zh-lx/code-inspector","trackingVersion":"phase3-v1","from":"UNASSESSED","to":"WARM","reason":"first assessment: WARM because warm:pushedWithin30d&stars>=1000"}
{"ts":"2026-09-26T02:49:18.620Z","operation":"track.transition","repository":"steffan-westcott/clj-otel","trackingVersion":"phase3-v1","from":"UNASSESSED","to":"DORMANT","reason":"first assessment: DORMANT because dormant:no hot or warm rule passed"}
{"ts":"2026-09-26T02:49:18.620Z","operation":"track.transition","repository":"durable-workflow/workflow","trackingVersion":"phase3-v1","from":"UNASSESSED","to":"WARM","reason":"first assessment: WARM because warm:pushedWithin30d&stars>=1000"}
{"ts":"2026-09-26T02:49:18.620Z","operation":"track.transition","repository":"MarioCarrion/grpc-microservice-example","trackingVersion":"phase3-v1","from":"UNASSESSED","to":"DORMANT","reason":"first assessment: DORMANT because dormant:no hot or warm rule passed"}
{"ts":"2026-09-26T02:49:18.620Z","operation":"track.transition","repository":"instancio/instancio","trackingVersion":"phase3-v1","from":"UNASSESSED","to":"WARM","reason":"first assessment: WARM because warm:pushedWithin30d&stars>=1000"}
{"ts":"2026-09-26T02:49:18.620Z","operation":"track.transition","repository":"Giskard-AI/giskard-oss","trackingVersion":"phase3-v1","from":"UNASSESSED","to":"WARM","reason":"first assessment: WARM because warm:pushedWithin30d&stars>=1000"}
{"ts":"2026-09-26T02:49:18.620Z","operation":"track.transition","repository":"GZTimeWalker/GZCTF","trackingVersion":"phase3-v1","from":"UNASSESSED","to":"WARM","reason":"first assessment: WARM because warm:pushedWithin30d&stars>=1000"}
{"ts":"2026-09-26T02:49:18.620Z","operation":"track.transition","repository":"cloudnative-pg/cloudnative-pg","trackingVersion":"phase3-v1","from":"UNASSESSED","to":"WARM","reason":"first assessment: WARM because warm:pushedWithin30d&stars>=1000"}
{"ts":"2026-09-26T02:49:18.620Z","operation":"track.transition","repository":"shini4i/argo-watcher","trackingVersion":"phase3-v1","from":"UNASSESSED","to":"DORMANT","reason":"first assessment: DORMANT because dormant:no hot or warm rule passed"}
{"ts":"2026-09-26T02:49:18.620Z","operation":"track.transition","repository":"jacobdjwilson/awesome-annual-security-reports","trackingVersion":"phase3-v1","from":"UNASSESSED","to":"WARM","reason":"first assessment: WARM because warm:pushedWithin30d&stars>=1000"}
{"ts":"2026-09-26T02:49:18.620Z","operation":"track.transition","repository":"kroxylicious/kroxylicious","trackingVersion":"phase3-v1","from":"UNASSESSED","to":"DORMANT","reason":"first assessment: DORMANT because dormant:no hot or warm rule passed"}
{"ts":"2026-09-26T02:49:18.620Z","operation":"track.transition","repository":"timothystewart6/k3s-ansible","trackingVersion":"phase3-v1","from":"UNASSESSED","to":"WARM","reason":"first assessment: WARM because warm:pushedWithin30d&stars>=1000"}
{"ts":"2026-09-26T02:49:18.620Z","operation":"track.transition","repository":"hemansnation/AI-Engineer-Headquarters","trackingVersion":"phase3-v1","from":"UNASSESSED","to":"WARM","reason":"first assessment: WARM because warm:pushedWithin30d&stars>=1000"}
{"ts":"2026-09-26T02:49:18.620Z","operation":"track.transition","repository":"cunyu1943/JavaPark","trackingVersion":"phase3-v1","from":"UNASSESSED","to":"DORMANT","reason":"first assessment: DORMANT because dormant:no hot or warm rule passed"}
{"ts":"2026-09-26T02:49:18.620Z","operation":"track.transition","repository":"swirlai/swirl-search","trackingVersion":"phase3-v1","from":"UNASSESSED","to":"WARM","reason":"first assessment: WARM because warm:pushedWithin30d&stars>=1000"}
{"ts":"2026-09-26T02:49:18.620Z","operation":"track.transition","repository":"rerun-io/rerun","trackingVersion":"phase3-v1","from":"UNASSESSED","to":"WARM","reason":"first assessment: WARM because warm:pushedWithin30d&stars>=1000"}
{"ts":"2026-09-26T02:49:18.620Z","operation":"track.transition","repository":"GreptimeTeam/greptimedb","trackingVersion":"phase3-v1","from":"UNASSESSED","to":"WARM","reason":"first assessment: WARM because warm:pushedWithin30d&stars>=1000"}
{"ts":"2026-09-26T02:49:18.620Z","operation":"track.transition","repository":"meshery/play","trackingVersion":"phase3-v1","from":"UNASSESSED","to":"DORMANT","reason":"first assessment: DORMANT because dormant:no hot or warm rule passed"}
{"ts":"2026-09-26T02:49:18.620Z","operation":"track.transition","repository":"arextest/arex-agent-java","trackingVersion":"phase3-v1","from":"UNASSESSED","to":"DORMANT","reason":"first assessment: DORMANT because dormant:no hot or warm rule passed"}
{"ts":"2026-09-26T02:49:18.620Z","operation":"track.transition","repository":"laminlabs/lamindb","trackingVersion":"phase3-v1","from":"UNASSESSED","to":"DORMANT","reason":"first assessment: DORMANT because dormant:no hot or warm rule passed"}
{"ts":"2026-09-26T02:49:18.620Z","operation":"track.transition","repository":"cunla/fakeredis-py","trackingVersion":"phase3-v1","from":"UNASSESSED","to":"DORMANT","reason":"first assessment: DORMANT because dormant:no hot or warm rule passed"}
{"ts":"2026-09-26T02:49:18.620Z","operation":"track.transition","repository":"busser/tfautomv","trackingVersion":"phase3-v1","from":"UNASSESSED","to":"DORMANT","reason":"first assessment: DORMANT because dormant:no hot or warm rule passed"}
{"ts":"2026-09-26T02:49:18.620Z","operation":"track.transition","repository":"jassics/security-study-plan","trackingVersion":"phase3-v1","from":"UNASSESSED","to":"WARM","reason":"first assessment: WARM because warm:pushedWithin30d&stars>=1000"}
{"ts":"2026-09-26T02:49:18.620Z","operation":"track.transition","repository":"stephenafamo/bob","trackingVersion":"phase3-v1","from":"UNASSESSED","to":"WARM","reason":"first assessment: WARM because warm:pushedWithin30d&stars>=1000"}
{"ts":"2026-09-26T02:49:18.620Z","operation":"track.transition","repository":"dagucloud/dagu","trackingVersion":"phase3-v1","from":"UNASSESSED","to":"WARM","reason":"first assessment: WARM because warm:starsPerDay30d>=8, warm:pushedWithin30d&stars>=1000"}
{"ts":"2026-09-26T02:49:18.620Z","operation":"track.transition","repository":"Eventual-Inc/Daft","trackingVersion":"phase3-v1","from":"UNASSESSED","to":"WARM","reason":"first assessment: WARM because warm:pushedWithin30d&stars>=1000"}
{"ts":"2026-09-26T02:49:18.620Z","operation":"track.transition","repository":"open-telemetry/opentelemetry-demo","trackingVersion":"phase3-v1","from":"UNASSESSED","to":"WARM","reason":"first assessment: WARM because warm:pushedWithin30d&stars>=1000"}
{"ts":"2026-09-26T02:49:18.620Z","operation":"track.transition","repository":"microsoft/HydraLab","trackingVersion":"phase3-v1","from":"UNASSESSED","to":"WARM","reason":"first assessment: WARM because warm:pushedWithin30d&stars>=1000"}
{"ts":"2026-09-26T02:49:18.620Z","operation":"track.transition","repository":"wimdeblauwe/htmx-spring-boot","trackingVersion":"phase3-v1","from":"UNASSESSED","to":"DORMANT","reason":"first assessment: DORMANT because dormant:no hot or warm rule passed"}
{"ts":"2026-09-26T02:49:18.620Z","operation":"track.transition","repository":"xline-kv/Xline","trackingVersion":"phase3-v1","from":"UNASSESSED","to":"DORMANT","reason":"first assessment: DORMANT because dormant:no hot or warm rule passed"}
{"ts":"2026-09-26T02:49:18.620Z","operation":"track.transition","repository":"kcl-lang/kcl","trackingVersion":"phase3-v1","from":"UNASSESSED","to":"WARM","reason":"first assessment: WARM because warm:pushedWithin30d&stars>=1000"}
{"ts":"2026-09-26T02:49:18.620Z","operation":"track.transition","repository":"aquasecurity/trivy-operator","trackingVersion":"phase3-v1","from":"UNASSESSED","to":"WARM","reason":"first assessment: WARM because warm:pushedWithin30d&stars>=1000"}
{"ts":"2026-09-26T02:49:18.620Z","operation":"track.transition","repository":"beelzebub-labs/beelzebub","trackingVersion":"phase3-v1","from":"UNASSESSED","to":"WARM","reason":"first assessment: WARM because warm:pushedWithin30d&stars>=1000"}
{"ts":"2026-09-26T02:49:18.620Z","operation":"track.transition","repository":"mehdihadeli/food-delivery-microservices","trackingVersion":"phase3-v1","from":"UNASSESSED","to":"WARM","reason":"first assessment: WARM because warm:pushedWithin30d&stars>=1000"}
{"ts":"2026-09-26T02:49:18.620Z","operation":"track.transition","repository":"canyon-project/canyon","trackingVersion":"phase3-v1","from":"UNASSESSED","to":"DORMANT","reason":"first assessment: DORMANT because dormant:no hot or warm rule passed"}
{"ts":"2026-09-26T02:49:18.620Z","operation":"track.transition","repository":"typelevel/otel4s","trackingVersion":"phase3-v1","from":"UNASSESSED","to":"DORMANT","reason":"first assessment: DORMANT because dormant:no hot or warm rule passed"}
{"ts":"2026-09-26T02:49:18.620Z","operation":"track.transition","repository":"infracost/vscode-infracost","trackingVersion":"phase3-v1","from":"UNASSESSED","to":"WARM","reason":"first assessment: WARM because warm:pushedWithin30d&stars>=1000"}
{"ts":"2026-09-26T02:49:18.620Z","operation":"track.transition","repository":"mage-ai/mage-ai","trackingVersion":"phase3-v1","from":"UNASSESSED","to":"WARM","reason":"first assessment: WARM because warm:pushedWithin30d&stars>=1000"}
{"ts":"2026-09-26T02:49:18.620Z","operation":"track.transition","repository":"kubero-dev/kubero","trackingVersion":"phase3-v1","from":"UNASSESSED","to":"WARM","reason":"first assessment: WARM because warm:pushedWithin30d&stars>=1000"}
{"ts":"2026-09-26T02:49:18.620Z","operation":"track.transition","repository":"numaproj/numaflow","trackingVersion":"phase3-v1","from":"UNASSESSED","to":"WARM","reason":"first assessment: WARM because warm:pushedWithin30d&stars>=1000"}
{"ts":"2026-09-26T02:49:18.620Z","operation":"track.transition","repository":"readysettech/readyset","trackingVersion":"phase3-v1","from":"UNASSESSED","to":"WARM","reason":"first assessment: WARM because warm:pushedWithin30d&stars>=1000"}
{"ts":"2026-09-26T02:49:18.620Z","operation":"track.transition","repository":"Bert-JanP/Hunting-Queries-Detection-Rules","trackingVersion":"phase3-v1","from":"UNASSESSED","to":"WARM","reason":"first assessment: WARM because warm:pushedWithin30d&stars>=1000"}
{"ts":"2026-09-26T02:49:18.620Z","operation":"track.transition","repository":"loiane/crud-angular-spring","trackingVersion":"phase3-v1","from":"UNASSESSED","to":"DORMANT","reason":"first assessment: DORMANT because dormant:no hot or warm rule passed"}
{"ts":"2026-09-26T02:49:18.620Z","operation":"track.transition","repository":"electric-sql/electric","trackingVersion":"phase3-v1","from":"UNASSESSED","to":"WARM","reason":"first assessment: WARM because warm:pushedWithin30d&stars>=1000"}
{"ts":"2026-09-26T02:49:18.620Z","operation":"track.transition","repository":"JamesWoolfenden/pike","trackingVersion":"phase3-v1","from":"UNASSESSED","to":"DORMANT","reason":"first assessment: DORMANT because dormant:no hot or warm rule passed"}
{"ts":"2026-09-26T02:49:18.620Z","operation":"track.transition","repository":"odigos-io/odigos","trackingVersion":"phase3-v1","from":"UNASSESSED","to":"WARM","reason":"first assessment: WARM because warm:pushedWithin30d&stars>=1000"}
{"ts":"2026-09-26T02:49:18.620Z","operation":"track.transition","repository":"Athena-OS/athena","trackingVersion":"phase3-v1","from":"UNASSESSED","to":"WARM","reason":"first assessment: WARM because warm:pushedWithin30d&stars>=1000"}
{"ts":"2026-09-26T02:49:18.620Z","operation":"track.transition","repository":"VirtusLab/besom","trackingVersion":"phase3-v1","from":"UNASSESSED","to":"DORMANT","reason":"first assessment: DORMANT because dormant:no hot or warm rule passed"}
{"ts":"2026-09-26T02:49:18.620Z","operation":"track.transition","repository":"edoardottt/awesome-hacker-search-engines","trackingVersion":"phase3-v1","from":"UNASSESSED","to":"WARM","reason":"first assessment: WARM because warm:pushedWithin30d&stars>=1000"}
{"ts":"2026-09-26T02:49:18.620Z","operation":"track.transition","repository":"loxilb-io/loxilb","trackingVersion":"phase3-v1","from":"UNASSESSED","to":"WARM","reason":"first assessment: WARM because warm:pushedWithin30d&stars>=1000"}
{"ts":"2026-09-26T02:49:18.620Z","operation":"track.transition","repository":"spring-projects/spring-modulith","trackingVersion":"phase3-v1","from":"UNASSESSED","to":"WARM","reason":"first assessment: WARM because warm:pushedWithin30d&stars>=1000"}
{"ts":"2026-09-26T02:49:18.620Z","operation":"track.transition","repository":"basetenlabs/truss","trackingVersion":"phase3-v1","from":"UNASSESSED","to":"WARM","reason":"first assessment: WARM because warm:pushedWithin30d&stars>=1000"}
{"ts":"2026-09-26T02:49:18.620Z","operation":"track.transition","repository":"SkidderMC/FDPClient","trackingVersion":"phase3-v1","from":"UNASSESSED","to":"DORMANT","reason":"first assessment: DORMANT because dormant:no hot or warm rule passed"}
{"ts":"2026-09-26T02:49:18.620Z","operation":"track.transition","repository":"itwanger/paicoding","trackingVersion":"phase3-v1","from":"UNASSESSED","to":"WARM","reason":"first assessment: WARM because warm:pushedWithin30d&stars>=1000"}
{"ts":"2026-09-26T02:49:18.620Z","operation":"track.transition","repository":"valkey-io/valkey-glide","trackingVersion":"phase3-v1","from":"UNASSESSED","to":"DORMANT","reason":"first assessment: DORMANT because dormant:no hot or warm rule passed"}
{"ts":"2026-09-26T02:49:18.620Z","operation":"track.transition","repository":"lissy93/awesome-privacy","trackingVersion":"phase3-v1","from":"UNASSESSED","to":"WARM","reason":"first assessment: WARM because warm:pushedWithin30d&stars>=1000"}
{"ts":"2026-09-26T02:49:18.620Z","operation":"track.transition","repository":"jaccomoc/jactl","trackingVersion":"phase3-v1","from":"UNASSESSED","to":"DORMANT","reason":"first assessment: DORMANT because dormant:no hot or warm rule passed"}
{"ts":"2026-09-26T02:49:18.620Z","operation":"track.transition","repository":"akuity/kargo","trackingVersion":"phase3-v1","from":"UNASSESSED","to":"WARM","reason":"first assessment: WARM because warm:pushedWithin30d&stars>=1000"}
{"ts":"2026-09-26T02:49:18.620Z","operation":"track.transition","repository":"ryanrosello-og/playwright-slack-report","trackingVersion":"phase3-v1","from":"UNASSESSED","to":"DORMANT","reason":"first assessment: DORMANT because dormant:no hot or warm rule passed"}
{"ts":"2026-09-26T02:49:18.620Z","operation":"track.transition","repository":"runmedev/runme","trackingVersion":"phase3-v1","from":"UNASSESSED","to":"WARM","reason":"first assessment: WARM because warm:pushedWithin30d&stars>=1000"}
{"ts":"2026-09-26T02:49:18.620Z","operation":"track.transition","repository":"infiniflow/infinity","trackingVersion":"phase3-v1","from":"UNASSESSED","to":"WARM","reason":"first assessment: WARM because warm:pushedWithin30d&stars>=1000"}
{"ts":"2026-09-26T02:49:18.620Z","operation":"track.transition","repository":"tracel-ai/burn","trackingVersion":"phase3-v1","from":"UNASSESSED","to":"WARM","reason":"first assessment: WARM because warm:pushedWithin30d&stars>=1000"}
{"ts":"2026-09-26T02:49:18.620Z","operation":"track.transition","repository":"cisagov/ScubaGear","trackingVersion":"phase3-v1","from":"UNASSESSED","to":"WARM","reason":"first assessment: WARM because warm:pushedWithin30d&stars>=1000"}
{"ts":"2026-09-26T02:49:18.620Z","operation":"track.transition","repository":"next-hat/nanocl","trackingVersion":"phase3-v1","from":"UNASSESSED","to":"DORMANT","reason":"first assessment: DORMANT because dormant:no hot or warm rule passed"}
{"ts":"2026-09-26T02:49:18.620Z","operation":"track.transition","repository":"modelscope/modelscope","trackingVersion":"phase3-v1","from":"UNASSESSED","to":"WARM","reason":"first assessment: WARM because warm:pushedWithin30d&stars>=1000"}
{"ts":"2026-09-26T02:49:18.620Z","operation":"track.transition","repository":"indeedeng/iwf","trackingVersion":"phase3-v1","from":"UNASSESSED","to":"DORMANT","reason":"first assessment: DORMANT because dormant:no hot or warm rule passed"}
{"ts":"2026-09-26T02:49:18.620Z","operation":"track.transition","repository":"grafana/grafana-ansible-collection","trackingVersion":"phase3-v1","from":"UNASSESSED","to":"DORMANT","reason":"first assessment: DORMANT because dormant:no hot or warm rule passed"}
{"ts":"2026-09-26T02:49:18.620Z","operation":"track.transition","repository":"open-telemetry/opentelemetry-go-instrumentation","trackingVersion":"phase3-v1","from":"UNASSESSED","to":"WARM","reason":"first assessment: WARM because warm:pushedWithin30d&stars>=1000"}
{"ts":"2026-09-26T02:49:18.620Z","operation":"track.transition","repository":"parseablehq/parseable","trackingVersion":"phase3-v1","from":"UNASSESSED","to":"WARM","reason":"first assessment: WARM because warm:pushedWithin30d&stars>=1000"}
{"ts":"2026-09-26T02:49:18.620Z","operation":"track.transition","repository":"tomas-gajarsky/facetorch","trackingVersion":"phase3-v1","from":"UNASSESSED","to":"DORMANT","reason":"first assessment: DORMANT because dormant:no hot or warm rule passed"}
{"ts":"2026-09-26T02:49:18.620Z","operation":"track.transition","repository":"vilaca/awesome-k8s-tools","trackingVersion":"phase3-v1","from":"UNASSESSED","to":"WARM","reason":"first assessment: WARM because warm:pushedWithin30d&stars>=1000"}
{"ts":"2026-09-26T02:49:18.620Z","operation":"track.transition","repository":"kananinirav/AWS-Certified-Cloud-Practitioner-Notes","trackingVersion":"phase3-v1","from":"UNASSESSED","to":"WARM","reason":"first assessment: WARM because warm:pushedWithin30d&stars>=1000"}
{"ts":"2026-09-26T02:49:18.620Z","operation":"track.transition","repository":"teticio/audio-diffusion","trackingVersion":"phase3-v1","from":"UNASSESSED","to":"DORMANT","reason":"first assessment: DORMANT because dormant:no hot or warm rule passed"}
{"ts":"2026-09-26T02:49:18.620Z","operation":"track.transition","repository":"xtreme1-io/xtreme1","trackingVersion":"phase3-v1","from":"UNASSESSED","to":"WARM","reason":"first assessment: WARM because warm:pushedWithin30d&stars>=1000"}
{"ts":"2026-09-26T02:49:18.620Z","operation":"track.transition","repository":"nikhilbadyal/docker-py-revanced","trackingVersion":"phase3-v1","from":"UNASSESSED","to":"DORMANT","reason":"first assessment: DORMANT because dormant:no hot or warm rule passed"}
{"ts":"2026-09-26T02:49:18.620Z","operation":"track.transition","repository":"dust-tt/dust","trackingVersion":"phase3-v1","from":"UNASSESSED","to":"WARM","reason":"first assessment: WARM because warm:pushedWithin30d&stars>=1000"}
{"ts":"2026-09-26T02:49:18.620Z","operation":"track.transition","repository":"alifiroozi80/CKA","trackingVersion":"phase3-v1","from":"UNASSESSED","to":"DORMANT","reason":"first assessment: DORMANT because dormant:no hot or warm rule passed"}
{"ts":"2026-09-26T02:49:18.620Z","operation":"track.transition","repository":"apecloud/kubeblocks","trackingVersion":"phase3-v1","from":"UNASSESSED","to":"WARM","reason":"first assessment: WARM because warm:pushedWithin30d&stars>=1000"}
{"ts":"2026-09-26T02:49:18.620Z","operation":"track.transition","repository":"komodorio/helm-dashboard","trackingVersion":"phase3-v1","from":"UNASSESSED","to":"WARM","reason":"first assessment: WARM because warm:pushedWithin30d&stars>=1000"}
{"ts":"2026-09-26T02:49:18.620Z","operation":"track.transition","repository":"coroot/coroot","trackingVersion":"phase3-v1","from":"UNASSESSED","to":"WARM","reason":"first assessment: WARM because warm:pushedWithin30d&stars>=1000"}
{"ts":"2026-09-26T02:49:18.620Z","operation":"track.transition","repository":"awslabs/mountpoint-s3","trackingVersion":"phase3-v1","from":"UNASSESSED","to":"WARM","reason":"first assessment: WARM because warm:pushedWithin30d&stars>=1000"}
{"ts":"2026-09-26T02:49:18.620Z","operation":"track.transition","repository":"NVIDIA/nim-anywhere","trackingVersion":"phase3-v1","from":"UNASSESSED","to":"DORMANT","reason":"first assessment: DORMANT because dormant:no hot or warm rule passed"}
{"ts":"2026-09-26T02:49:18.620Z","operation":"track.transition","repository":"cyb3rxp/awesome-soc","trackingVersion":"phase3-v1","from":"UNASSESSED","to":"WARM","reason":"first assessment: WARM because warm:pushedWithin30d&stars>=1000"}
{"ts":"2026-09-26T02:49:18.620Z","operation":"track.transition","repository":"O-X-L/ansible-opnsense","trackingVersion":"phase3-v1","from":"UNASSESSED","to":"DORMANT","reason":"first assessment: DORMANT because dormant:no hot or warm rule passed"}
{"ts":"2026-09-26T02:49:18.620Z","operation":"track.transition","repository":"opsmill/infrahub","trackingVersion":"phase3-v1","from":"UNASSESSED","to":"DORMANT","reason":"first assessment: DORMANT because dormant:no hot or warm rule passed"}
{"ts":"2026-09-26T02:49:18.620Z","operation":"track.transition","repository":"cobanov/awesome-diffusion","trackingVersion":"phase3-v1","from":"UNASSESSED","to":"DORMANT","reason":"first assessment: DORMANT because dormant:no hot or warm rule passed"}
{"ts":"2026-09-26T02:49:18.620Z","operation":"track.transition","repository":"Aiven-Open/klaw","trackingVersion":"phase3-v1","from":"UNASSESSED","to":"DORMANT","reason":"first assessment: DORMANT because dormant:no hot or warm rule passed"}
{"ts":"2026-09-26T02:49:18.620Z","operation":"track.transition","repository":"aurae-runtime/aurae","trackingVersion":"phase3-v1","from":"UNASSESSED","to":"WARM","reason":"first assessment: WARM because warm:pushedWithin30d&stars>=1000"}
{"ts":"2026-09-26T02:49:18.620Z","operation":"track.transition","repository":"wind-c/comqtt","trackingVersion":"phase3-v1","from":"UNASSESSED","to":"WARM","reason":"first assessment: WARM because warm:pushedWithin30d&stars>=1000"}
{"ts":"2026-09-26T02:49:18.620Z","operation":"track.transition","repository":"joel-jeremy/emissary","trackingVersion":"phase3-v1","from":"UNASSESSED","to":"DORMANT","reason":"first assessment: DORMANT because dormant:no hot or warm rule passed"}
{"ts":"2026-09-26T02:49:18.620Z","operation":"track.transition","repository":"arthurspk/guiadecybersecurity","trackingVersion":"phase3-v1","from":"UNASSESSED","to":"WARM","reason":"first assessment: WARM because warm:pushedWithin30d&stars>=1000"}
{"ts":"2026-09-26T02:49:18.620Z","operation":"track.transition","repository":"carson-katri/dream-textures","trackingVersion":"phase3-v1","from":"UNASSESSED","to":"WARM","reason":"first assessment: WARM because warm:pushedWithin30d&stars>=1000"}
{"ts":"2026-09-26T02:49:18.620Z","operation":"track.transition","repository":"dotnet/dev-proxy","trackingVersion":"phase3-v1","from":"UNASSESSED","to":"DORMANT","reason":"first assessment: DORMANT because dormant:no hot or warm rule passed"}
{"ts":"2026-09-26T02:49:18.620Z","operation":"track.transition","repository":"tungbq/devops-basics","trackingVersion":"phase3-v1","from":"UNASSESSED","to":"WARM","reason":"first assessment: WARM because warm:pushedWithin30d&stars>=1000"}
{"ts":"2026-09-26T02:49:18.620Z","operation":"track.transition","repository":"Astrosp/Awesome-OSINT-List","trackingVersion":"phase3-v1","from":"UNASSESSED","to":"WARM","reason":"first assessment: WARM because warm:pushedWithin30d&stars>=1000"}
{"ts":"2026-09-26T02:49:18.620Z","operation":"track.transition","repository":"ggml-org/ggml","trackingVersion":"phase3-v1","from":"UNASSESSED","to":"WARM","reason":"first assessment: WARM because warm:pushedWithin30d&stars>=1000"}
{"ts":"2026-09-26T02:49:18.620Z","operation":"track.transition","repository":"candle-org/MindAct","trackingVersion":"phase3-v1","from":"UNASSESSED","to":"DORMANT","reason":"first assessment: DORMANT because dormant:no hot or warm rule passed"}
{"ts":"2026-09-26T02:49:18.620Z","operation":"track.transition","repository":"Unstructured-IO/unstructured","trackingVersion":"phase3-v1","from":"UNASSESSED","to":"WARM","reason":"first assessment: WARM because warm:pushedWithin30d&stars>=1000"}
{"ts":"2026-09-26T02:49:18.620Z","operation":"track.transition","repository":"tursodatabase/libsql","trackingVersion":"phase3-v1","from":"UNASSESSED","to":"WARM","reason":"first assessment: WARM because warm:pushedWithin30d&stars>=1000"}
{"ts":"2026-09-26T02:49:18.620Z","operation":"track.transition","repository":"aws-containers/retail-store-sample-app","trackingVersion":"phase3-v1","from":"UNASSESSED","to":"DORMANT","reason":"first assessment: DORMANT because dormant:no hot or warm rule passed"}
{"ts":"2026-09-26T02:49:18.620Z","operation":"track.transition","repository":"godot-gdunit-labs/gdUnit4","trackingVersion":"phase3-v1","from":"UNASSESSED","to":"WARM","reason":"first assessment: WARM because warm:pushedWithin30d&stars>=1000"}
{"ts":"2026-09-26T02:49:18.620Z","operation":"track.transition","repository":"0xsyr0/Awesome-Cybersecurity-Handbooks","trackingVersion":"phase3-v1","from":"UNASSESSED","to":"WARM","reason":"first assessment: WARM because warm:pushedWithin30d&stars>=1000"}
{"ts":"2026-09-26T02:49:18.620Z","operation":"track.transition","repository":"Pradumnasaraf/DevOps","trackingVersion":"phase3-v1","from":"UNASSESSED","to":"WARM","reason":"first assessment: WARM because warm:pushedWithin30d&stars>=1000"}
{"ts":"2026-09-26T02:49:18.620Z","operation":"track.transition","repository":"modal-labs/modal-client","trackingVersion":"phase3-v1","from":"UNASSESSED","to":"DORMANT","reason":"first assessment: DORMANT because dormant:no hot or warm rule passed"}
{"ts":"2026-09-26T02:49:18.620Z","operation":"track.transition","repository":"steven2358/awesome-generative-ai","trackingVersion":"phase3-v1","from":"UNASSESSED","to":"WARM","reason":"first assessment: WARM because warm:pushedWithin30d&stars>=1000"}
{"ts":"2026-09-26T02:49:18.620Z","operation":"track.transition","repository":"Open-Source-Legal/OpenContracts","trackingVersion":"phase3-v1","from":"UNASSESSED","to":"WARM","reason":"first assessment: WARM because warm:pushedWithin30d&stars>=1000"}
{"ts":"2026-09-26T02:49:18.620Z","operation":"track.transition","repository":"higress-group/higress","trackingVersion":"phase3-v1","from":"UNASSESSED","to":"WARM","reason":"first assessment: WARM because warm:starsPerDay30d>=8, warm:pushedWithin30d&stars>=1000"}
{"ts":"2026-09-26T02:49:18.620Z","operation":"track.transition","repository":"in28minutes/master-spring-and-spring-boot","trackingVersion":"phase3-v1","from":"UNASSESSED","to":"WARM","reason":"first assessment: WARM because warm:pushedWithin30d&stars>=1000"}
{"ts":"2026-09-26T02:49:18.620Z","operation":"track.transition","repository":"yohasebe/openai-chat-api-workflow","trackingVersion":"phase3-v1","from":"UNASSESSED","to":"DORMANT","reason":"first assessment: DORMANT because dormant:no hot or warm rule passed"}
{"ts":"2026-09-26T02:49:18.620Z","operation":"track.transition","repository":"redis/redis-vl-python","trackingVersion":"phase3-v1","from":"UNASSESSED","to":"DORMANT","reason":"first assessment: DORMANT because dormant:no hot or warm rule passed"}
{"ts":"2026-09-26T02:49:18.620Z","operation":"track.transition","repository":"padok-team/burrito","trackingVersion":"phase3-v1","from":"UNASSESSED","to":"DORMANT","reason":"first assessment: DORMANT because dormant:no hot or warm rule passed"}
{"ts":"2026-09-26T02:49:18.620Z","operation":"track.transition","repository":"Arize-ai/phoenix","trackingVersion":"phase3-v1","from":"UNASSESSED","to":"WARM","reason":"first assessment: WARM because warm:starsPerDay7d>=8, warm:starsPerDay30d>=8, warm:pushedWithin30d&stars>=1000"}
{"ts":"2026-09-26T02:49:18.620Z","operation":"track.transition","repository":"techiescamp/kubernetes-learning-path","trackingVersion":"phase3-v1","from":"UNASSESSED","to":"WARM","reason":"first assessment: WARM because warm:pushedWithin30d&stars>=1000"}
{"ts":"2026-09-26T02:49:18.620Z","operation":"track.transition","repository":"quixio/quix-streams","trackingVersion":"phase3-v1","from":"UNASSESSED","to":"WARM","reason":"first assessment: WARM because warm:pushedWithin30d&stars>=1000"}
{"ts":"2026-09-26T02:49:18.620Z","operation":"track.transition","repository":"etcd-io/raft","trackingVersion":"phase3-v1","from":"UNASSESSED","to":"WARM","reason":"first assessment: WARM because warm:pushedWithin30d&stars>=1000"}
{"ts":"2026-09-26T02:49:18.620Z","operation":"track.transition","repository":"opennextjs/opennextjs-aws","trackingVersion":"phase3-v1","from":"UNASSESSED","to":"WARM","reason":"first assessment: WARM because warm:pushedWithin30d&stars>=1000"}
{"ts":"2026-09-26T02:49:18.620Z","operation":"track.transition","repository":"triggerdotdev/trigger.dev","trackingVersion":"phase3-v1","from":"UNASSESSED","to":"WARM","reason":"first assessment: WARM because warm:starsPerDay7d>=8, warm:starsPerDay30d>=8, warm:pushedWithin30d&stars>=1000"}
{"ts":"2026-09-26T02:49:18.620Z","operation":"track.transition","repository":"ExtensityAI/symbolicai","trackingVersion":"phase3-v1","from":"UNASSESSED","to":"WARM","reason":"first assessment: WARM because warm:pushedWithin30d&stars>=1000"}
{"ts":"2026-09-26T02:49:18.620Z","operation":"track.transition","repository":"ag2ai/faststream","trackingVersion":"phase3-v1","from":"UNASSESSED","to":"WARM","reason":"first assessment: WARM because warm:pushedWithin30d&stars>=1000"}
{"ts":"2026-09-26T02:49:18.620Z","operation":"track.transition","repository":"Aeternalis-Ingenium/FastAPI-Backend-Template","trackingVersion":"phase3-v1","from":"UNASSESSED","to":"DORMANT","reason":"first assessment: DORMANT because dormant:no hot or warm rule passed"}
{"ts":"2026-09-26T02:49:18.620Z","operation":"track.transition","repository":"langbot-app/LangBot","trackingVersion":"phase3-v1","from":"UNASSESSED","to":"WARM","reason":"first assessment: WARM because warm:starsPerDay30d>=8, warm:pushedWithin30d&stars>=1000"}
{"ts":"2026-09-26T02:49:18.620Z","operation":"track.transition","repository":"linear-b/gitstream","trackingVersion":"phase3-v1","from":"UNASSESSED","to":"DORMANT","reason":"first assessment: DORMANT because dormant:no hot or warm rule passed"}
{"ts":"2026-09-26T02:49:18.620Z","operation":"track.transition","repository":"Sunagatov/Iced-Latte","trackingVersion":"phase3-v1","from":"UNASSESSED","to":"DORMANT","reason":"first assessment: DORMANT because dormant:no hot or warm rule passed"}
{"ts":"2026-09-26T02:49:18.620Z","operation":"track.transition","repository":"krud-dev/ostara","trackingVersion":"phase3-v1","from":"UNASSESSED","to":"DORMANT","reason":"first assessment: DORMANT because dormant:no hot or warm rule passed"}
{"ts":"2026-09-26T02:49:18.620Z","operation":"track.transition","repository":"AzeemIdrisi/PhoneSploit-Pro","trackingVersion":"phase3-v1","from":"UNASSESSED","to":"WARM","reason":"first assessment: WARM because warm:pushedWithin30d&stars>=1000"}
{"ts":"2026-09-26T02:49:18.620Z","operation":"track.transition","repository":"m14r41/PentestingEverything","trackingVersion":"phase3-v1","from":"UNASSESSED","to":"WARM","reason":"first assessment: WARM because warm:pushedWithin30d&stars>=1000"}
{"ts":"2026-09-26T02:49:18.620Z","operation":"track.transition","repository":"monarch-initiative/ontogpt","trackingVersion":"phase3-v1","from":"UNASSESSED","to":"WARM","reason":"first assessment: WARM because warm:pushedWithin30d&stars>=1000"}
{"ts":"2026-09-26T02:49:18.620Z","operation":"track.transition","repository":"dair-ai/AI-Papers-of-the-Week","trackingVersion":"phase3-v1","from":"UNASSESSED","to":"WARM","reason":"first assessment: WARM because warm:pushedWithin30d&stars>=1000"}
{"ts":"2026-09-26T02:49:18.620Z","operation":"track.transition","repository":"KouShenhai/KCloud-Platform-IoT","trackingVersion":"phase3-v1","from":"UNASSESSED","to":"DORMANT","reason":"first assessment: DORMANT because dormant:no hot or warm rule passed"}
{"ts":"2026-09-26T02:49:18.620Z","operation":"track.transition","repository":"zurawiki/gptcommit","trackingVersion":"phase3-v1","from":"UNASSESSED","to":"WARM","reason":"first assessment: WARM because warm:pushedWithin30d&stars>=1000"}
{"ts":"2026-09-26T02:49:18.620Z","operation":"track.transition","repository":"eli64s/readme-ai","trackingVersion":"phase3-v1","from":"UNASSESSED","to":"WARM","reason":"first assessment: WARM because warm:pushedWithin30d&stars>=1000"}
{"ts":"2026-09-26T02:49:18.620Z","operation":"track.transition","repository":"mfaisalkhatri/awesome-learning","trackingVersion":"phase3-v1","from":"UNASSESSED","to":"WARM","reason":"first assessment: WARM because warm:pushedWithin30d&stars>=1000"}
{"ts":"2026-09-26T02:49:18.620Z","operation":"track.transition","repository":"ubicloud/ubicloud","trackingVersion":"phase3-v1","from":"UNASSESSED","to":"WARM","reason":"first assessment: WARM because warm:pushedWithin30d&stars>=1000"}
{"ts":"2026-09-26T02:49:18.620Z","operation":"track.transition","repository":"Trendyol/stove","trackingVersion":"phase3-v1","from":"UNASSESSED","to":"DORMANT","reason":"first assessment: DORMANT because dormant:no hot or warm rule passed"}
{"ts":"2026-09-26T02:49:18.620Z","operation":"track.transition","repository":"softwaremill/ox","trackingVersion":"phase3-v1","from":"UNASSESSED","to":"DORMANT","reason":"first assessment: DORMANT because dormant:no hot or warm rule passed"}
{"ts":"2026-09-26T02:49:18.620Z","operation":"track.transition","repository":"farhanashrafdev/90DaysOfCyberSecurity","trackingVersion":"phase3-v1","from":"UNASSESSED","to":"WARM","reason":"first assessment: WARM because warm:starsPerDay7d>=8, warm:starsPerDay30d>=8, warm:pushedWithin30d&stars>=1000"}
{"ts":"2026-09-26T02:49:18.620Z","operation":"track.transition","repository":"ViktorUJ/cks","trackingVersion":"phase3-v1","from":"UNASSESSED","to":"WARM","reason":"first assessment: WARM because warm:pushedWithin30d&stars>=1000"}
{"ts":"2026-09-26T02:49:18.620Z","operation":"track.transition","repository":"spegel-org/spegel","trackingVersion":"phase3-v1","from":"UNASSESSED","to":"WARM","reason":"first assessment: WARM because warm:pushedWithin30d&stars>=1000"}
{"ts":"2026-09-26T02:49:18.620Z","operation":"track.transition","repository":"cirolini/genai-code-review","trackingVersion":"phase3-v1","from":"UNASSESSED","to":"DORMANT","reason":"first assessment: DORMANT because dormant:no hot or warm rule passed"}
{"ts":"2026-09-26T02:49:18.620Z","operation":"track.transition","repository":"xpipe-io/xpipe","trackingVersion":"phase3-v1","from":"UNASSESSED","to":"WARM","reason":"first assessment: WARM because warm:pushedWithin30d&stars>=1000"}
{"ts":"2026-09-26T02:49:18.620Z","operation":"track.transition","repository":"anveshmuppeda/kubernetes","trackingVersion":"phase3-v1","from":"UNASSESSED","to":"DORMANT","reason":"first assessment: DORMANT because dormant:no hot or warm rule passed"}
{"ts":"2026-09-26T02:49:18.620Z","operation":"track.transition","repository":"Helicone/helicone","trackingVersion":"phase3-v1","from":"UNASSESSED","to":"WARM","reason":"first assessment: WARM because warm:pushedWithin30d&stars>=1000"}
{"ts":"2026-09-26T02:49:18.620Z","operation":"track.transition","repository":"arc53/DocsGPT","trackingVersion":"phase3-v1","from":"UNASSESSED","to":"WARM","reason":"first assessment: WARM because warm:pushedWithin30d&stars>=1000"}
{"ts":"2026-09-26T02:49:18.620Z","operation":"track.transition","repository":"vinson-lee01/ops-engineering-roadmap","trackingVersion":"phase3-v1","from":"UNASSESSED","to":"DORMANT","reason":"first assessment: DORMANT because dormant:no hot or warm rule passed"}
{"ts":"2026-09-26T02:49:18.620Z","operation":"track.transition","repository":"Future-House/paper-qa","trackingVersion":"phase3-v1","from":"UNASSESSED","to":"WARM","reason":"first assessment: WARM because warm:pushedWithin30d&stars>=1000"}
{"ts":"2026-09-26T02:49:18.620Z","operation":"track.transition","repository":"OP5dev/TF-via-PR","trackingVersion":"phase3-v1","from":"UNASSESSED","to":"DORMANT","reason":"first assessment: DORMANT because dormant:no hot or warm rule passed"}
{"ts":"2026-09-26T02:49:18.621Z","operation":"track.transition","repository":"promptslab/Awesome-Prompt-Engineering","trackingVersion":"phase3-v1","from":"UNASSESSED","to":"WARM","reason":"first assessment: WARM because warm:pushedWithin30d&stars>=1000"}
{"ts":"2026-09-26T02:49:18.621Z","operation":"track.transition","repository":"DSXiangLi/DecryptPrompt","trackingVersion":"phase3-v1","from":"UNASSESSED","to":"WARM","reason":"first assessment: WARM because warm:pushedWithin30d&stars>=1000"}
{"ts":"2026-09-26T02:49:18.621Z","operation":"track.transition","repository":"azukaar/Cosmos-Server","trackingVersion":"phase3-v1","from":"UNASSESSED","to":"WARM","reason":"first assessment: WARM because warm:pushedWithin30d&stars>=1000"}
{"ts":"2026-09-26T02:49:18.621Z","operation":"track.transition","repository":"AI4Finance-Foundation/FinGPT","trackingVersion":"phase3-v1","from":"UNASSESSED","to":"WARM","reason":"first assessment: WARM because warm:pushedWithin30d&stars>=1000"}
{"ts":"2026-09-26T02:49:18.621Z","operation":"track.transition","repository":"Haxxnet/Compose-Examples","trackingVersion":"phase3-v1","from":"UNASSESSED","to":"WARM","reason":"first assessment: WARM because warm:pushedWithin30d&stars>=1000"}
{"ts":"2026-09-26T02:49:18.621Z","operation":"track.transition","repository":"kurtosis-tech/kurtosis","trackingVersion":"phase3-v1","from":"UNASSESSED","to":"DORMANT","reason":"first assessment: DORMANT because dormant:no hot or warm rule passed"}
{"ts":"2026-09-26T02:49:18.621Z","operation":"track.transition","repository":"in28minutes/spring-microservices-v3","trackingVersion":"phase3-v1","from":"UNASSESSED","to":"DORMANT","reason":"first assessment: DORMANT because dormant:no hot or warm rule passed"}
{"ts":"2026-09-26T02:49:18.621Z","operation":"track.transition","repository":"o-inha/MusicWithChatGPT","trackingVersion":"phase3-v1","from":"UNASSESSED","to":"DORMANT","reason":"first assessment: DORMANT because dormant:no hot or warm rule passed"}
{"ts":"2026-09-26T02:49:18.621Z","operation":"track.transition","repository":"ax-llm/ax","trackingVersion":"phase3-v1","from":"UNASSESSED","to":"WARM","reason":"first assessment: WARM because warm:pushedWithin30d&stars>=1000"}
{"ts":"2026-09-26T02:49:18.621Z","operation":"track.transition","repository":"JDRaftKeeper/RaftKeeper","trackingVersion":"phase3-v1","from":"UNASSESSED","to":"DORMANT","reason":"first assessment: DORMANT because dormant:no hot or warm rule passed"}
{"ts":"2026-09-26T02:49:18.621Z","operation":"track.transition","repository":"diggerhq/digger","trackingVersion":"phase3-v1","from":"UNASSESSED","to":"WARM","reason":"first assessment: WARM because warm:pushedWithin30d&stars>=1000"}
{"ts":"2026-09-26T02:49:18.621Z","operation":"track.transition","repository":"rockbenben/ChatGPT-Shortcut","trackingVersion":"phase3-v1","from":"UNASSESSED","to":"WARM","reason":"first assessment: WARM because warm:pushedWithin30d&stars>=1000"}
{"ts":"2026-09-26T02:49:18.621Z","operation":"track.transition","repository":"freelabz/secator","trackingVersion":"phase3-v1","from":"UNASSESSED","to":"WARM","reason":"first assessment: WARM because warm:pushedWithin30d&stars>=1000"}
{"ts":"2026-09-26T02:49:18.621Z","operation":"track.transition","repository":"AI-Hypercomputer/maxtext","trackingVersion":"phase3-v1","from":"UNASSESSED","to":"WARM","reason":"first assessment: WARM because warm:pushedWithin30d&stars>=1000"}
{"ts":"2026-09-26T02:49:18.621Z","operation":"track.transition","repository":"mikemajesty/nestjs-microservice-boilerplate-api","trackingVersion":"phase3-v1","from":"UNASSESSED","to":"DORMANT","reason":"first assessment: DORMANT because dormant:no hot or warm rule passed"}
{"ts":"2026-09-26T02:49:18.621Z","operation":"track.transition","repository":"AllayMC/Allay","trackingVersion":"phase3-v1","from":"UNASSESSED","to":"DORMANT","reason":"first assessment: DORMANT because dormant:no hot or warm rule passed"}
{"ts":"2026-09-26T02:49:18.621Z","operation":"track.transition","repository":"denyspoltorak/metapatterns","trackingVersion":"phase3-v1","from":"UNASSESSED","to":"WARM","reason":"first assessment: WARM because warm:pushedWithin30d&stars>=1000"}
{"ts":"2026-09-26T02:49:18.621Z","operation":"track.transition","repository":"e2b-dev/E2B","trackingVersion":"phase3-v1","from":"UNASSESSED","to":"WARM","reason":"first assessment: WARM because warm:starsPerDay7d>=8, warm:starsPerDay30d>=8, warm:pushedWithin30d&stars>=1000"}
{"ts":"2026-09-26T02:49:18.621Z","operation":"track.transition","repository":"Taewan-P/gpt_mobile","trackingVersion":"phase3-v1","from":"UNASSESSED","to":"WARM","reason":"first assessment: WARM because warm:pushedWithin30d&stars>=1000"}
{"ts":"2026-09-26T02:49:18.621Z","operation":"track.transition","repository":"voicepaw/so-vits-svc-fork","trackingVersion":"phase3-v1","from":"UNASSESSED","to":"WARM","reason":"first assessment: WARM because warm:pushedWithin30d&stars>=1000"}
{"ts":"2026-09-26T02:49:18.621Z","operation":"track.transition","repository":"kr8s-org/kr8s","trackingVersion":"phase3-v1","from":"UNASSESSED","to":"DORMANT","reason":"first assessment: DORMANT because dormant:no hot or warm rule passed"}
{"ts":"2026-09-26T02:49:18.621Z","operation":"track.transition","repository":"camel-ai/camel","trackingVersion":"phase3-v1","from":"UNASSESSED","to":"WARM","reason":"first assessment: WARM because warm:pushedWithin30d&stars>=1000"}
{"ts":"2026-09-26T02:49:18.621Z","operation":"track.transition","repository":"stochasticai/xTuring","trackingVersion":"phase3-v1","from":"UNASSESSED","to":"WARM","reason":"first assessment: WARM because warm:pushedWithin30d&stars>=1000"}
{"ts":"2026-09-26T02:49:18.621Z","operation":"track.transition","repository":"crabnebula-dev/devtools","trackingVersion":"phase3-v1","from":"UNASSESSED","to":"DORMANT","reason":"first assessment: DORMANT because dormant:no hot or warm rule passed"}
{"ts":"2026-09-26T02:49:18.621Z","operation":"track.transition","repository":"diffplug/selfie","trackingVersion":"phase3-v1","from":"UNASSESSED","to":"DORMANT","reason":"first assessment: DORMANT because dormant:no hot or warm rule passed"}
{"ts":"2026-09-26T02:49:18.621Z","operation":"track.transition","repository":"EmbraceAGI/awesome-chatgpt-zh","trackingVersion":"phase3-v1","from":"UNASSESSED","to":"WARM","reason":"first assessment: WARM because warm:pushedWithin30d&stars>=1000"}
{"ts":"2026-09-26T02:49:18.621Z","operation":"track.transition","repository":"skills/secure-code-game","trackingVersion":"phase3-v1","from":"UNASSESSED","to":"WARM","reason":"first assessment: WARM because warm:pushedWithin30d&stars>=1000"}
{"ts":"2026-09-26T02:49:18.621Z","operation":"track.transition","repository":"Capsize-Games/airunner","trackingVersion":"phase3-v1","from":"UNASSESSED","to":"WARM","reason":"first assessment: WARM because warm:pushedWithin30d&stars>=1000"}
{"ts":"2026-09-26T02:49:18.621Z","operation":"track.transition","repository":"k8sgpt-ai/k8sgpt","trackingVersion":"phase3-v1","from":"UNASSESSED","to":"WARM","reason":"first assessment: WARM because warm:pushedWithin30d&stars>=1000"}
{"ts":"2026-09-26T02:49:18.621Z","operation":"track.transition","repository":"zilliztech/GPTCache","trackingVersion":"phase3-v1","from":"UNASSESSED","to":"WARM","reason":"first assessment: WARM because warm:pushedWithin30d&stars>=1000"}
{"ts":"2026-09-26T02:49:18.621Z","operation":"track.transition","repository":"gptme/gptme","trackingVersion":"phase3-v1","from":"UNASSESSED","to":"WARM","reason":"first assessment: WARM because warm:pushedWithin30d&stars>=1000"}
{"ts":"2026-09-26T02:49:18.621Z","operation":"track.transition","repository":"Blarc/ai-commits-intellij-plugin","trackingVersion":"phase3-v1","from":"UNASSESSED","to":"DORMANT","reason":"first assessment: DORMANT because dormant:no hot or warm rule passed"}
{"ts":"2026-09-26T02:49:18.621Z","operation":"track.transition","repository":"vladopajic/go-test-coverage","trackingVersion":"phase3-v1","from":"UNASSESSED","to":"DORMANT","reason":"first assessment: DORMANT because dormant:no hot or warm rule passed"}
{"ts":"2026-09-26T02:49:18.621Z","operation":"track.transition","repository":"ianarawjo/ChainForge","trackingVersion":"phase3-v1","from":"UNASSESSED","to":"WARM","reason":"first assessment: WARM because warm:pushedWithin30d&stars>=1000"}
{"ts":"2026-09-26T02:49:18.621Z","operation":"track.transition","repository":"jianzhnie/awesome-text-to-video","trackingVersion":"phase3-v1","from":"UNASSESSED","to":"DORMANT","reason":"first assessment: DORMANT because dormant:no hot or warm rule passed"}
{"ts":"2026-09-26T02:49:18.621Z","operation":"track.transition","repository":"jingyi0000/VLM_survey","trackingVersion":"phase3-v1","from":"UNASSESSED","to":"WARM","reason":"first assessment: WARM because warm:pushedWithin30d&stars>=1000"}
{"ts":"2026-09-26T02:49:18.621Z","operation":"track.transition","repository":"uhub/awesome-llm","trackingVersion":"phase3-v1","from":"UNASSESSED","to":"DORMANT","reason":"first assessment: DORMANT because dormant:no hot or warm rule passed"}
{"ts":"2026-09-26T02:49:18.621Z","operation":"track.transition","repository":"mgonzs13/llama_ros","trackingVersion":"phase3-v1","from":"UNASSESSED","to":"DORMANT","reason":"first assessment: DORMANT because dormant:no hot or warm rule passed"}
{"ts":"2026-09-26T02:49:18.621Z","operation":"track.transition","repository":"szczyglis-dev/py-gpt","trackingVersion":"phase3-v1","from":"UNASSESSED","to":"WARM","reason":"first assessment: WARM because warm:pushedWithin30d&stars>=1000"}
{"ts":"2026-09-26T02:49:18.621Z","operation":"track.transition","repository":"HuolalaTech/page-spy-web","trackingVersion":"phase3-v1","from":"UNASSESSED","to":"WARM","reason":"first assessment: WARM because warm:pushedWithin30d&stars>=1000"}
{"ts":"2026-09-26T02:49:18.621Z","operation":"track.transition","repository":"eosphoros-ai/DB-GPT","trackingVersion":"phase3-v1","from":"UNASSESSED","to":"WARM","reason":"first assessment: WARM because warm:starsPerDay30d>=8, warm:pushedWithin30d&stars>=1000"}
{"ts":"2026-09-26T02:49:18.621Z","operation":"track.transition","repository":"mlc-ai/web-llm","trackingVersion":"phase3-v1","from":"UNASSESSED","to":"WARM","reason":"first assessment: WARM because warm:starsPerDay30d>=8, warm:pushedWithin30d&stars>=1000"}
{"ts":"2026-09-26T02:49:18.621Z","operation":"track.transition","repository":"Ahoo-Wang/Wow","trackingVersion":"phase3-v1","from":"UNASSESSED","to":"DORMANT","reason":"first assessment: DORMANT because dormant:no hot or warm rule passed"}
{"ts":"2026-09-26T02:49:18.621Z","operation":"track.transition","repository":"OpenMOSS/MOSS","trackingVersion":"phase3-v1","from":"UNASSESSED","to":"WARM","reason":"first assessment: WARM because warm:pushedWithin30d&stars>=1000"}
{"ts":"2026-09-26T02:49:18.621Z","operation":"track.transition","repository":"PeerDB-io/peerdb","trackingVersion":"phase3-v1","from":"UNASSESSED","to":"WARM","reason":"first assessment: WARM because warm:pushedWithin30d&stars>=1000"}
{"ts":"2026-09-26T02:49:18.621Z","operation":"track.transition","repository":"langroid/langroid","trackingVersion":"phase3-v1","from":"UNASSESSED","to":"WARM","reason":"first assessment: WARM because warm:pushedWithin30d&stars>=1000"}
{"ts":"2026-09-26T02:49:18.621Z","operation":"track.transition","repository":"intelligentnode/IntelliNode","trackingVersion":"phase3-v1","from":"UNASSESSED","to":"DORMANT","reason":"first assessment: DORMANT because dormant:no hot or warm rule passed"}
{"ts":"2026-09-26T02:49:18.621Z","operation":"track.transition","repository":"rockbenben/img-prompt","trackingVersion":"phase3-v1","from":"UNASSESSED","to":"DORMANT","reason":"first assessment: DORMANT because dormant:no hot or warm rule passed"}
{"ts":"2026-09-26T02:49:18.621Z","operation":"track.transition","repository":"showlab/Awesome-Video-Diffusion","trackingVersion":"phase3-v1","from":"UNASSESSED","to":"WARM","reason":"first assessment: WARM because warm:pushedWithin30d&stars>=1000"}
{"ts":"2026-09-26T02:49:18.621Z","operation":"track.transition","repository":"h2oai/h2o-llmstudio","trackingVersion":"phase3-v1","from":"UNASSESSED","to":"WARM","reason":"first assessment: WARM because warm:pushedWithin30d&stars>=1000"}
{"ts":"2026-09-26T02:49:18.621Z","operation":"track.transition","repository":"NVIDIA-NeMo/Guardrails","trackingVersion":"phase3-v1","from":"UNASSESSED","to":"WARM","reason":"first assessment: WARM because warm:pushedWithin30d&stars>=1000"}
{"ts":"2026-09-26T02:49:18.621Z","operation":"track.transition","repository":"bentoml/OpenLLM","trackingVersion":"phase3-v1","from":"UNASSESSED","to":"WARM","reason":"first assessment: WARM because warm:pushedWithin30d&stars>=1000"}
{"ts":"2026-09-26T02:49:18.621Z","operation":"track.transition","repository":"notclickable-jordan/starbase-80","trackingVersion":"phase3-v1","from":"UNASSESSED","to":"DORMANT","reason":"first assessment: DORMANT because dormant:no hot or warm rule passed"}
{"ts":"2026-09-26T02:49:18.621Z","operation":"track.transition","repository":"SamurAIGPT/llm-wiki-agent","trackingVersion":"phase3-v1","from":"UNASSESSED","to":"WARM","reason":"first assessment: WARM because warm:pushedWithin30d&stars>=1000"}
{"ts":"2026-09-26T02:49:18.621Z","operation":"track.transition","repository":"TimefoldAI/timefold-quickstarts","trackingVersion":"phase3-v1","from":"UNASSESSED","to":"DORMANT","reason":"first assessment: DORMANT because dormant:no hot or warm rule passed"}
{"ts":"2026-09-26T02:49:18.621Z","operation":"track.transition","repository":"superfly/corrosion","trackingVersion":"phase3-v1","from":"UNASSESSED","to":"WARM","reason":"first assessment: WARM because warm:pushedWithin30d&stars>=1000"}
{"ts":"2026-09-26T02:49:18.621Z","operation":"track.transition","repository":"e2e-test-quest/uuv","trackingVersion":"phase3-v1","from":"UNASSESSED","to":"DORMANT","reason":"first assessment: DORMANT because dormant:no hot or warm rule passed"}
{"ts":"2026-09-26T02:49:18.621Z","operation":"track.transition","repository":"wladradchenko/wunjo.wladradchenko.ru","trackingVersion":"phase3-v1","from":"UNASSESSED","to":"WARM","reason":"first assessment: WARM because warm:pushedWithin30d&stars>=1000"}
{"ts":"2026-09-26T02:49:18.621Z","operation":"track.transition","repository":"Agenta-AI/agenta","trackingVersion":"phase3-v1","from":"UNASSESSED","to":"WARM","reason":"first assessment: WARM because warm:pushedWithin30d&stars>=1000"}
{"ts":"2026-09-26T02:49:18.621Z","operation":"track.transition","repository":"rsxdalv/TTS-WebUI","trackingVersion":"phase3-v1","from":"UNASSESSED","to":"WARM","reason":"first assessment: WARM because warm:pushedWithin30d&stars>=1000"}
{"ts":"2026-09-26T02:49:18.621Z","operation":"track.transition","repository":"FurkanGozukara/Stable-Diffusion","trackingVersion":"phase3-v1","from":"UNASSESSED","to":"WARM","reason":"first assessment: WARM because warm:pushedWithin30d&stars>=1000"}
{"ts":"2026-09-26T02:49:18.621Z","operation":"track.transition","repository":"tconbeer/harlequin","trackingVersion":"phase3-v1","from":"UNASSESSED","to":"WARM","reason":"first assessment: WARM because warm:pushedWithin30d&stars>=1000"}
{"ts":"2026-09-26T02:49:18.621Z","operation":"track.transition","repository":"nacos-group/r-nacos","trackingVersion":"phase3-v1","from":"UNASSESSED","to":"WARM","reason":"first assessment: WARM because warm:pushedWithin30d&stars>=1000"}
{"ts":"2026-09-26T02:49:18.621Z","operation":"track.transition","repository":"Lightning-AI/litgpt","trackingVersion":"phase3-v1","from":"UNASSESSED","to":"WARM","reason":"first assessment: WARM because warm:pushedWithin30d&stars>=1000"}
{"ts":"2026-09-26T02:49:18.621Z","operation":"track.transition","repository":"GoogleCloudPlatform/generative-ai","trackingVersion":"phase3-v1","from":"UNASSESSED","to":"WARM","reason":"first assessment: WARM because warm:pushedWithin30d&stars>=1000"}
{"ts":"2026-09-26T02:49:18.621Z","operation":"track.transition","repository":"pgalko/BambooAI","trackingVersion":"phase3-v1","from":"UNASSESSED","to":"DORMANT","reason":"first assessment: DORMANT because dormant:no hot or warm rule passed"}
{"ts":"2026-09-26T02:49:18.621Z","operation":"track.transition","repository":"zjunlp/EasyEdit","trackingVersion":"phase3-v1","from":"UNASSESSED","to":"WARM","reason":"first assessment: WARM because warm:pushedWithin30d&stars>=1000"}
{"ts":"2026-09-26T02:49:18.621Z","operation":"track.transition","repository":"PetroIvaniuk/llms-tools","trackingVersion":"phase3-v1","from":"UNASSESSED","to":"DORMANT","reason":"first assessment: DORMANT because dormant:no hot or warm rule passed"}
{"ts":"2026-09-26T02:49:18.621Z","operation":"track.transition","repository":"pixeltable/pixeltable","trackingVersion":"phase3-v1","from":"UNASSESSED","to":"WARM","reason":"first assessment: WARM because warm:pushedWithin30d&stars>=1000"}
{"ts":"2026-09-26T02:49:18.621Z","operation":"track.transition","repository":"kyegomez/swarms","trackingVersion":"phase3-v1","from":"UNASSESSED","to":"WARM","reason":"first assessment: WARM because warm:pushedWithin30d&stars>=1000"}
{"ts":"2026-09-26T02:49:18.621Z","operation":"track.transition","repository":"weaviate/recipes","trackingVersion":"phase3-v1","from":"UNASSESSED","to":"DORMANT","reason":"first assessment: DORMANT because dormant:no hot or warm rule passed"}
{"ts":"2026-09-26T02:49:18.621Z","operation":"track.transition","repository":"supabase-community/postgres-language-server","trackingVersion":"phase3-v1","from":"UNASSESSED","to":"WARM","reason":"first assessment: WARM because warm:pushedWithin30d&stars>=1000"}
{"ts":"2026-09-26T02:49:18.621Z","operation":"track.transition","repository":"BradyFU/Awesome-Multimodal-Large-Language-Models","trackingVersion":"phase3-v1","from":"UNASSESSED","to":"WARM","reason":"first assessment: WARM because warm:pushedWithin30d&stars>=1000"}
{"ts":"2026-09-26T02:49:18.621Z","operation":"track.transition","repository":"zjunlp/LLMAgentPapers","trackingVersion":"phase3-v1","from":"UNASSESSED","to":"WARM","reason":"first assessment: WARM because warm:pushedWithin30d&stars>=1000"}
{"ts":"2026-09-26T02:49:18.621Z","operation":"track.transition","repository":"Anil-matcha/awesome-gpt-6-astra","trackingVersion":"phase3-v1","from":"UNASSESSED","to":"WARM","reason":"first assessment: WARM because warm:pushedWithin30d&stars>=1000"}
{"ts":"2026-09-26T02:49:18.621Z","operation":"track.transition","repository":"langfuse/langfuse-docs","trackingVersion":"phase3-v1","from":"UNASSESSED","to":"DORMANT","reason":"first assessment: DORMANT because dormant:no hot or warm rule passed"}
{"ts":"2026-09-26T02:49:18.621Z","operation":"track.transition","repository":"CVHub520/X-AnyLabeling","trackingVersion":"phase3-v1","from":"UNASSESSED","to":"WARM","reason":"first assessment: WARM because warm:starsPerDay30d>=8, warm:pushedWithin30d&stars>=1000"}
{"ts":"2026-09-26T02:49:18.621Z","operation":"track.transition","repository":"SamurAIGPT/Generative-Media-Skills","trackingVersion":"phase3-v1","from":"UNASSESSED","to":"WARM","reason":"first assessment: WARM because warm:pushedWithin30d&stars>=1000"}
{"ts":"2026-09-26T02:49:18.621Z","operation":"track.transition","repository":"WisdomSky/Cloudflared-web","trackingVersion":"phase3-v1","from":"UNASSESSED","to":"DORMANT","reason":"first assessment: DORMANT because dormant:no hot or warm rule passed"}
{"ts":"2026-09-26T02:49:18.621Z","operation":"track.transition","repository":"AkshitIreddy/AI-Powered-Video-Tutorial-Generator","trackingVersion":"phase3-v1","from":"UNASSESSED","to":"DORMANT","reason":"first assessment: DORMANT because dormant:no hot or warm rule passed"}
{"ts":"2026-09-26T02:49:18.621Z","operation":"track.transition","repository":"SamurAIGPT/Seedance-2.5-API","trackingVersion":"phase3-v1","from":"UNASSESSED","to":"DORMANT","reason":"first assessment: DORMANT because dormant:no hot or warm rule passed"}
{"ts":"2026-09-26T02:49:18.621Z","operation":"track.transition","repository":"elastic/elastic-labs","trackingVersion":"phase3-v1","from":"UNASSESSED","to":"WARM","reason":"first assessment: WARM because warm:pushedWithin30d&stars>=1000"}
{"ts":"2026-09-26T02:49:18.621Z","operation":"track.transition","repository":"InternLM/lmdeploy","trackingVersion":"phase3-v1","from":"UNASSESSED","to":"WARM","reason":"first assessment: WARM because warm:pushedWithin30d&stars>=1000"}
{"ts":"2026-09-26T02:49:18.621Z","operation":"track.transition","repository":"DefangLabs/defang","trackingVersion":"phase3-v1","from":"UNASSESSED","to":"DORMANT","reason":"first assessment: DORMANT because dormant:no hot or warm rule passed"}
{"ts":"2026-09-26T02:49:18.621Z","operation":"track.transition","repository":"openstatusHQ/openstatus","trackingVersion":"phase3-v1","from":"UNASSESSED","to":"WARM","reason":"first assessment: WARM because warm:pushedWithin30d&stars>=1000"}
{"ts":"2026-09-26T02:49:18.621Z","operation":"track.transition","repository":"langchain4j/langchain4j","trackingVersion":"phase3-v1","from":"UNASSESSED","to":"WARM","reason":"first assessment: WARM because warm:pushedWithin30d&stars>=1000"}
{"ts":"2026-09-26T02:49:18.621Z","operation":"track.transition","repository":"Anil-matcha/awesome-seedance-2.5-api-prompts","trackingVersion":"phase3-v1","from":"UNASSESSED","to":"DORMANT","reason":"first assessment: DORMANT because dormant:no hot or warm rule passed"}
{"ts":"2026-09-26T02:49:18.621Z","operation":"track.transition","repository":"xataio/pgroll","trackingVersion":"phase3-v1","from":"UNASSESSED","to":"WARM","reason":"first assessment: WARM because warm:pushedWithin30d&stars>=1000"}
{"ts":"2026-09-26T02:49:18.621Z","operation":"track.transition","repository":"django-commons/django-tasks-scheduler","trackingVersion":"phase3-v1","from":"UNASSESSED","to":"DORMANT","reason":"first assessment: DORMANT because dormant:no hot or warm rule passed"}
{"ts":"2026-09-26T02:49:18.621Z","operation":"track.transition","repository":"risesoft-y9/Digital-Infrastructure","trackingVersion":"phase3-v1","from":"UNASSESSED","to":"WARM","reason":"first assessment: WARM because warm:pushedWithin30d&stars>=1000"}
{"ts":"2026-09-26T02:49:18.621Z","operation":"track.transition","repository":"paradedb/paradedb","trackingVersion":"phase3-v1","from":"UNASSESSED","to":"WARM","reason":"first assessment: WARM because warm:pushedWithin30d&stars>=1000"}
{"ts":"2026-09-26T02:49:18.621Z","operation":"track.transition","repository":"MLGroupJLU/LLM-eval-survey","trackingVersion":"phase3-v1","from":"UNASSESSED","to":"WARM","reason":"first assessment: WARM because warm:pushedWithin30d&stars>=1000"}
{"ts":"2026-09-26T02:49:18.621Z","operation":"track.transition","repository":"Anil-matcha/awesome-ai-video-models","trackingVersion":"phase3-v1","from":"UNASSESSED","to":"DORMANT","reason":"first assessment: DORMANT because dormant:no hot or warm rule passed"}
{"ts":"2026-09-26T02:49:18.621Z","operation":"track.transition","repository":"winapps-org/winapps","trackingVersion":"phase3-v1","from":"UNASSESSED","to":"WARM","reason":"first assessment: WARM because warm:pushedWithin30d&stars>=1000"}
{"ts":"2026-09-26T02:49:18.621Z","operation":"track.transition","repository":"aws-samples/amazon-bedrock-samples","trackingVersion":"phase3-v1","from":"UNASSESSED","to":"WARM","reason":"first assessment: WARM because warm:pushedWithin30d&stars>=1000"}
{"ts":"2026-09-26T02:49:18.621Z","operation":"track.transition","repository":"yonahd/kor","trackingVersion":"phase3-v1","from":"UNASSESSED","to":"WARM","reason":"first assessment: WARM because warm:pushedWithin30d&stars>=1000"}
{"ts":"2026-09-26T02:49:18.621Z","operation":"track.transition","repository":"Karine-Huang/T2I-CompBench","trackingVersion":"phase3-v1","from":"UNASSESSED","to":"DORMANT","reason":"first assessment: DORMANT because dormant:no hot or warm rule passed"}
{"ts":"2026-09-26T02:49:18.621Z","operation":"track.transition","repository":"llm-jp/awesome-japanese-llm","trackingVersion":"phase3-v1","from":"UNASSESSED","to":"WARM","reason":"first assessment: WARM because warm:pushedWithin30d&stars>=1000"}
{"ts":"2026-09-26T02:49:18.621Z","operation":"track.transition","repository":"eazybytes/microservices","trackingVersion":"phase3-v1","from":"UNASSESSED","to":"WARM","reason":"first assessment: WARM because warm:pushedWithin30d&stars>=1000"}
{"ts":"2026-09-26T02:49:18.621Z","operation":"track.transition","repository":"dash0hq/otelbin","trackingVersion":"phase3-v1","from":"UNASSESSED","to":"DORMANT","reason":"first assessment: DORMANT because dormant:no hot or warm rule passed"}
{"ts":"2026-09-26T02:49:18.621Z","operation":"track.transition","repository":"InternLM/xtuner","trackingVersion":"phase3-v1","from":"UNASSESSED","to":"WARM","reason":"first assessment: WARM because warm:pushedWithin30d&stars>=1000"}
{"ts":"2026-09-26T02:49:18.621Z","operation":"track.transition","repository":"kmesh-net/kmesh","trackingVersion":"phase3-v1","from":"UNASSESSED","to":"DORMANT","reason":"first assessment: DORMANT because dormant:no hot or warm rule passed"}
{"ts":"2026-09-26T02:49:18.621Z","operation":"track.transition","repository":"qdrant/fastembed","trackingVersion":"phase3-v1","from":"UNASSESSED","to":"WARM","reason":"first assessment: WARM because warm:pushedWithin30d&stars>=1000"}
{"ts":"2026-09-26T02:49:18.621Z","operation":"track.transition","repository":"Ditectrev/AWS-Certified-Solutions-Architect-Associate-SAA-C03-Practice-Tests-Exams-Questions-Answers","trackingVersion":"phase3-v1","from":"UNASSESSED","to":"DORMANT","reason":"first assessment: DORMANT because dormant:no hot or warm rule passed"}
{"ts":"2026-09-26T02:49:18.621Z","operation":"track.transition","repository":"littlehorse-enterprises/littlehorse","trackingVersion":"phase3-v1","from":"UNASSESSED","to":"DORMANT","reason":"first assessment: DORMANT because dormant:no hot or warm rule passed"}
{"ts":"2026-09-26T02:49:18.621Z","operation":"track.transition","repository":"joelkanyi/kompose-country-code-picker","trackingVersion":"phase3-v1","from":"UNASSESSED","to":"DORMANT","reason":"first assessment: DORMANT because dormant:no hot or warm rule passed"}
{"ts":"2026-09-26T02:49:18.621Z","operation":"track.transition","repository":"idoavrah/terraform-tui","trackingVersion":"phase3-v1","from":"UNASSESSED","to":"WARM","reason":"first assessment: WARM because warm:pushedWithin30d&stars>=1000"}
{"ts":"2026-09-26T02:49:18.621Z","operation":"track.transition","repository":"FalkorDB/FalkorDB","trackingVersion":"phase3-v1","from":"UNASSESSED","to":"HOT","reason":"first assessment: HOT because hot:growthPercent7d>=1&growth7d>=100"}
{"ts":"2026-09-26T02:49:18.621Z","operation":"track.transition","repository":"flashinfer-ai/flashinfer","trackingVersion":"phase3-v1","from":"UNASSESSED","to":"WARM","reason":"first assessment: WARM because warm:starsPerDay30d>=8, warm:pushedWithin30d&stars>=1000"}
{"ts":"2026-09-26T02:49:18.621Z","operation":"track.transition","repository":"ModelTC/LightLLM","trackingVersion":"phase3-v1","from":"UNASSESSED","to":"WARM","reason":"first assessment: WARM because warm:pushedWithin30d&stars>=1000"}
{"ts":"2026-09-26T02:49:18.621Z","operation":"track.transition","repository":"AChep/keyguard-app","trackingVersion":"phase3-v1","from":"UNASSESSED","to":"WARM","reason":"first assessment: WARM because warm:pushedWithin30d&stars>=1000"}
{"ts":"2026-09-26T02:49:18.621Z","operation":"track.transition","repository":"GaryYufei/AlignLLMHumanSurvey","trackingVersion":"phase3-v1","from":"UNASSESSED","to":"DORMANT","reason":"first assessment: DORMANT because dormant:no hot or warm rule passed"}
{"ts":"2026-09-26T02:49:18.621Z","operation":"track.transition","repository":"RCGAI/SimplyRetrieve","trackingVersion":"phase3-v1","from":"UNASSESSED","to":"DORMANT","reason":"first assessment: DORMANT because dormant:no hot or warm rule passed"}
{"ts":"2026-09-26T02:49:18.621Z","operation":"track.transition","repository":"morpheuslord/HackBot","trackingVersion":"phase3-v1","from":"UNASSESSED","to":"DORMANT","reason":"first assessment: DORMANT because dormant:no hot or warm rule passed"}
{"ts":"2026-09-26T02:49:18.621Z","operation":"track.transition","repository":"LLPhant/LLPhant","trackingVersion":"phase3-v1","from":"UNASSESSED","to":"WARM","reason":"first assessment: WARM because warm:pushedWithin30d&stars>=1000"}
{"ts":"2026-09-26T02:49:18.621Z","operation":"track.transition","repository":"ChenHsing/Awesome-Video-Diffusion-Models","trackingVersion":"phase3-v1","from":"UNASSESSED","to":"WARM","reason":"first assessment: WARM because warm:pushedWithin30d&stars>=1000"}
{"ts":"2026-09-26T02:49:18.621Z","operation":"track.transition","repository":"datajuicer/data-juicer","trackingVersion":"phase3-v1","from":"UNASSESSED","to":"WARM","reason":"first assessment: WARM because warm:pushedWithin30d&stars>=1000"}
{"ts":"2026-09-26T02:49:18.621Z","operation":"track.transition","repository":"modelscope/ms-swift","trackingVersion":"phase3-v1","from":"UNASSESSED","to":"WARM","reason":"first assessment: WARM because warm:starsPerDay30d>=8, warm:pushedWithin30d&stars>=1000"}
{"ts":"2026-09-26T02:49:18.621Z","operation":"track.transition","repository":"ipa-lab/hackingBuddyGPT","trackingVersion":"phase3-v1","from":"UNASSESSED","to":"WARM","reason":"first assessment: WARM because warm:pushedWithin30d&stars>=1000"}
{"ts":"2026-09-26T02:49:18.621Z","operation":"track.transition","repository":"robustmq/robustmq","trackingVersion":"phase3-v1","from":"UNASSESSED","to":"WARM","reason":"first assessment: WARM because warm:pushedWithin30d&stars>=1000"}
{"ts":"2026-09-26T02:49:18.621Z","operation":"track.transition","repository":"mrwadams/attackgen","trackingVersion":"phase3-v1","from":"UNASSESSED","to":"WARM","reason":"first assessment: WARM because warm:pushedWithin30d&stars>=1000"}
{"ts":"2026-09-26T02:49:18.621Z","operation":"track.transition","repository":"NotHarshhaa/DevOps-Projects","trackingVersion":"phase3-v1","from":"UNASSESSED","to":"WARM","reason":"first assessment: WARM because warm:starsPerDay30d>=8, warm:pushedWithin30d&stars>=1000"}
{"ts":"2026-09-26T02:49:18.621Z","operation":"track.transition","repository":"hitsz-ids/synthetic-data-generator","trackingVersion":"phase3-v1","from":"UNASSESSED","to":"WARM","reason":"first assessment: WARM because warm:pushedWithin30d&stars>=1000"}
{"ts":"2026-09-26T02:49:18.621Z","operation":"track.transition","repository":"confident-ai/deepeval","trackingVersion":"phase3-v1","from":"UNASSESSED","to":"WARM","reason":"first assessment: WARM because warm:starsPerDay7d>=8, warm:starsPerDay30d>=8, warm:pushedWithin30d&stars>=1000"}
{"ts":"2026-09-26T02:49:18.621Z","operation":"track.transition","repository":"huggingface/llm-ls","trackingVersion":"phase3-v1","from":"UNASSESSED","to":"DORMANT","reason":"first assessment: DORMANT because dormant:no hot or warm rule passed"}
{"ts":"2026-09-26T02:49:18.621Z","operation":"track.transition","repository":"leejet/stable-diffusion.cpp","trackingVersion":"phase3-v1","from":"UNASSESSED","to":"HOT","reason":"first assessment: HOT because hot:growthPercent7d>=1&growth7d>=100"}
{"ts":"2026-09-26T02:49:18.621Z","operation":"track.transition","repository":"timeplus-io/proton","trackingVersion":"phase3-v1","from":"UNASSESSED","to":"WARM","reason":"first assessment: WARM because warm:pushedWithin30d&stars>=1000"}
{"ts":"2026-09-26T02:49:18.621Z","operation":"track.transition","repository":"s0rg/decompose","trackingVersion":"phase3-v1","from":"UNASSESSED","to":"DORMANT","reason":"first assessment: DORMANT because dormant:no hot or warm rule passed"}
{"ts":"2026-09-26T02:49:18.621Z","operation":"track.transition","repository":"aws-samples/generative-ai-use-cases","trackingVersion":"phase3-v1","from":"UNASSESSED","to":"WARM","reason":"first assessment: WARM because warm:pushedWithin30d&stars>=1000"}
{"ts":"2026-09-26T02:49:18.621Z","operation":"track.transition","repository":"AutoMQ/automq","trackingVersion":"phase3-v1","from":"UNASSESSED","to":"WARM","reason":"first assessment: WARM because warm:starsPerDay7d>=8, warm:starsPerDay30d>=8, warm:pushedWithin30d&stars>=1000"}
{"ts":"2026-09-26T02:49:18.621Z","operation":"track.transition","repository":"twinnydotdev/twinny","trackingVersion":"phase3-v1","from":"UNASSESSED","to":"WARM","reason":"first assessment: WARM because warm:pushedWithin30d&stars>=1000"}
{"ts":"2026-09-26T02:49:18.621Z","operation":"track.transition","repository":"dataelement/bisheng","trackingVersion":"phase3-v1","from":"UNASSESSED","to":"WARM","reason":"first assessment: WARM because warm:pushedWithin30d&stars>=1000"}
{"ts":"2026-09-26T02:49:18.621Z","operation":"track.transition","repository":"taoensso/telemere","trackingVersion":"phase3-v1","from":"UNASSESSED","to":"DORMANT","reason":"first assessment: DORMANT because dormant:no hot or warm rule passed"}
{"ts":"2026-09-26T02:49:18.621Z","operation":"track.transition","repository":"virtualroot/awesome-opentofu","trackingVersion":"phase3-v1","from":"UNASSESSED","to":"DORMANT","reason":"first assessment: DORMANT because dormant:no hot or warm rule passed"}
{"ts":"2026-09-26T02:49:18.621Z","operation":"track.transition","repository":"evolutionary-architecture/evolutionary-architecture-by-example","trackingVersion":"phase3-v1","from":"UNASSESSED","to":"WARM","reason":"first assessment: WARM because warm:pushedWithin30d&stars>=1000"}
{"ts":"2026-09-26T02:49:18.621Z","operation":"track.transition","repository":"UbiquitousLearning/mllm","trackingVersion":"phase3-v1","from":"UNASSESSED","to":"WARM","reason":"first assessment: WARM because warm:pushedWithin30d&stars>=1000"}
{"ts":"2026-09-26T02:49:18.621Z","operation":"track.transition","repository":"Shannon-Data/ShannonBase","trackingVersion":"phase3-v1","from":"UNASSESSED","to":"DORMANT","reason":"first assessment: DORMANT because dormant:no hot or warm rule passed"}
{"ts":"2026-09-26T02:49:18.621Z","operation":"track.transition","repository":"Acly/krita-ai-diffusion","trackingVersion":"phase3-v1","from":"UNASSESSED","to":"WARM","reason":"first assessment: WARM because warm:pushedWithin30d&stars>=1000"}
{"ts":"2026-09-26T02:49:18.621Z","operation":"track.transition","repository":"traceloop/openllmetry","trackingVersion":"phase3-v1","from":"UNASSESSED","to":"WARM","reason":"first assessment: WARM because warm:pushedWithin30d&stars>=1000"}
{"ts":"2026-09-26T02:49:18.621Z","operation":"track.transition","repository":"jofizcd/Soul-of-Waifu","trackingVersion":"phase3-v1","from":"UNASSESSED","to":"WARM","reason":"first assessment: WARM because warm:pushedWithin30d&stars>=1000"}
{"ts":"2026-09-26T02:49:18.621Z","operation":"track.transition","repository":"leptonai/leptonai","trackingVersion":"phase3-v1","from":"UNASSESSED","to":"WARM","reason":"first assessment: WARM because warm:pushedWithin30d&stars>=1000"}
{"ts":"2026-09-26T02:49:18.621Z","operation":"track.transition","repository":"dolthub/doltgresql","trackingVersion":"phase3-v1","from":"UNASSESSED","to":"WARM","reason":"first assessment: WARM because warm:pushedWithin30d&stars>=1000"}
{"ts":"2026-09-26T02:49:18.621Z","operation":"track.transition","repository":"lean-dojo/LeanCopilot","trackingVersion":"phase3-v1","from":"UNASSESSED","to":"WARM","reason":"first assessment: WARM because warm:pushedWithin30d&stars>=1000"}
{"ts":"2026-09-26T02:49:18.621Z","operation":"track.transition","repository":"langwatch/langwatch","trackingVersion":"phase3-v1","from":"UNASSESSED","to":"WARM","reason":"first assessment: WARM because warm:starsPerDay30d>=8, warm:pushedWithin30d&stars>=1000"}
{"ts":"2026-09-26T02:49:18.621Z","operation":"track.transition","repository":"hyperdxio/hyperdx","trackingVersion":"phase3-v1","from":"UNASSESSED","to":"WARM","reason":"first assessment: WARM because warm:pushedWithin30d&stars>=1000"}
{"ts":"2026-09-26T02:49:18.621Z","operation":"track.transition","repository":"awslabs/generative-ai-cdk-constructs","trackingVersion":"phase3-v1","from":"UNASSESSED","to":"DORMANT","reason":"first assessment: DORMANT because dormant:no hot or warm rule passed"}
{"ts":"2026-09-26T02:49:18.621Z","operation":"track.transition","repository":"SSWConsulting/SSW.VerticalSliceArchitecture","trackingVersion":"phase3-v1","from":"UNASSESSED","to":"DORMANT","reason":"first assessment: DORMANT because dormant:no hot or warm rule passed"}
{"ts":"2026-09-26T02:49:18.621Z","operation":"track.transition","repository":"intuitem/ciso-assistant-community","trackingVersion":"phase3-v1","from":"UNASSESSED","to":"WARM","reason":"first assessment: WARM because warm:pushedWithin30d&stars>=1000"}
{"ts":"2026-09-26T02:49:18.621Z","operation":"track.transition","repository":"benavlabs/FastAPI-boilerplate","trackingVersion":"phase3-v1","from":"UNASSESSED","to":"WARM","reason":"first assessment: WARM because warm:pushedWithin30d&stars>=1000"}
{"ts":"2026-09-26T02:49:18.621Z","operation":"track.transition","repository":"grafana/docker-otel-lgtm","trackingVersion":"phase3-v1","from":"UNASSESSED","to":"WARM","reason":"first assessment: WARM because warm:pushedWithin30d&stars>=1000"}
{"ts":"2026-09-26T02:49:18.621Z","operation":"track.transition","repository":"aws-solutions/generative-ai-application-builder-on-aws","trackingVersion":"phase3-v1","from":"UNASSESSED","to":"DORMANT","reason":"first assessment: DORMANT because dormant:no hot or warm rule passed"}
{"ts":"2026-09-26T02:49:18.621Z","operation":"track.transition","repository":"anush008/fastembed-rs","trackingVersion":"phase3-v1","from":"UNASSESSED","to":"WARM","reason":"first assessment: WARM because warm:pushedWithin30d&stars>=1000"}
{"ts":"2026-09-26T02:49:18.621Z","operation":"track.transition","repository":"Thinklab-SJTU/Awesome-LLM4AD","trackingVersion":"phase3-v1","from":"UNASSESSED","to":"WARM","reason":"first assessment: WARM because warm:pushedWithin30d&stars>=1000"}
{"ts":"2026-09-26T02:49:18.621Z","operation":"track.transition","repository":"ascopes/protobuf-maven-plugin","trackingVersion":"phase3-v1","from":"UNASSESSED","to":"DORMANT","reason":"first assessment: DORMANT because dormant:no hot or warm rule passed"}
{"ts":"2026-09-26T02:49:18.621Z","operation":"track.transition","repository":"ggozad/oterm","trackingVersion":"phase3-v1","from":"UNASSESSED","to":"WARM","reason":"first assessment: WARM because warm:pushedWithin30d&stars>=1000"}
{"ts":"2026-09-26T02:49:18.621Z","operation":"track.transition","repository":"inboxpraveen/LLM-Minutes-of-Meeting","trackingVersion":"phase3-v1","from":"UNASSESSED","to":"DORMANT","reason":"first assessment: DORMANT because dormant:no hot or warm rule passed"}
{"ts":"2026-09-26T02:49:18.621Z","operation":"track.transition","repository":"microsoft/genaiops-promptflow-template","trackingVersion":"phase3-v1","from":"UNASSESSED","to":"DORMANT","reason":"first assessment: DORMANT because dormant:no hot or warm rule passed"}
{"ts":"2026-09-26T02:49:18.621Z","operation":"track.transition","repository":"felladrin/MiniSearch","trackingVersion":"phase3-v1","from":"UNASSESSED","to":"DORMANT","reason":"first assessment: DORMANT because dormant:no hot or warm rule passed"}
{"ts":"2026-09-26T02:49:18.621Z","operation":"track.transition","repository":"WeThinkIn/AIGC-Interview-Book","trackingVersion":"phase3-v1","from":"UNASSESSED","to":"WARM","reason":"first assessment: WARM because warm:starsPerDay7d>=8, warm:starsPerDay30d>=8, warm:pushedWithin30d&stars>=1000"}
{"ts":"2026-09-26T02:49:18.621Z","operation":"track.transition","repository":"ValueByte-AI/Awesome-LLM-in-Social-Science","trackingVersion":"phase3-v1","from":"UNASSESSED","to":"DORMANT","reason":"first assessment: DORMANT because dormant:no hot or warm rule passed"}
{"ts":"2026-09-26T02:49:18.621Z","operation":"track.transition","repository":"xlang-ai/OSWorld","trackingVersion":"phase3-v1","from":"UNASSESSED","to":"WARM","reason":"first assessment: WARM because warm:pushedWithin30d&stars>=1000"}
{"ts":"2026-09-26T02:49:18.621Z","operation":"track.transition","repository":"Mobile-Artificial-Intelligence/maid","trackingVersion":"phase3-v1","from":"UNASSESSED","to":"WARM","reason":"first assessment: WARM because warm:pushedWithin30d&stars>=1000"}
{"ts":"2026-09-26T02:49:18.621Z","operation":"track.transition","repository":"helixml/helix","trackingVersion":"phase3-v1","from":"UNASSESSED","to":"DORMANT","reason":"first assessment: DORMANT because dormant:no hot or warm rule passed"}
{"ts":"2026-09-26T02:49:18.621Z","operation":"track.transition","repository":"kyegomez/BitNet","trackingVersion":"phase3-v1","from":"UNASSESSED","to":"WARM","reason":"first assessment: WARM because warm:pushedWithin30d&stars>=1000"}
{"ts":"2026-09-26T02:49:18.621Z","operation":"track.transition","repository":"NVIDIA/GenerativeAIExamples","trackingVersion":"phase3-v1","from":"UNASSESSED","to":"WARM","reason":"first assessment: WARM because warm:pushedWithin30d&stars>=1000"}
{"ts":"2026-09-26T02:49:18.621Z","operation":"track.transition","repository":"kubeai-project/kubeai","trackingVersion":"phase3-v1","from":"UNASSESSED","to":"WARM","reason":"first assessment: WARM because warm:pushedWithin30d&stars>=1000"}
{"ts":"2026-09-26T02:49:18.621Z","operation":"track.transition","repository":"gofr-dev/gofr","trackingVersion":"phase3-v1","from":"UNASSESSED","to":"WARM","reason":"first assessment: WARM because warm:pushedWithin30d&stars>=1000"}
{"ts":"2026-09-26T02:49:18.621Z","operation":"track.transition","repository":"microsoft/aspire-samples","trackingVersion":"phase3-v1","from":"UNASSESSED","to":"WARM","reason":"first assessment: WARM because warm:pushedWithin30d&stars>=1000"}
{"ts":"2026-09-26T02:49:18.621Z","operation":"track.transition","repository":"ollama4j/ollama4j","trackingVersion":"phase3-v1","from":"UNASSESSED","to":"DORMANT","reason":"first assessment: DORMANT because dormant:no hot or warm rule passed"}
{"ts":"2026-09-26T02:49:18.621Z","operation":"track.transition","repository":"codifycli/codify","trackingVersion":"phase3-v1","from":"UNASSESSED","to":"DORMANT","reason":"first assessment: DORMANT because dormant:no hot or warm rule passed"}
{"ts":"2026-09-26T02:49:18.621Z","operation":"track.transition","repository":"datawhalechina/llm-universe","trackingVersion":"phase3-v1","from":"UNASSESSED","to":"WARM","reason":"first assessment: WARM because warm:pushedWithin30d&stars>=1000"}
{"ts":"2026-09-26T02:49:18.621Z","operation":"track.transition","repository":"aurelio-labs/semantic-router","trackingVersion":"phase3-v1","from":"UNASSESSED","to":"WARM","reason":"first assessment: WARM because warm:pushedWithin30d&stars>=1000"}
{"ts":"2026-09-26T02:49:18.621Z","operation":"track.transition","repository":"vectara/hallucination-leaderboard","trackingVersion":"phase3-v1","from":"UNASSESSED","to":"WARM","reason":"first assessment: WARM because warm:pushedWithin30d&stars>=1000"}
{"ts":"2026-09-26T02:49:18.621Z","operation":"track.transition","repository":"mbzuai-oryx/groundingLMM","trackingVersion":"phase3-v1","from":"UNASSESSED","to":"DORMANT","reason":"first assessment: DORMANT because dormant:no hot or warm rule passed"}
{"ts":"2026-09-26T02:49:18.621Z","operation":"track.transition","repository":"Curated-Awesome-Lists/awesome-ai-music-generation","trackingVersion":"phase3-v1","from":"UNASSESSED","to":"DORMANT","reason":"first assessment: DORMANT because dormant:no hot or warm rule passed"}
{"ts":"2026-09-26T02:49:18.621Z","operation":"track.transition","repository":"Anil-matcha/vox-ai-motion-graphics-generator","trackingVersion":"phase3-v1","from":"UNASSESSED","to":"DORMANT","reason":"first assessment: DORMANT because dormant:no hot or warm rule passed"}
{"ts":"2026-09-26T02:49:18.621Z","operation":"track.transition","repository":"superlinked/sie","trackingVersion":"phase3-v1","from":"UNASSESSED","to":"WARM","reason":"first assessment: WARM because warm:starsPerDay30d>=8, warm:pushedWithin30d&stars>=1000"}
{"ts":"2026-09-26T02:49:18.621Z","operation":"track.transition","repository":"netease-youdao/EmotiVoice","trackingVersion":"phase3-v1","from":"UNASSESSED","to":"WARM","reason":"first assessment: WARM because warm:pushedWithin30d&stars>=1000"}
{"ts":"2026-09-26T02:49:18.621Z","operation":"track.transition","repository":"riverqueue/river","trackingVersion":"phase3-v1","from":"UNASSESSED","to":"WARM","reason":"first assessment: WARM because warm:pushedWithin30d&stars>=1000"}
{"ts":"2026-09-26T02:49:18.621Z","operation":"track.transition","repository":"opsre/WatchAlert","trackingVersion":"phase3-v1","from":"UNASSESSED","to":"DORMANT","reason":"first assessment: DORMANT because dormant:no hot or warm rule passed"}
{"ts":"2026-09-26T02:49:18.621Z","operation":"track.transition","repository":"sfortis/openai_tts","trackingVersion":"phase3-v1","from":"UNASSESSED","to":"DORMANT","reason":"first assessment: DORMANT because dormant:no hot or warm rule passed"}
{"ts":"2026-09-26T02:49:18.621Z","operation":"track.transition","repository":"Anil-matcha/awesome-generative-ai-apps","trackingVersion":"phase3-v1","from":"UNASSESSED","to":"WARM","reason":"first assessment: WARM because warm:starsPerDay30d>=8, warm:pushedWithin30d&stars>=1000"}
{"ts":"2026-09-26T02:49:18.621Z","operation":"track.transition","repository":"nvim-java/nvim-java","trackingVersion":"phase3-v1","from":"UNASSESSED","to":"WARM","reason":"first assessment: WARM because warm:pushedWithin30d&stars>=1000"}
{"ts":"2026-09-26T02:49:18.621Z","operation":"track.transition","repository":"beam-cloud/beta9","trackingVersion":"phase3-v1","from":"UNASSESSED","to":"WARM","reason":"first assessment: WARM because warm:pushedWithin30d&stars>=1000"}
{"ts":"2026-09-26T02:49:18.621Z","operation":"track.transition","repository":"CrossPaste/crosspaste-desktop","trackingVersion":"phase3-v1","from":"UNASSESSED","to":"WARM","reason":"first assessment: WARM because warm:pushedWithin30d&stars>=1000"}
{"ts":"2026-09-26T02:49:18.621Z","operation":"track.transition","repository":"DeepInsight-AI/DeepBI","trackingVersion":"phase3-v1","from":"UNASSESSED","to":"WARM","reason":"first assessment: WARM because warm:pushedWithin30d&stars>=1000"}
{"ts":"2026-09-26T02:49:18.621Z","operation":"track.transition","repository":"wendashi/Cool-GenAI-Fashion-Papers","trackingVersion":"phase3-v1","from":"UNASSESSED","to":"DORMANT","reason":"first assessment: DORMANT because dormant:no hot or warm rule passed"}
{"ts":"2026-09-26T02:49:18.621Z","operation":"track.transition","repository":"cozystack/cozystack","trackingVersion":"phase3-v1","from":"UNASSESSED","to":"WARM","reason":"first assessment: WARM because warm:pushedWithin30d&stars>=1000"}
{"ts":"2026-09-26T02:49:18.621Z","operation":"track.transition","repository":"HariSekhon/Knowledge-Base","trackingVersion":"phase3-v1","from":"UNASSESSED","to":"DORMANT","reason":"first assessment: DORMANT because dormant:no hot or warm rule passed"}
{"ts":"2026-09-26T02:49:18.621Z","operation":"track.transition","repository":"awslabs/project-lakechain","trackingVersion":"phase3-v1","from":"UNASSESSED","to":"DORMANT","reason":"first assessment: DORMANT because dormant:no hot or warm rule passed"}
{"ts":"2026-09-26T02:49:18.621Z","operation":"track.transition","repository":"golemcloud/golem","trackingVersion":"phase3-v1","from":"UNASSESSED","to":"WARM","reason":"first assessment: WARM because warm:pushedWithin30d&stars>=1000"}
{"ts":"2026-09-26T02:49:18.621Z","operation":"track.transition","repository":"roboflow/maestro","trackingVersion":"phase3-v1","from":"UNASSESSED","to":"WARM","reason":"first assessment: WARM because warm:pushedWithin30d&stars>=1000"}
{"ts":"2026-09-26T02:49:18.621Z","operation":"track.transition","repository":"hcavarsan/kftray","trackingVersion":"phase3-v1","from":"UNASSESSED","to":"WARM","reason":"first assessment: WARM because warm:pushedWithin30d&stars>=1000"}
{"ts":"2026-09-26T02:49:18.621Z","operation":"track.transition","repository":"xianshang33/llm-paper-daily","trackingVersion":"phase3-v1","from":"UNASSESSED","to":"WARM","reason":"first assessment: WARM because warm:pushedWithin30d&stars>=1000"}
{"ts":"2026-09-26T02:49:18.621Z","operation":"track.transition","repository":"potamides/DeTikZify","trackingVersion":"phase3-v1","from":"UNASSESSED","to":"WARM","reason":"first assessment: WARM because warm:pushedWithin30d&stars>=1000"}
{"ts":"2026-09-26T02:49:18.621Z","operation":"track.transition","repository":"microsoft/Mastering-GitHub-Copilot-for-Paired-Programming","trackingVersion":"phase3-v1","from":"UNASSESSED","to":"WARM","reason":"first assessment: WARM because warm:pushedWithin30d&stars>=1000"}
{"ts":"2026-09-26T02:49:18.621Z","operation":"track.transition","repository":"open-compass/VLMEvalKit","trackingVersion":"phase3-v1","from":"UNASSESSED","to":"WARM","reason":"first assessment: WARM because warm:pushedWithin30d&stars>=1000"}
{"ts":"2026-09-26T02:49:18.621Z","operation":"track.transition","repository":"KunMoe/kun-galgame-forum","trackingVersion":"phase3-v1","from":"UNASSESSED","to":"WARM","reason":"first assessment: WARM because warm:pushedWithin30d&stars>=1000"}
{"ts":"2026-09-26T02:49:18.621Z","operation":"track.transition","repository":"DevOpsHiveHQ/dynamic-devops-roadmap","trackingVersion":"phase3-v1","from":"UNASSESSED","to":"WARM","reason":"first assessment: WARM because warm:pushedWithin30d&stars>=1000"}
{"ts":"2026-09-26T02:49:18.621Z","operation":"track.transition","repository":"ollama/ollama-python","trackingVersion":"phase3-v1","from":"UNASSESSED","to":"WARM","reason":"first assessment: WARM because warm:pushedWithin30d&stars>=1000"}
{"ts":"2026-09-26T02:49:18.621Z","operation":"track.transition","repository":"ctrf-io/playwright-ctrf-json-reporter","trackingVersion":"phase3-v1","from":"UNASSESSED","to":"DORMANT","reason":"first assessment: DORMANT because dormant:no hot or warm rule passed"}
{"ts":"2026-09-26T02:49:18.621Z","operation":"track.transition","repository":"microsoft/PyRIT","trackingVersion":"phase3-v1","from":"UNASSESSED","to":"WARM","reason":"first assessment: WARM because warm:pushedWithin30d&stars>=1000"}
{"ts":"2026-09-26T02:49:18.621Z","operation":"track.transition","repository":"tsaridas/stremio-docker","trackingVersion":"phase3-v1","from":"UNASSESSED","to":"DORMANT","reason":"first assessment: DORMANT because dormant:no hot or warm rule passed"}
{"ts":"2026-09-26T02:49:18.621Z","operation":"track.transition","repository":"bd4sur/Nano","trackingVersion":"phase3-v1","from":"UNASSESSED","to":"DORMANT","reason":"first assessment: DORMANT because dormant:no hot or warm rule passed"}
{"ts":"2026-09-26T02:49:18.621Z","operation":"track.transition","repository":"philippgille/chromem-go","trackingVersion":"phase3-v1","from":"UNASSESSED","to":"WARM","reason":"first assessment: WARM because warm:pushedWithin30d&stars>=1000"}
{"ts":"2026-09-26T02:49:18.621Z","operation":"track.transition","repository":"Event-AHU/Medical_Image_Analysis","trackingVersion":"phase3-v1","from":"UNASSESSED","to":"DORMANT","reason":"first assessment: DORMANT because dormant:no hot or warm rule passed"}
{"ts":"2026-09-26T02:49:18.621Z","operation":"track.transition","repository":"ccmjga/mjga-scaffold","trackingVersion":"phase3-v1","from":"UNASSESSED","to":"DORMANT","reason":"first assessment: DORMANT because dormant:no hot or warm rule passed"}
{"ts":"2026-09-26T02:49:18.621Z","operation":"track.transition","repository":"dezoito/ollama-grid-search","trackingVersion":"phase3-v1","from":"UNASSESSED","to":"DORMANT","reason":"first assessment: DORMANT because dormant:no hot or warm rule passed"}
{"ts":"2026-09-26T02:49:18.621Z","operation":"track.transition","repository":"Arize-ai/openinference","trackingVersion":"phase3-v1","from":"UNASSESSED","to":"WARM","reason":"first assessment: WARM because warm:pushedWithin30d&stars>=1000"}
{"ts":"2026-09-26T02:49:18.621Z","operation":"track.transition","repository":"alibaba/rtp-llm","trackingVersion":"phase3-v1","from":"UNASSESSED","to":"WARM","reason":"first assessment: WARM because warm:pushedWithin30d&stars>=1000"}
{"ts":"2026-09-26T02:49:18.621Z","operation":"track.transition","repository":"olimorris/codecompanion.nvim","trackingVersion":"phase3-v1","from":"UNASSESSED","to":"WARM","reason":"first assessment: WARM because warm:pushedWithin30d&stars>=1000"}
{"ts":"2026-09-26T02:49:18.621Z","operation":"track.transition","repository":"werf/nelm","trackingVersion":"phase3-v1","from":"UNASSESSED","to":"WARM","reason":"first assessment: WARM because warm:pushedWithin30d&stars>=1000"}
{"ts":"2026-09-26T02:49:18.621Z","operation":"track.transition","repository":"ultralytics/actions","trackingVersion":"phase3-v1","from":"UNASSESSED","to":"DORMANT","reason":"first assessment: DORMANT because dormant:no hot or warm rule passed"}
{"ts":"2026-09-26T02:49:18.621Z","operation":"track.transition","repository":"mvrahden/go-test","trackingVersion":"phase3-v1","from":"UNASSESSED","to":"DORMANT","reason":"first assessment: DORMANT because dormant:no hot or warm rule passed"}
{"ts":"2026-09-26T02:49:18.621Z","operation":"track.transition","repository":"deepset-ai/haystack-cookbook","trackingVersion":"phase3-v1","from":"UNASSESSED","to":"DORMANT","reason":"first assessment: DORMANT because dormant:no hot or warm rule passed"}
{"ts":"2026-09-26T02:49:18.621Z","operation":"track.transition","repository":"expectedparrot/edsl","trackingVersion":"phase3-v1","from":"UNASSESSED","to":"DORMANT","reason":"first assessment: DORMANT because dormant:no hot or warm rule passed"}
{"ts":"2026-09-26T02:49:18.621Z","operation":"track.transition","repository":"HDCharts/charts","trackingVersion":"phase3-v1","from":"UNASSESSED","to":"DORMANT","reason":"first assessment: DORMANT because dormant:no hot or warm rule passed"}
{"ts":"2026-09-26T02:49:18.621Z","operation":"track.transition","repository":"tofuutils/tenv","trackingVersion":"phase3-v1","from":"UNASSESSED","to":"WARM","reason":"first assessment: WARM because warm:pushedWithin30d&stars>=1000"}
{"ts":"2026-09-26T02:49:18.621Z","operation":"track.transition","repository":"nanbingxyz/5ire","trackingVersion":"phase3-v1","from":"UNASSESSED","to":"WARM","reason":"first assessment: WARM because warm:pushedWithin30d&stars>=1000"}
{"ts":"2026-09-26T02:49:18.621Z","operation":"track.transition","repository":"genieincodebottle/generative-ai","trackingVersion":"phase3-v1","from":"UNASSESSED","to":"WARM","reason":"first assessment: WARM because warm:pushedWithin30d&stars>=1000"}
{"ts":"2026-09-26T02:49:18.621Z","operation":"track.transition","repository":"langchain-ai/langgraphjs","trackingVersion":"phase3-v1","from":"UNASSESSED","to":"WARM","reason":"first assessment: WARM because warm:pushedWithin30d&stars>=1000"}
{"ts":"2026-09-26T02:49:18.621Z","operation":"track.transition","repository":"Marker-Inc-Korea/AutoRAG","trackingVersion":"phase3-v1","from":"UNASSESSED","to":"WARM","reason":"first assessment: WARM because warm:pushedWithin30d&stars>=1000"}
{"ts":"2026-09-26T02:49:18.621Z","operation":"track.transition","repository":"neo4j-labs/llm-graph-builder","trackingVersion":"phase3-v1","from":"UNASSESSED","to":"WARM","reason":"first assessment: WARM because warm:pushedWithin30d&stars>=1000"}
{"ts":"2026-09-26T02:49:18.621Z","operation":"track.transition","repository":"agents-flex/agents-flex","trackingVersion":"phase3-v1","from":"UNASSESSED","to":"WARM","reason":"first assessment: WARM because warm:pushedWithin30d&stars>=1000"}
{"ts":"2026-09-26T02:49:18.621Z","operation":"track.transition","repository":"kyegomez/MambaTransformer","trackingVersion":"phase3-v1","from":"UNASSESSED","to":"DORMANT","reason":"first assessment: DORMANT because dormant:no hot or warm rule passed"}
{"ts":"2026-09-26T02:49:18.621Z","operation":"track.transition","repository":"ThomasVitale/llm-apps-java-spring-ai","trackingVersion":"phase3-v1","from":"UNASSESSED","to":"DORMANT","reason":"first assessment: DORMANT because dormant:no hot or warm rule passed"}
{"ts":"2026-09-26T02:49:18.621Z","operation":"track.transition","repository":"kora-projects/kora","trackingVersion":"phase3-v1","from":"UNASSESSED","to":"DORMANT","reason":"first assessment: DORMANT because dormant:no hot or warm rule passed"}
{"ts":"2026-09-26T02:49:18.621Z","operation":"track.transition","repository":"ageerle/ruoyi-ai","trackingVersion":"phase3-v1","from":"UNASSESSED","to":"WARM","reason":"first assessment: WARM because warm:pushedWithin30d&stars>=1000"}
{"ts":"2026-09-26T02:49:18.621Z","operation":"track.transition","repository":"oracle-devrel/oracle-ai-developer-hub","trackingVersion":"phase3-v1","from":"UNASSESSED","to":"WARM","reason":"first assessment: WARM because warm:pushedWithin30d&stars>=1000"}
{"ts":"2026-09-26T02:49:18.621Z","operation":"track.transition","repository":"apple/pkl","trackingVersion":"phase3-v1","from":"UNASSESSED","to":"WARM","reason":"first assessment: WARM because warm:pushedWithin30d&stars>=1000"}
{"ts":"2026-09-26T02:49:18.621Z","operation":"track.transition","repository":"kafbat/kafka-ui","trackingVersion":"phase3-v1","from":"UNASSESSED","to":"WARM","reason":"first assessment: WARM because warm:pushedWithin30d&stars>=1000"}
{"ts":"2026-09-26T02:49:18.621Z","operation":"track.transition","repository":"EfficientMoE/MoE-Infinity","trackingVersion":"phase3-v1","from":"UNASSESSED","to":"DORMANT","reason":"first assessment: DORMANT because dormant:no hot or warm rule passed"}
{"ts":"2026-09-26T02:49:18.621Z","operation":"track.transition","repository":"DrewThomasson/ebook2audiobook","trackingVersion":"phase3-v1","from":"UNASSESSED","to":"WARM","reason":"first assessment: WARM because warm:pushedWithin30d&stars>=1000"}
{"ts":"2026-09-26T02:49:18.621Z","operation":"track.transition","repository":"microsoft/retina","trackingVersion":"phase3-v1","from":"UNASSESSED","to":"WARM","reason":"first assessment: WARM because warm:pushedWithin30d&stars>=1000"}
{"ts":"2026-09-26T02:49:18.621Z","operation":"track.transition","repository":"openlit/openlit","trackingVersion":"phase3-v1","from":"UNASSESSED","to":"WARM","reason":"first assessment: WARM because warm:pushedWithin30d&stars>=1000"}
{"ts":"2026-09-26T02:49:18.621Z","operation":"track.transition","repository":"ServerlessLLM/ServerlessLLM","trackingVersion":"phase3-v1","from":"UNASSESSED","to":"DORMANT","reason":"first assessment: DORMANT because dormant:no hot or warm rule passed"}
{"ts":"2026-09-26T02:49:18.621Z","operation":"track.transition","repository":"Renumics/renumics-rag","trackingVersion":"phase3-v1","from":"UNASSESSED","to":"DORMANT","reason":"first assessment: DORMANT because dormant:no hot or warm rule passed"}
{"ts":"2026-09-26T02:49:18.621Z","operation":"track.transition","repository":"thomhurst/TUnit","trackingVersion":"phase3-v1","from":"UNASSESSED","to":"WARM","reason":"first assessment: WARM because warm:pushedWithin30d&stars>=1000"}
{"ts":"2026-09-26T02:49:18.621Z","operation":"track.transition","repository":"FalkorDB/GraphRAG-SDK","trackingVersion":"phase3-v1","from":"UNASSESSED","to":"WARM","reason":"first assessment: WARM because warm:pushedWithin30d&stars>=1000"}
{"ts":"2026-09-26T02:49:18.621Z","operation":"track.transition","repository":"apache/burr","trackingVersion":"phase3-v1","from":"UNASSESSED","to":"WARM","reason":"first assessment: WARM because warm:pushedWithin30d&stars>=1000"}
{"ts":"2026-09-26T02:49:18.621Z","operation":"track.transition","repository":"AlonzoLeeeooo/awesome-video-generation","trackingVersion":"phase3-v1","from":"UNASSESSED","to":"DORMANT","reason":"first assessment: DORMANT because dormant:no hot or warm rule passed"}
{"ts":"2026-09-26T02:49:18.621Z","operation":"track.transition","repository":"mongodb-developer/GenAI-Showcase","trackingVersion":"phase3-v1","from":"UNASSESSED","to":"WARM","reason":"first assessment: WARM because warm:pushedWithin30d&stars>=1000"}
{"ts":"2026-09-26T02:49:18.621Z","operation":"track.transition","repository":"alibaba/loongsuite-go","trackingVersion":"phase3-v1","from":"UNASSESSED","to":"DORMANT","reason":"first assessment: DORMANT because dormant:no hot or warm rule passed"}
{"ts":"2026-09-26T02:49:18.621Z","operation":"track.transition","repository":"mlco2/ecologits","trackingVersion":"phase3-v1","from":"UNASSESSED","to":"DORMANT","reason":"first assessment: DORMANT because dormant:no hot or warm rule passed"}
{"ts":"2026-09-26T02:49:18.621Z","operation":"track.transition","repository":"kitops-ml/kitops","trackingVersion":"phase3-v1","from":"UNASSESSED","to":"WARM","reason":"first assessment: WARM because warm:pushedWithin30d&stars>=1000"}
{"ts":"2026-09-26T02:49:18.621Z","operation":"track.transition","repository":"supabase/etl","trackingVersion":"phase3-v1","from":"UNASSESSED","to":"WARM","reason":"first assessment: WARM because warm:pushedWithin30d&stars>=1000"}
{"ts":"2026-09-26T02:49:18.621Z","operation":"track.transition","repository":"sophgo/LLM-TPU","trackingVersion":"phase3-v1","from":"UNASSESSED","to":"DORMANT","reason":"first assessment: DORMANT because dormant:no hot or warm rule passed"}
{"ts":"2026-09-26T02:49:18.621Z","operation":"track.transition","repository":"open-telemetry/weaver","trackingVersion":"phase3-v1","from":"UNASSESSED","to":"DORMANT","reason":"first assessment: DORMANT because dormant:no hot or warm rule passed"}
{"ts":"2026-09-26T02:49:18.621Z","operation":"track.transition","repository":"HanaokaYuzu/Gemini-API","trackingVersion":"phase3-v1","from":"UNASSESSED","to":"WARM","reason":"first assessment: WARM because warm:pushedWithin30d&stars>=1000"}
{"ts":"2026-09-26T02:49:18.621Z","operation":"track.transition","repository":"AlonzoLeeeooo/awesome-text-to-image-studies","trackingVersion":"phase3-v1","from":"UNASSESSED","to":"DORMANT","reason":"first assessment: DORMANT because dormant:no hot or warm rule passed"}
{"ts":"2026-09-26T02:49:18.621Z","operation":"track.transition","repository":"kubetail-org/kubetail","trackingVersion":"phase3-v1","from":"UNASSESSED","to":"WARM","reason":"first assessment: WARM because warm:pushedWithin30d&stars>=1000"}
{"ts":"2026-09-26T02:49:18.621Z","operation":"track.transition","repository":"Bronya0/Kafka-King","trackingVersion":"phase3-v1","from":"UNASSESSED","to":"WARM","reason":"first assessment: WARM because warm:pushedWithin30d&stars>=1000"}
{"ts":"2026-09-26T02:49:18.621Z","operation":"track.transition","repository":"jonfairbanks/local-rag","trackingVersion":"phase3-v1","from":"UNASSESSED","to":"DORMANT","reason":"first assessment: DORMANT because dormant:no hot or warm rule passed"}
{"ts":"2026-09-26T02:49:18.621Z","operation":"track.transition","repository":"OpenMOSS/AnyGPT","trackingVersion":"phase3-v1","from":"UNASSESSED","to":"DORMANT","reason":"first assessment: DORMANT because dormant:no hot or warm rule passed"}
{"ts":"2026-09-26T02:49:18.621Z","operation":"track.transition","repository":"Buoy-gg/buoy","trackingVersion":"phase3-v1","from":"UNASSESSED","to":"DORMANT","reason":"first assessment: DORMANT because dormant:no hot or warm rule passed"}
{"ts":"2026-09-26T02:49:18.621Z","operation":"track.transition","repository":"Zipstack/unstract","trackingVersion":"phase3-v1","from":"UNASSESSED","to":"WARM","reason":"first assessment: WARM because warm:pushedWithin30d&stars>=1000"}
{"ts":"2026-09-26T02:49:18.621Z","operation":"track.transition","repository":"amazon-science/chronos-forecasting","trackingVersion":"phase3-v1","from":"UNASSESSED","to":"WARM","reason":"first assessment: WARM because warm:pushedWithin30d&stars>=1000"}
{"ts":"2026-09-26T02:49:18.621Z","operation":"track.transition","repository":"cognesy/instructor-php","trackingVersion":"phase3-v1","from":"UNASSESSED","to":"DORMANT","reason":"first assessment: DORMANT because dormant:no hot or warm rule passed"}
{"ts":"2026-09-26T02:49:18.621Z","operation":"track.transition","repository":"AceDataCloud/Nexior","trackingVersion":"phase3-v1","from":"UNASSESSED","to":"DORMANT","reason":"first assessment: DORMANT because dormant:no hot or warm rule passed"}
{"ts":"2026-09-26T02:49:18.621Z","operation":"track.transition","repository":"AI4Finance-Foundation/FinRobot","trackingVersion":"phase3-v1","from":"UNASSESSED","to":"WARM","reason":"first assessment: WARM because warm:pushedWithin30d&stars>=1000"}
{"ts":"2026-09-26T02:49:18.622Z","operation":"track.transition","repository":"OEvortex/llm4free","trackingVersion":"phase3-v1","from":"UNASSESSED","to":"DORMANT","reason":"first assessment: DORMANT because dormant:no hot or warm rule passed"}
{"ts":"2026-09-26T02:49:18.622Z","operation":"track.transition","repository":"Kobaayyy/Awesome-CVPR2026-CVPR2025-ICCV2025-CVPR2024-ECCV2026-ECCV2024-AIGC","trackingVersion":"phase3-v1","from":"UNASSESSED","to":"DORMANT","reason":"first assessment: DORMANT because dormant:no hot or warm rule passed"}
{"ts":"2026-09-26T02:49:18.622Z","operation":"track.transition","repository":"neo4j/neo4j-graphrag-python","trackingVersion":"phase3-v1","from":"UNASSESSED","to":"WARM","reason":"first assessment: WARM because warm:pushedWithin30d&stars>=1000"}
{"ts":"2026-09-26T02:49:18.622Z","operation":"track.transition","repository":"grafana/alloy","trackingVersion":"phase3-v1","from":"UNASSESSED","to":"WARM","reason":"first assessment: WARM because warm:pushedWithin30d&stars>=1000"}
{"ts":"2026-09-26T02:49:18.622Z","operation":"track.transition","repository":"Mobile-Artificial-Intelligence/llama_sdk","trackingVersion":"phase3-v1","from":"UNASSESSED","to":"DORMANT","reason":"first assessment: DORMANT because dormant:no hot or warm rule passed"}
{"ts":"2026-09-26T02:49:18.622Z","operation":"track.transition","repository":"BodhiSearch/BodhiApp","trackingVersion":"phase3-v1","from":"UNASSESSED","to":"DORMANT","reason":"first assessment: DORMANT because dormant:no hot or warm rule passed"}
{"ts":"2026-09-26T02:49:18.622Z","operation":"track.transition","repository":"awslabs/genai-bedrock-agent-chatbot","trackingVersion":"phase3-v1","from":"UNASSESSED","to":"DORMANT","reason":"first assessment: DORMANT because dormant:no hot or warm rule passed"}
{"ts":"2026-09-26T02:49:18.622Z","operation":"track.transition","repository":"EvolvingLMMs-Lab/lmms-eval","trackingVersion":"phase3-v1","from":"UNASSESSED","to":"WARM","reason":"first assessment: WARM because warm:pushedWithin30d&stars>=1000"}
{"ts":"2026-09-26T02:49:18.622Z","operation":"track.transition","repository":"sspsec/Scan-Spring-GO","trackingVersion":"phase3-v1","from":"UNASSESSED","to":"DORMANT","reason":"first assessment: DORMANT because dormant:no hot or warm rule passed"}
{"ts":"2026-09-26T02:49:18.622Z","operation":"track.transition","repository":"konflux-ci/konflux-ci","trackingVersion":"phase3-v1","from":"UNASSESSED","to":"DORMANT","reason":"first assessment: DORMANT because dormant:no hot or warm rule passed"}
{"ts":"2026-09-26T02:49:18.622Z","operation":"track.transition","repository":"mufeedvh/code2prompt","trackingVersion":"phase3-v1","from":"UNASSESSED","to":"WARM","reason":"first assessment: WARM because warm:pushedWithin30d&stars>=1000"}
{"ts":"2026-09-26T02:49:18.622Z","operation":"track.transition","repository":"OpenMachine-ai/transformer-tricks","trackingVersion":"phase3-v1","from":"UNASSESSED","to":"DORMANT","reason":"first assessment: DORMANT because dormant:no hot or warm rule passed"}
{"ts":"2026-09-26T02:49:18.622Z","operation":"track.transition","repository":"Canner/WrenAI","trackingVersion":"phase3-v1","from":"UNASSESSED","to":"WARM","reason":"first assessment: WARM because warm:starsPerDay7d>=8, warm:starsPerDay30d>=8, warm:pushedWithin30d&stars>=1000"}
{"ts":"2026-09-26T02:49:18.622Z","operation":"track.transition","repository":"RUC-NLPIR/FlashRAG","trackingVersion":"phase3-v1","from":"UNASSESSED","to":"WARM","reason":"first assessment: WARM because warm:pushedWithin30d&stars>=1000"}
{"ts":"2026-09-26T02:49:18.622Z","operation":"track.transition","repository":"NVIDIA-NeMo/Curator","trackingVersion":"phase3-v1","from":"UNASSESSED","to":"WARM","reason":"first assessment: WARM because warm:pushedWithin30d&stars>=1000"}
{"ts":"2026-09-26T02:49:18.622Z","operation":"track.transition","repository":"NovaSearch-Team/RAG-Retrieval","trackingVersion":"phase3-v1","from":"UNASSESSED","to":"WARM","reason":"first assessment: WARM because warm:pushedWithin30d&stars>=1000"}
{"ts":"2026-09-26T02:49:18.622Z","operation":"track.transition","repository":"opea-project/GenAIExamples","trackingVersion":"phase3-v1","from":"UNASSESSED","to":"DORMANT","reason":"first assessment: DORMANT because dormant:no hot or warm rule passed"}
{"ts":"2026-09-26T02:49:18.622Z","operation":"track.transition","repository":"emcf/thepipe","trackingVersion":"phase3-v1","from":"UNASSESSED","to":"WARM","reason":"first assessment: WARM because warm:pushedWithin30d&stars>=1000"}
{"ts":"2026-09-26T02:49:18.622Z","operation":"track.transition","repository":"ymtdzzz/otel-tui","trackingVersion":"phase3-v1","from":"UNASSESSED","to":"WARM","reason":"first assessment: WARM because warm:pushedWithin30d&stars>=1000"}
{"ts":"2026-09-26T02:49:18.622Z","operation":"track.transition","repository":"Armur-Ai/Pentest-Swarm-AI","trackingVersion":"phase3-v1","from":"UNASSESSED","to":"HOT","reason":"first assessment: HOT because hot:growthPercent7d>=1&growth7d>=100"}
{"ts":"2026-09-26T02:49:18.622Z","operation":"track.transition","repository":"feifeibear/long-context-attention","trackingVersion":"phase3-v1","from":"UNASSESSED","to":"DORMANT","reason":"first assessment: DORMANT because dormant:no hot or warm rule passed"}
{"ts":"2026-09-26T02:49:18.622Z","operation":"track.transition","repository":"SWE-agent/SWE-agent","trackingVersion":"phase3-v1","from":"UNASSESSED","to":"WARM","reason":"first assessment: WARM because warm:starsPerDay30d>=8, warm:pushedWithin30d&stars>=1000"}
{"ts":"2026-09-26T02:49:18.622Z","operation":"track.transition","repository":"alopatenko/LLMEvaluation","trackingVersion":"phase3-v1","from":"UNASSESSED","to":"DORMANT","reason":"first assessment: DORMANT because dormant:no hot or warm rule passed"}
{"ts":"2026-09-26T02:49:18.622Z","operation":"track.transition","repository":"NirDiamant/Controllable-RAG-Agent","trackingVersion":"phase3-v1","from":"UNASSESSED","to":"WARM","reason":"first assessment: WARM because warm:pushedWithin30d&stars>=1000"}
{"ts":"2026-09-26T02:49:18.622Z","operation":"track.transition","repository":"Azure-Samples/AI-Gateway","trackingVersion":"phase3-v1","from":"UNASSESSED","to":"DORMANT","reason":"first assessment: DORMANT because dormant:no hot or warm rule passed"}
{"ts":"2026-09-26T02:49:18.622Z","operation":"track.transition","repository":"jzero-io/jzero","trackingVersion":"phase3-v1","from":"UNASSESSED","to":"DORMANT","reason":"first assessment: DORMANT because dormant:no hot or warm rule passed"}
{"ts":"2026-09-26T02:49:18.622Z","operation":"track.transition","repository":"data-prep-kit/data-prep-kit","trackingVersion":"phase3-v1","from":"UNASSESSED","to":"DORMANT","reason":"first assessment: DORMANT because dormant:no hot or warm rule passed"}
{"ts":"2026-09-26T02:49:18.622Z","operation":"track.transition","repository":"Picovoice/picollm","trackingVersion":"phase3-v1","from":"UNASSESSED","to":"DORMANT","reason":"first assessment: DORMANT because dormant:no hot or warm rule passed"}
{"ts":"2026-09-26T02:49:18.622Z","operation":"track.transition","repository":"msoedov/agentic_security","trackingVersion":"phase3-v1","from":"UNASSESSED","to":"WARM","reason":"first assessment: WARM because warm:pushedWithin30d&stars>=1000"}
{"ts":"2026-09-26T02:49:18.622Z","operation":"track.transition","repository":"Danielskry/Awesome-RAG","trackingVersion":"phase3-v1","from":"UNASSESSED","to":"WARM","reason":"first assessment: WARM because warm:pushedWithin30d&stars>=1000"}
{"ts":"2026-09-26T02:49:18.622Z","operation":"track.transition","repository":"Anil-matcha/Seedance-2-API","trackingVersion":"phase3-v1","from":"UNASSESSED","to":"DORMANT","reason":"first assessment: DORMANT because dormant:no hot or warm rule passed"}
{"ts":"2026-09-26T02:49:18.622Z","operation":"track.transition","repository":"curiousily/AI-Bootcamp","trackingVersion":"phase3-v1","from":"UNASSESSED","to":"DORMANT","reason":"first assessment: DORMANT because dormant:no hot or warm rule passed"}
{"ts":"2026-09-26T02:49:18.622Z","operation":"track.transition","repository":"devoxx/DevoxxGenieIDEAPlugin","trackingVersion":"phase3-v1","from":"UNASSESSED","to":"DORMANT","reason":"first assessment: DORMANT because dormant:no hot or warm rule passed"}
{"ts":"2026-09-26T02:49:18.622Z","operation":"track.transition","repository":"Blaizzy/mlx-vlm","trackingVersion":"phase3-v1","from":"UNASSESSED","to":"WARM","reason":"first assessment: WARM because warm:pushedWithin30d&stars>=1000"}
{"ts":"2026-09-26T02:49:18.622Z","operation":"track.transition","repository":"ctrf-io/github-test-reporter","trackingVersion":"phase3-v1","from":"UNASSESSED","to":"DORMANT","reason":"first assessment: DORMANT because dormant:no hot or warm rule passed"}
{"ts":"2026-09-26T02:49:18.622Z","operation":"track.transition","repository":"818000/bus","trackingVersion":"phase3-v1","from":"UNASSESSED","to":"DORMANT","reason":"first assessment: DORMANT because dormant:no hot or warm rule passed"}
{"ts":"2026-09-26T02:49:18.622Z","operation":"track.transition","repository":"WangRongsheng/awesome-LLM-resources","trackingVersion":"phase3-v1","from":"UNASSESSED","to":"WARM","reason":"first assessment: WARM because warm:pushedWithin30d&stars>=1000"}
{"ts":"2026-09-26T02:49:18.622Z","operation":"track.transition","repository":"valkey-io/valkey-go","trackingVersion":"phase3-v1","from":"UNASSESSED","to":"DORMANT","reason":"first assessment: DORMANT because dormant:no hot or warm rule passed"}
{"ts":"2026-09-26T02:49:18.622Z","operation":"track.transition","repository":"microsoft/prompty","trackingVersion":"phase3-v1","from":"UNASSESSED","to":"WARM","reason":"first assessment: WARM because warm:pushedWithin30d&stars>=1000"}
{"ts":"2026-09-26T02:49:18.622Z","operation":"track.transition","repository":"pydantic/logfire","trackingVersion":"phase3-v1","from":"UNASSESSED","to":"WARM","reason":"first assessment: WARM because warm:pushedWithin30d&stars>=1000"}
{"ts":"2026-09-26T02:49:18.622Z","operation":"track.transition","repository":"pnp/copilot-prompts","trackingVersion":"phase3-v1","from":"UNASSESSED","to":"DORMANT","reason":"first assessment: DORMANT because dormant:no hot or warm rule passed"}
{"ts":"2026-09-26T02:49:18.622Z","operation":"track.transition","repository":"ArcadeAI/arcade-mcp","trackingVersion":"phase3-v1","from":"UNASSESSED","to":"WARM","reason":"first assessment: WARM because warm:pushedWithin30d&stars>=1000"}
{"ts":"2026-09-26T02:49:18.622Z","operation":"track.transition","repository":"foss42/awesome-generative-ai-apis","trackingVersion":"phase3-v1","from":"UNASSESSED","to":"DORMANT","reason":"first assessment: DORMANT because dormant:no hot or warm rule passed"}
{"ts":"2026-09-26T02:49:18.622Z","operation":"track.transition","repository":"beclab/Olares","trackingVersion":"phase3-v1","from":"UNASSESSED","to":"WARM","reason":"first assessment: WARM because warm:pushedWithin30d&stars>=1000"}
{"ts":"2026-09-26T02:49:18.622Z","operation":"track.transition","repository":"autogluon/autogluon-assistant","trackingVersion":"phase3-v1","from":"UNASSESSED","to":"DORMANT","reason":"first assessment: DORMANT because dormant:no hot or warm rule passed"}
{"ts":"2026-09-26T02:49:18.622Z","operation":"track.transition","repository":"gpustack/gpustack","trackingVersion":"phase3-v1","from":"UNASSESSED","to":"WARM","reason":"first assessment: WARM because warm:pushedWithin30d&stars>=1000"}
{"ts":"2026-09-26T02:49:18.622Z","operation":"track.transition","repository":"Picovoice/pico-cookbook","trackingVersion":"phase3-v1","from":"UNASSESSED","to":"DORMANT","reason":"first assessment: DORMANT because dormant:no hot or warm rule passed"}
{"ts":"2026-09-26T02:49:18.622Z","operation":"track.transition","repository":"achristmascarl/rainfrog","trackingVersion":"phase3-v1","from":"UNASSESSED","to":"WARM","reason":"first assessment: WARM because warm:pushedWithin30d&stars>=1000"}
{"ts":"2026-09-26T02:49:18.622Z","operation":"track.transition","repository":"THU-BPM/MarkLLM","trackingVersion":"phase3-v1","from":"UNASSESSED","to":"WARM","reason":"first assessment: WARM because warm:pushedWithin30d&stars>=1000"}
{"ts":"2026-09-26T02:49:18.622Z","operation":"track.transition","repository":"valkey-io/valkey-py","trackingVersion":"phase3-v1","from":"UNASSESSED","to":"DORMANT","reason":"first assessment: DORMANT because dormant:no hot or warm rule passed"}
{"ts":"2026-09-26T02:49:18.622Z","operation":"track.transition","repository":"terrastruct/awesome-diagrams","trackingVersion":"phase3-v1","from":"UNASSESSED","to":"DORMANT","reason":"first assessment: DORMANT because dormant:no hot or warm rule passed"}
{"ts":"2026-09-26T02:49:18.622Z","operation":"track.transition","repository":"buxuku/SmartSub","trackingVersion":"phase3-v1","from":"UNASSESSED","to":"WARM","reason":"first assessment: WARM because warm:starsPerDay7d>=8, warm:starsPerDay30d>=8, warm:pushedWithin30d&stars>=1000"}
{"ts":"2026-09-26T02:49:18.622Z","operation":"track.transition","repository":"summer-rs/summer-rs","trackingVersion":"phase3-v1","from":"UNASSESSED","to":"WARM","reason":"first assessment: WARM because warm:pushedWithin30d&stars>=1000"}
{"ts":"2026-09-26T02:49:18.622Z","operation":"track.transition","repository":"ash-project/igniter","trackingVersion":"phase3-v1","from":"UNASSESSED","to":"DORMANT","reason":"first assessment: DORMANT because dormant:no hot or warm rule passed"}
{"ts":"2026-09-26T02:49:18.622Z","operation":"track.transition","repository":"HolmesGPT/holmesgpt","trackingVersion":"phase3-v1","from":"UNASSESSED","to":"WARM","reason":"first assessment: WARM because warm:starsPerDay30d>=8, warm:pushedWithin30d&stars>=1000"}
{"ts":"2026-09-26T02:49:18.622Z","operation":"track.transition","repository":"EmbeddedLLM/JamAIBase","trackingVersion":"phase3-v1","from":"UNASSESSED","to":"WARM","reason":"first assessment: WARM because warm:pushedWithin30d&stars>=1000"}
{"ts":"2026-09-26T02:49:18.622Z","operation":"track.transition","repository":"enofex/taikai","trackingVersion":"phase3-v1","from":"UNASSESSED","to":"DORMANT","reason":"first assessment: DORMANT because dormant:no hot or warm rule passed"}
{"ts":"2026-09-26T02:49:18.622Z","operation":"track.transition","repository":"dockur/macos","trackingVersion":"phase3-v1","from":"UNASSESSED","to":"WARM","reason":"first assessment: WARM because warm:pushedWithin30d&stars>=1000"}
{"ts":"2026-09-26T02:49:18.622Z","operation":"track.transition","repository":"RobotecAI/rai","trackingVersion":"phase3-v1","from":"UNASSESSED","to":"DORMANT","reason":"first assessment: DORMANT because dormant:no hot or warm rule passed"}
{"ts":"2026-09-26T02:49:18.622Z","operation":"track.transition","repository":"0xPlaygrounds/rig","trackingVersion":"phase3-v1","from":"UNASSESSED","to":"WARM","reason":"first assessment: WARM because warm:starsPerDay7d>=8, warm:starsPerDay30d>=8, warm:pushedWithin30d&stars>=1000"}
{"ts":"2026-09-26T02:49:18.622Z","operation":"track.transition","repository":"zoicware/RemoveWindowsAI","trackingVersion":"phase3-v1","from":"UNASSESSED","to":"WARM","reason":"first assessment: WARM because warm:pushedWithin30d&stars>=1000"}
{"ts":"2026-09-26T02:49:18.622Z","operation":"track.transition","repository":"googleapis/mcp-toolbox","trackingVersion":"phase3-v1","from":"UNASSESSED","to":"WARM","reason":"first assessment: WARM because warm:starsPerDay30d>=8, warm:pushedWithin30d&stars>=1000"}
{"ts":"2026-09-26T02:49:18.622Z","operation":"track.transition","repository":"bosun-ai/swiftide","trackingVersion":"phase3-v1","from":"UNASSESSED","to":"DORMANT","reason":"first assessment: DORMANT because dormant:no hot or warm rule passed"}
{"ts":"2026-09-26T02:49:18.622Z","operation":"track.transition","repository":"marcoturi/fastify-boilerplate","trackingVersion":"phase3-v1","from":"UNASSESSED","to":"DORMANT","reason":"first assessment: DORMANT because dormant:no hot or warm rule passed"}
{"ts":"2026-09-26T02:49:18.622Z","operation":"track.transition","repository":"clidey/whodb","trackingVersion":"phase3-v1","from":"UNASSESSED","to":"WARM","reason":"first assessment: WARM because warm:pushedWithin30d&stars>=1000"}
{"ts":"2026-09-26T02:49:18.622Z","operation":"track.transition","repository":"Comfy-Org/ComfyUI_frontend","trackingVersion":"phase3-v1","from":"UNASSESSED","to":"WARM","reason":"first assessment: WARM because warm:pushedWithin30d&stars>=1000"}
{"ts":"2026-09-26T02:49:18.622Z","operation":"track.transition","repository":"iib0011/omni-tools","trackingVersion":"phase3-v1","from":"UNASSESSED","to":"WARM","reason":"first assessment: WARM because warm:pushedWithin30d&stars>=1000"}
{"ts":"2026-09-26T02:49:18.622Z","operation":"track.transition","repository":"marcominerva/SqlDatabaseVectorSearch","trackingVersion":"phase3-v1","from":"UNASSESSED","to":"DORMANT","reason":"first assessment: DORMANT because dormant:no hot or warm rule passed"}
{"ts":"2026-09-26T02:49:18.622Z","operation":"track.transition","repository":"BinWang28/audio-ai-hub","trackingVersion":"phase3-v1","from":"UNASSESSED","to":"DORMANT","reason":"first assessment: DORMANT because dormant:no hot or warm rule passed"}
{"ts":"2026-09-26T02:49:18.622Z","operation":"track.transition","repository":"monocle2ai/monocle","trackingVersion":"phase3-v1","from":"UNASSESSED","to":"DORMANT","reason":"first assessment: DORMANT because dormant:no hot or warm rule passed"}
{"ts":"2026-09-26T02:49:18.622Z","operation":"track.transition","repository":"freelensapp/freelens","trackingVersion":"phase3-v1","from":"UNASSESSED","to":"WARM","reason":"first assessment: WARM because warm:pushedWithin30d&stars>=1000"}
{"ts":"2026-09-26T02:49:18.622Z","operation":"track.transition","repository":"EnnengYang/Awesome-Model-Merging-Methods-Theories-Applications","trackingVersion":"phase3-v1","from":"UNASSESSED","to":"DORMANT","reason":"first assessment: DORMANT because dormant:no hot or warm rule passed"}
{"ts":"2026-09-26T02:49:18.622Z","operation":"track.transition","repository":"mcmonkeyprojects/SwarmUI","trackingVersion":"phase3-v1","from":"UNASSESSED","to":"WARM","reason":"first assessment: WARM because warm:pushedWithin30d&stars>=1000"}
{"ts":"2026-09-26T02:49:18.622Z","operation":"track.transition","repository":"pydantic/pydantic-ai","trackingVersion":"phase3-v1","from":"UNASSESSED","to":"WARM","reason":"first assessment: WARM because warm:starsPerDay7d>=8, warm:starsPerDay30d>=8, warm:pushedWithin30d&stars>=1000"}
{"ts":"2026-09-26T02:49:18.622Z","operation":"track.transition","repository":"ing-bank/INGenious","trackingVersion":"phase3-v1","from":"UNASSESSED","to":"DORMANT","reason":"first assessment: DORMANT because dormant:no hot or warm rule passed"}
{"ts":"2026-09-26T02:49:18.622Z","operation":"track.transition","repository":"vndee/llm-sandbox","trackingVersion":"phase3-v1","from":"UNASSESSED","to":"WARM","reason":"first assessment: WARM because warm:pushedWithin30d&stars>=1000"}
{"ts":"2026-09-26T02:49:18.622Z","operation":"track.transition","repository":"line/lighthouse","trackingVersion":"phase3-v1","from":"UNASSESSED","to":"DORMANT","reason":"first assessment: DORMANT because dormant:no hot or warm rule passed"}
{"ts":"2026-09-26T02:49:18.622Z","operation":"track.transition","repository":"xerrors/Yuxi","trackingVersion":"phase3-v1","from":"UNASSESSED","to":"WARM","reason":"first assessment: WARM because warm:starsPerDay7d>=8, warm:starsPerDay30d>=8, warm:pushedWithin30d&stars>=1000"}
{"ts":"2026-09-26T02:49:18.622Z","operation":"track.transition","repository":"java-up-up/damai","trackingVersion":"phase3-v1","from":"UNASSESSED","to":"WARM","reason":"first assessment: WARM because warm:starsPerDay7d>=8, warm:pushedWithin30d&stars>=1000"}
{"ts":"2026-09-26T02:49:18.622Z","operation":"track.transition","repository":"elizaOS/eliza","trackingVersion":"phase3-v1","from":"UNASSESSED","to":"WARM","reason":"first assessment: WARM because warm:starsPerDay7d>=8, warm:starsPerDay30d>=8, warm:pushedWithin30d&stars>=1000"}
{"ts":"2026-09-26T02:49:18.622Z","operation":"track.transition","repository":"katanemo/plano","trackingVersion":"phase3-v1","from":"UNASSESSED","to":"WARM","reason":"first assessment: WARM because warm:pushedWithin30d&stars>=1000"}
{"ts":"2026-09-26T02:49:18.622Z","operation":"track.transition","repository":"SaladTechnologies/comfyui-api","trackingVersion":"phase3-v1","from":"UNASSESSED","to":"DORMANT","reason":"first assessment: DORMANT because dormant:no hot or warm rule passed"}
{"ts":"2026-09-26T02:49:18.622Z","operation":"track.transition","repository":"SamurAIGPT/AI-Faceless-Video-Generator","trackingVersion":"phase3-v1","from":"UNASSESSED","to":"DORMANT","reason":"first assessment: DORMANT because dormant:no hot or warm rule passed"}
{"ts":"2026-09-26T02:49:18.622Z","operation":"track.transition","repository":"foxminchan/BookWorm","trackingVersion":"phase3-v1","from":"UNASSESSED","to":"DORMANT","reason":"first assessment: DORMANT because dormant:no hot or warm rule passed"}
{"ts":"2026-09-26T02:49:18.622Z","operation":"track.transition","repository":"ashbuilds/payload-ai","trackingVersion":"phase3-v1","from":"UNASSESSED","to":"DORMANT","reason":"first assessment: DORMANT because dormant:no hot or warm rule passed"}
{"ts":"2026-09-26T02:49:18.622Z","operation":"track.transition","repository":"kimdre/doco-cd","trackingVersion":"phase3-v1","from":"UNASSESSED","to":"WARM","reason":"first assessment: WARM because warm:pushedWithin30d&stars>=1000"}
{"ts":"2026-09-26T02:49:18.622Z","operation":"track.transition","repository":"sebadob/hiqlite","trackingVersion":"phase3-v1","from":"UNASSESSED","to":"DORMANT","reason":"first assessment: DORMANT because dormant:no hot or warm rule passed"}
{"ts":"2026-09-26T02:49:18.622Z","operation":"track.transition","repository":"MarSeventh/CloudFlare-ImgBed","trackingVersion":"phase3-v1","from":"UNASSESSED","to":"WARM","reason":"first assessment: WARM because warm:starsPerDay30d>=8, warm:pushedWithin30d&stars>=1000"}
{"ts":"2026-09-26T02:49:18.622Z","operation":"track.transition","repository":"eduardolat/pgbackweb","trackingVersion":"phase3-v1","from":"UNASSESSED","to":"WARM","reason":"first assessment: WARM because warm:pushedWithin30d&stars>=1000"}
{"ts":"2026-09-26T02:49:18.622Z","operation":"track.transition","repository":"psviderski/uncloud","trackingVersion":"phase3-v1","from":"UNASSESSED","to":"WARM","reason":"first assessment: WARM because warm:pushedWithin30d&stars>=1000"}
{"ts":"2026-09-26T02:49:18.622Z","operation":"track.transition","repository":"web-infra-dev/midscene","trackingVersion":"phase3-v1","from":"UNASSESSED","to":"WARM","reason":"first assessment: WARM because warm:starsPerDay7d>=8, warm:starsPerDay30d>=8, warm:pushedWithin30d&stars>=1000"}
{"ts":"2026-09-26T02:49:18.622Z","operation":"track.transition","repository":"zi-yue-1129/DATAGEN","trackingVersion":"phase3-v1","from":"UNASSESSED","to":"WARM","reason":"first assessment: WARM because warm:pushedWithin30d&stars>=1000"}
{"ts":"2026-09-26T02:49:18.622Z","operation":"track.transition","repository":"2FastLabs/agent-squad","trackingVersion":"phase3-v1","from":"UNASSESSED","to":"WARM","reason":"first assessment: WARM because warm:pushedWithin30d&stars>=1000"}
{"ts":"2026-09-26T02:49:18.622Z","operation":"track.transition","repository":"Kiln-AI/Kiln","trackingVersion":"phase3-v1","from":"UNASSESSED","to":"WARM","reason":"first assessment: WARM because warm:pushedWithin30d&stars>=1000"}
{"ts":"2026-09-26T02:49:18.622Z","operation":"track.transition","repository":"rootflo/wavefront","trackingVersion":"phase3-v1","from":"UNASSESSED","to":"DORMANT","reason":"first assessment: DORMANT because dormant:no hot or warm rule passed"}
{"ts":"2026-09-26T02:49:18.622Z","operation":"track.transition","repository":"av/harbor","trackingVersion":"phase3-v1","from":"UNASSESSED","to":"WARM","reason":"first assessment: WARM because warm:pushedWithin30d&stars>=1000"}
{"ts":"2026-09-26T02:49:18.622Z","operation":"track.transition","repository":"Mafyuh/iac","trackingVersion":"phase3-v1","from":"UNASSESSED","to":"DORMANT","reason":"first assessment: DORMANT because dormant:no hot or warm rule passed"}
{"ts":"2026-09-26T02:49:18.622Z","operation":"track.transition","repository":"gokayfem/ComfyUI-fal-API","trackingVersion":"phase3-v1","from":"UNASSESSED","to":"DORMANT","reason":"first assessment: DORMANT because dormant:no hot or warm rule passed"}
{"ts":"2026-09-26T02:49:18.622Z","operation":"track.transition","repository":"CloudDetail/apo","trackingVersion":"phase3-v1","from":"UNASSESSED","to":"DORMANT","reason":"first assessment: DORMANT because dormant:no hot or warm rule passed"}
{"ts":"2026-09-26T02:49:18.622Z","operation":"track.transition","repository":"liam-hq/liam","trackingVersion":"phase3-v1","from":"UNASSESSED","to":"WARM","reason":"first assessment: WARM because warm:pushedWithin30d&stars>=1000"}
{"ts":"2026-09-26T02:49:18.622Z","operation":"track.transition","repository":"microsoft/multilspy","trackingVersion":"phase3-v1","from":"UNASSESSED","to":"DORMANT","reason":"first assessment: DORMANT because dormant:no hot or warm rule passed"}
{"ts":"2026-09-26T02:49:18.622Z","operation":"track.transition","repository":"huggingface/speech-to-speech","trackingVersion":"phase3-v1","from":"UNASSESSED","to":"WARM","reason":"first assessment: WARM because warm:starsPerDay30d>=8, warm:pushedWithin30d&stars>=1000"}
{"ts":"2026-09-26T02:49:18.622Z","operation":"track.transition","repository":"goruck/home-generative-agent","trackingVersion":"phase3-v1","from":"UNASSESSED","to":"DORMANT","reason":"first assessment: DORMANT because dormant:no hot or warm rule passed"}
{"ts":"2026-09-26T02:49:18.622Z","operation":"track.transition","repository":"potpie-ai/potpie","trackingVersion":"phase3-v1","from":"UNASSESSED","to":"WARM","reason":"first assessment: WARM because warm:pushedWithin30d&stars>=1000"}
{"ts":"2026-09-26T02:49:18.622Z","operation":"track.transition","repository":"kieranklaassen/leva","trackingVersion":"phase3-v1","from":"UNASSESSED","to":"DORMANT","reason":"first assessment: DORMANT because dormant:no hot or warm rule passed"}
{"ts":"2026-09-26T02:49:18.622Z","operation":"track.transition","repository":"tonywu71/colpali-cookbooks","trackingVersion":"phase3-v1","from":"UNASSESSED","to":"DORMANT","reason":"first assessment: DORMANT because dormant:no hot or warm rule passed"}
{"ts":"2026-09-26T02:49:18.622Z","operation":"track.transition","repository":"verifywise-ai/verifywise","trackingVersion":"phase3-v1","from":"UNASSESSED","to":"DORMANT","reason":"first assessment: DORMANT because dormant:no hot or warm rule passed"}
{"ts":"2026-09-26T02:49:18.622Z","operation":"track.transition","repository":"giselles-ai/giselle","trackingVersion":"phase3-v1","from":"UNASSESSED","to":"DORMANT","reason":"first assessment: DORMANT because dormant:no hot or warm rule passed"}
{"ts":"2026-09-26T02:49:18.622Z","operation":"track.transition","repository":"certimate-go/certimate","trackingVersion":"phase3-v1","from":"UNASSESSED","to":"WARM","reason":"first assessment: WARM because warm:starsPerDay30d>=8, warm:pushedWithin30d&stars>=1000"}
{"ts":"2026-09-26T02:49:18.622Z","operation":"track.transition","repository":"nisshi-io/nisshi","trackingVersion":"phase3-v1","from":"UNASSESSED","to":"WARM","reason":"first assessment: WARM because warm:pushedWithin30d&stars>=1000"}
{"ts":"2026-09-26T02:49:18.622Z","operation":"track.transition","repository":"algorithmicsuperintelligence/optillm","trackingVersion":"phase3-v1","from":"UNASSESSED","to":"WARM","reason":"first assessment: WARM because warm:pushedWithin30d&stars>=1000"}
{"ts":"2026-09-26T02:49:18.622Z","operation":"track.transition","repository":"risesoft-y9/WorkFlow-Engine","trackingVersion":"phase3-v1","from":"UNASSESSED","to":"DORMANT","reason":"first assessment: DORMANT because dormant:no hot or warm rule passed"}
{"ts":"2026-09-26T02:49:18.622Z","operation":"track.transition","repository":"risesoft-y9/DataFlow-Engine","trackingVersion":"phase3-v1","from":"UNASSESSED","to":"DORMANT","reason":"first assessment: DORMANT because dormant:no hot or warm rule passed"}
{"ts":"2026-09-26T02:49:18.622Z","operation":"track.transition","repository":"google/dotprompt","trackingVersion":"phase3-v1","from":"UNASSESSED","to":"DORMANT","reason":"first assessment: DORMANT because dormant:no hot or warm rule passed"}
{"ts":"2026-09-26T02:49:18.622Z","operation":"track.transition","repository":"lmnr-ai/lmnr","trackingVersion":"phase3-v1","from":"UNASSESSED","to":"WARM","reason":"first assessment: WARM because warm:pushedWithin30d&stars>=1000"}
{"ts":"2026-09-26T02:49:18.622Z","operation":"track.transition","repository":"tailscale-dev/ScaleTail","trackingVersion":"phase3-v1","from":"UNASSESSED","to":"WARM","reason":"first assessment: WARM because warm:pushedWithin30d&stars>=1000"}
{"ts":"2026-09-26T02:49:18.622Z","operation":"track.transition","repository":"huhusmang/Awesome-LLMs-for-Vulnerability-Detection","trackingVersion":"phase3-v1","from":"UNASSESSED","to":"WARM","reason":"first assessment: WARM because warm:pushedWithin30d&stars>=1000"}
{"ts":"2026-09-26T02:49:18.622Z","operation":"track.transition","repository":"nobodywho-ooo/nobodywho","trackingVersion":"phase3-v1","from":"UNASSESSED","to":"HOT","reason":"first assessment: HOT because hot:growthPercent7d>=1&growth7d>=100"}
{"ts":"2026-09-26T02:49:18.622Z","operation":"track.transition","repository":"oracle/ai-optimizer","trackingVersion":"phase3-v1","from":"UNASSESSED","to":"DORMANT","reason":"first assessment: DORMANT because dormant:no hot or warm rule passed"}
{"ts":"2026-09-26T02:49:18.622Z","operation":"track.transition","repository":"xjywhu/Awesome-Multimodal-LLM-for-Code","trackingVersion":"phase3-v1","from":"UNASSESSED","to":"DORMANT","reason":"first assessment: DORMANT because dormant:no hot or warm rule passed"}
{"ts":"2026-09-26T02:49:18.622Z","operation":"track.transition","repository":"alibaba/spring-ai-alibaba","trackingVersion":"phase3-v1","from":"UNASSESSED","to":"WARM","reason":"first assessment: WARM because warm:pushedWithin30d&stars>=1000"}
{"ts":"2026-09-26T02:49:18.622Z","operation":"track.transition","repository":"hexabot-ai/Hexabot","trackingVersion":"phase3-v1","from":"UNASSESSED","to":"WARM","reason":"first assessment: WARM because warm:pushedWithin30d&stars>=1000"}
{"ts":"2026-09-26T02:49:18.622Z","operation":"track.transition","repository":"2U1/Qwen-VL-Series-Finetune","trackingVersion":"phase3-v1","from":"UNASSESSED","to":"WARM","reason":"first assessment: WARM because warm:pushedWithin30d&stars>=1000"}
{"ts":"2026-09-26T02:49:18.622Z","operation":"track.transition","repository":"kubewall/kubewall","trackingVersion":"phase3-v1","from":"UNASSESSED","to":"WARM","reason":"first assessment: WARM because warm:pushedWithin30d&stars>=1000"}
{"ts":"2026-09-26T02:49:18.622Z","operation":"track.transition","repository":"iamarunbrahma/pdf-to-markdown","trackingVersion":"phase3-v1","from":"UNASSESSED","to":"DORMANT","reason":"first assessment: DORMANT because dormant:no hot or warm rule passed"}
{"ts":"2026-09-26T02:49:18.622Z","operation":"track.transition","repository":"kairyou/jenkins-cli","trackingVersion":"phase3-v1","from":"UNASSESSED","to":"DORMANT","reason":"first assessment: DORMANT because dormant:no hot or warm rule passed"}
{"ts":"2026-09-26T02:49:18.622Z","operation":"track.transition","repository":"macalbert/envilder","trackingVersion":"phase3-v1","from":"UNASSESSED","to":"DORMANT","reason":"first assessment: DORMANT because dormant:no hot or warm rule passed"}
{"ts":"2026-09-26T02:49:18.622Z","operation":"track.transition","repository":"rusiaaman/wcgw","trackingVersion":"phase3-v1","from":"UNASSESSED","to":"DORMANT","reason":"first assessment: DORMANT because dormant:no hot or warm rule passed"}
{"ts":"2026-09-26T02:49:18.622Z","operation":"track.transition","repository":"cvs-health/langfair","trackingVersion":"phase3-v1","from":"UNASSESSED","to":"DORMANT","reason":"first assessment: DORMANT because dormant:no hot or warm rule passed"}
{"ts":"2026-09-26T02:49:18.622Z","operation":"track.transition","repository":"plmbr/notebook-intelligence","trackingVersion":"phase3-v1","from":"UNASSESSED","to":"DORMANT","reason":"first assessment: DORMANT because dormant:no hot or warm rule passed"}
{"ts":"2026-09-26T02:49:18.622Z","operation":"track.transition","repository":"icereed/paperless-gpt","trackingVersion":"phase3-v1","from":"UNASSESSED","to":"WARM","reason":"first assessment: WARM because warm:pushedWithin30d&stars>=1000"}
{"ts":"2026-09-26T02:49:18.622Z","operation":"track.transition","repository":"NPC-Worldwide/npcpy","trackingVersion":"phase3-v1","from":"UNASSESSED","to":"WARM","reason":"first assessment: WARM because warm:pushedWithin30d&stars>=1000"}
{"ts":"2026-09-26T02:49:18.622Z","operation":"track.transition","repository":"aws/aws-cdk-cli","trackingVersion":"phase3-v1","from":"UNASSESSED","to":"DORMANT","reason":"first assessment: DORMANT because dormant:no hot or warm rule passed"}
{"ts":"2026-09-26T02:49:18.622Z","operation":"track.transition","repository":"kyegomez/LFM","trackingVersion":"phase3-v1","from":"UNASSESSED","to":"DORMANT","reason":"first assessment: DORMANT because dormant:no hot or warm rule passed"}
{"ts":"2026-09-26T02:49:18.622Z","operation":"track.transition","repository":"stategraph/stategraph","trackingVersion":"phase3-v1","from":"UNASSESSED","to":"WARM","reason":"first assessment: WARM because warm:pushedWithin30d&stars>=1000"}
{"ts":"2026-09-26T02:49:18.622Z","operation":"track.transition","repository":"harleyszhang/rapid_llm","trackingVersion":"phase3-v1","from":"UNASSESSED","to":"DORMANT","reason":"first assessment: DORMANT because dormant:no hot or warm rule passed"}
{"ts":"2026-09-26T02:49:18.622Z","operation":"track.transition","repository":"almeidapaulopt/tsdproxy","trackingVersion":"phase3-v1","from":"UNASSESSED","to":"WARM","reason":"first assessment: WARM because warm:pushedWithin30d&stars>=1000"}
{"ts":"2026-09-26T02:49:18.622Z","operation":"track.transition","repository":"TIGER-AI-Lab/VLM2Vec","trackingVersion":"phase3-v1","from":"UNASSESSED","to":"DORMANT","reason":"first assessment: DORMANT because dormant:no hot or warm rule passed"}
{"ts":"2026-09-26T02:49:18.622Z","operation":"track.transition","repository":"simular-ai/Agent-S","trackingVersion":"phase3-v1","from":"UNASSESSED","to":"WARM","reason":"first assessment: WARM because warm:pushedWithin30d&stars>=1000"}
{"ts":"2026-09-26T02:49:18.622Z","operation":"track.transition","repository":"NirDiamant/Prompt_Engineering","trackingVersion":"phase3-v1","from":"UNASSESSED","to":"WARM","reason":"first assessment: WARM because warm:pushedWithin30d&stars>=1000"}
{"ts":"2026-09-26T02:49:18.622Z","operation":"track.transition","repository":"weibaohui/k8m","trackingVersion":"phase3-v1","from":"UNASSESSED","to":"DORMANT","reason":"first assessment: DORMANT because dormant:no hot or warm rule passed"}
{"ts":"2026-09-26T02:49:18.622Z","operation":"track.transition","repository":"NVlabs/Sana","trackingVersion":"phase3-v1","from":"UNASSESSED","to":"WARM","reason":"first assessment: WARM because warm:starsPerDay30d>=8, warm:pushedWithin30d&stars>=1000"}
{"ts":"2026-09-26T02:49:18.622Z","operation":"track.transition","repository":"datazip-inc/olake","trackingVersion":"phase3-v1","from":"UNASSESSED","to":"WARM","reason":"first assessment: WARM because warm:pushedWithin30d&stars>=1000"}
{"ts":"2026-09-26T02:49:18.622Z","operation":"track.transition","repository":"aws-samples/AWS-First-GenAI-Journey","trackingVersion":"phase3-v1","from":"UNASSESSED","to":"DORMANT","reason":"first assessment: DORMANT because dormant:no hot or warm rule passed"}
{"ts":"2026-09-26T02:49:18.622Z","operation":"track.transition","repository":"software-mansion/react-native-executorch","trackingVersion":"phase3-v1","from":"UNASSESSED","to":"WARM","reason":"first assessment: WARM because warm:pushedWithin30d&stars>=1000"}
{"ts":"2026-09-26T02:49:18.622Z","operation":"track.transition","repository":"Portabase/portabase","trackingVersion":"phase3-v1","from":"UNASSESSED","to":"WARM","reason":"first assessment: WARM because warm:pushedWithin30d&stars>=1000"}
{"ts":"2026-09-26T02:49:18.622Z","operation":"track.transition","repository":"NVIDIA-AI-Blueprints/video-search-and-summarization","trackingVersion":"phase3-v1","from":"UNASSESSED","to":"WARM","reason":"first assessment: WARM because warm:pushedWithin30d&stars>=1000"}
{"ts":"2026-09-26T02:49:18.622Z","operation":"track.transition","repository":"hcloud-k8s/terraform-hcloud-kubernetes","trackingVersion":"phase3-v1","from":"UNASSESSED","to":"DORMANT","reason":"first assessment: DORMANT because dormant:no hot or warm rule passed"}
{"ts":"2026-09-26T02:49:18.622Z","operation":"track.transition","repository":"hao-ai-lab/FastVideo","trackingVersion":"phase3-v1","from":"UNASSESSED","to":"WARM","reason":"first assessment: WARM because warm:starsPerDay30d>=8, warm:pushedWithin30d&stars>=1000"}
{"ts":"2026-09-26T02:49:18.622Z","operation":"track.transition","repository":"JudgmentLabs/judgeval","trackingVersion":"phase3-v1","from":"UNASSESSED","to":"WARM","reason":"first assessment: WARM because warm:pushedWithin30d&stars>=1000"}
{"ts":"2026-09-26T02:49:18.622Z","operation":"track.transition","repository":"autoscrape-labs/pydoll","trackingVersion":"phase3-v1","from":"UNASSESSED","to":"WARM","reason":"first assessment: WARM because warm:pushedWithin30d&stars>=1000"}
{"ts":"2026-09-26T02:49:18.622Z","operation":"track.transition","repository":"alumnium-hq/alumnium","trackingVersion":"phase3-v1","from":"UNASSESSED","to":"WARM","reason":"first assessment: WARM because warm:pushedWithin30d&stars>=1000"}
{"ts":"2026-09-26T02:49:18.622Z","operation":"track.transition","repository":"aws-samples/well-architected-iac-analyzer","trackingVersion":"phase3-v1","from":"UNASSESSED","to":"DORMANT","reason":"first assessment: DORMANT because dormant:no hot or warm rule passed"}
{"ts":"2026-09-26T02:49:18.622Z","operation":"track.transition","repository":"mbzuai-oryx/VideoGLaMM","trackingVersion":"phase3-v1","from":"UNASSESSED","to":"DORMANT","reason":"first assessment: DORMANT because dormant:no hot or warm rule passed"}
{"ts":"2026-09-26T02:49:18.622Z","operation":"track.transition","repository":"KazKozDev/NovelGenerator","trackingVersion":"phase3-v1","from":"UNASSESSED","to":"DORMANT","reason":"first assessment: DORMANT because dormant:no hot or warm rule passed"}
{"ts":"2026-09-26T02:49:18.622Z","operation":"track.transition","repository":"nunchux-ai/nunchaku","trackingVersion":"phase3-v1","from":"UNASSESSED","to":"WARM","reason":"first assessment: WARM because warm:pushedWithin30d&stars>=1000"}
{"ts":"2026-09-26T02:49:18.622Z","operation":"track.transition","repository":"HPInc/AI-Blueprints","trackingVersion":"phase3-v1","from":"UNASSESSED","to":"DORMANT","reason":"first assessment: DORMANT because dormant:no hot or warm rule passed"}
{"ts":"2026-09-26T02:49:18.622Z","operation":"track.transition","repository":"bst04/CyberSources","trackingVersion":"phase3-v1","from":"UNASSESSED","to":"WARM","reason":"first assessment: WARM because warm:pushedWithin30d&stars>=1000"}
{"ts":"2026-09-26T02:49:18.622Z","operation":"track.transition","repository":"microsoft/ai-dev-gallery","trackingVersion":"phase3-v1","from":"UNASSESSED","to":"WARM","reason":"first assessment: WARM because warm:pushedWithin30d&stars>=1000"}
{"ts":"2026-09-26T02:49:18.622Z","operation":"track.transition","repository":"NVIDIA/kvpress","trackingVersion":"phase3-v1","from":"UNASSESSED","to":"WARM","reason":"first assessment: WARM because warm:pushedWithin30d&stars>=1000"}
{"ts":"2026-09-26T02:49:18.622Z","operation":"track.transition","repository":"Haervwe/open-webui-tools","trackingVersion":"phase3-v1","from":"UNASSESSED","to":"DORMANT","reason":"first assessment: DORMANT because dormant:no hot or warm rule passed"}
{"ts":"2026-09-26T02:49:18.622Z","operation":"track.transition","repository":"ibnaleem/gosearch","trackingVersion":"phase3-v1","from":"UNASSESSED","to":"WARM","reason":"first assessment: WARM because warm:pushedWithin30d&stars>=1000"}
{"ts":"2026-09-26T02:49:18.622Z","operation":"track.transition","repository":"OpenBMB/UltraEval-Audio","trackingVersion":"phase3-v1","from":"UNASSESSED","to":"DORMANT","reason":"first assessment: DORMANT because dormant:no hot or warm rule passed"}
{"ts":"2026-09-26T02:49:18.622Z","operation":"track.transition","repository":"ag2ai/ag2","trackingVersion":"phase3-v1","from":"UNASSESSED","to":"WARM","reason":"first assessment: WARM because warm:pushedWithin30d&stars>=1000"}
{"ts":"2026-09-26T02:49:18.622Z","operation":"track.transition","repository":"morphik-org/morphik-core","trackingVersion":"phase3-v1","from":"UNASSESSED","to":"WARM","reason":"first assessment: WARM because warm:pushedWithin30d&stars>=1000"}
{"ts":"2026-09-26T02:49:18.622Z","operation":"track.transition","repository":"camel-ai/oasis","trackingVersion":"phase3-v1","from":"UNASSESSED","to":"WARM","reason":"first assessment: WARM because warm:pushedWithin30d&stars>=1000"}
{"ts":"2026-09-26T02:49:18.622Z","operation":"track.transition","repository":"distr-sh/distr","trackingVersion":"phase3-v1","from":"UNASSESSED","to":"WARM","reason":"first assessment: WARM because warm:pushedWithin30d&stars>=1000"}
{"ts":"2026-09-26T02:49:18.622Z","operation":"track.transition","repository":"Lightricks/ComfyUI-LTXVideo","trackingVersion":"phase3-v1","from":"UNASSESSED","to":"WARM","reason":"first assessment: WARM because warm:pushedWithin30d&stars>=1000"}
{"ts":"2026-09-26T02:49:18.622Z","operation":"track.transition","repository":"HelixDB/helix-db","trackingVersion":"phase3-v1","from":"UNASSESSED","to":"HOT","reason":"first assessment: HOT because hot:growthPercent7d>=1&growth7d>=100"}
{"ts":"2026-09-26T02:49:18.622Z","operation":"track.transition","repository":"CTLab-ITMO/CoolPrompt","trackingVersion":"phase3-v1","from":"UNASSESSED","to":"DORMANT","reason":"first assessment: DORMANT because dormant:no hot or warm rule passed"}
{"ts":"2026-09-26T02:49:18.622Z","operation":"track.transition","repository":"ASCIT31/Dark-Moon","trackingVersion":"phase3-v1","from":"UNASSESSED","to":"DORMANT","reason":"first assessment: DORMANT because dormant:no hot or warm rule passed"}
{"ts":"2026-09-26T02:49:18.622Z","operation":"track.transition","repository":"microsoft/mattergen","trackingVersion":"phase3-v1","from":"UNASSESSED","to":"WARM","reason":"first assessment: WARM because warm:pushedWithin30d&stars>=1000"}
{"ts":"2026-09-26T02:49:18.622Z","operation":"track.transition","repository":"valkey-io/valkey-search","trackingVersion":"phase3-v1","from":"UNASSESSED","to":"DORMANT","reason":"first assessment: DORMANT because dormant:no hot or warm rule passed"}
{"ts":"2026-09-26T02:49:18.622Z","operation":"track.transition","repository":"Blaizzy/mlx-audio","trackingVersion":"phase3-v1","from":"UNASSESSED","to":"WARM","reason":"first assessment: WARM because warm:pushedWithin30d&stars>=1000"}
{"ts":"2026-09-26T02:49:18.622Z","operation":"track.transition","repository":"exa-labs/exa-mcp-server","trackingVersion":"phase3-v1","from":"UNASSESSED","to":"WARM","reason":"first assessment: WARM because warm:pushedWithin30d&stars>=1000"}
{"ts":"2026-09-26T02:49:18.622Z","operation":"track.transition","repository":"clusterzx/paperless-ai","trackingVersion":"phase3-v1","from":"UNASSESSED","to":"WARM","reason":"first assessment: WARM because warm:pushedWithin30d&stars>=1000"}
{"ts":"2026-09-26T02:49:18.622Z","operation":"track.transition","repository":"wonderwhy-er/DesktopCommanderMCP","trackingVersion":"phase3-v1","from":"UNASSESSED","to":"WARM","reason":"first assessment: WARM because warm:starsPerDay7d>=8, warm:starsPerDay30d>=8, warm:pushedWithin30d&stars>=1000"}
{"ts":"2026-09-26T02:49:18.622Z","operation":"track.transition","repository":"firecrawl/firecrawl-mcp-server","trackingVersion":"phase3-v1","from":"UNASSESSED","to":"WARM","reason":"first assessment: WARM because warm:pushedWithin30d&stars>=1000"}
{"ts":"2026-09-26T02:49:18.622Z","operation":"track.transition","repository":"rapiddweller/datamimic","trackingVersion":"phase3-v1","from":"UNASSESSED","to":"DORMANT","reason":"first assessment: DORMANT because dormant:no hot or warm rule passed"}
{"ts":"2026-09-26T02:49:18.622Z","operation":"track.transition","repository":"NVIDIA-AI-Blueprints/rag","trackingVersion":"phase3-v1","from":"UNASSESSED","to":"DORMANT","reason":"first assessment: DORMANT because dormant:no hot or warm rule passed"}
{"ts":"2026-09-26T02:49:18.622Z","operation":"track.transition","repository":"thomwebb/gac","trackingVersion":"phase3-v1","from":"UNASSESSED","to":"DORMANT","reason":"first assessment: DORMANT because dormant:no hot or warm rule passed"}
{"ts":"2026-09-26T02:49:18.622Z","operation":"track.transition","repository":"Bessouat40/RAGLight","trackingVersion":"phase3-v1","from":"UNASSESSED","to":"DORMANT","reason":"first assessment: DORMANT because dormant:no hot or warm rule passed"}
{"ts":"2026-09-26T02:49:18.622Z","operation":"track.transition","repository":"booklore-app/booklore","trackingVersion":"phase3-v1","from":"UNASSESSED","to":"WARM","reason":"first assessment: WARM because warm:starsPerDay30d>=8, warm:pushedWithin30d&stars>=1000"}
{"ts":"2026-09-26T02:49:18.622Z","operation":"track.transition","repository":"amd/gaia","trackingVersion":"phase3-v1","from":"UNASSESSED","to":"WARM","reason":"first assessment: WARM because warm:pushedWithin30d&stars>=1000"}
{"ts":"2026-09-26T02:49:18.622Z","operation":"track.transition","repository":"googleapis/mcp-toolbox-sdk-python","trackingVersion":"phase3-v1","from":"UNASSESSED","to":"DORMANT","reason":"first assessment: DORMANT because dormant:no hot or warm rule passed"}
{"ts":"2026-09-26T02:49:18.622Z","operation":"track.transition","repository":"krillinai/OpenCreator","trackingVersion":"phase3-v1","from":"UNASSESSED","to":"HOT","reason":"first assessment: HOT because hot:starsPerDay7d>=80, hot:growthPercent7d>=1&growth7d>=100"}
{"ts":"2026-09-26T02:49:18.622Z","operation":"track.transition","repository":"ArvinLovegood/go-stock","trackingVersion":"phase3-v1","from":"UNASSESSED","to":"HOT","reason":"first assessment: HOT because hot:growthPercent7d>=1&growth7d>=100"}
{"ts":"2026-09-26T02:49:18.622Z","operation":"track.transition","repository":"Westlake-AGI-Lab/Awesome-Style-Transfer-with-Diffusion-Models","trackingVersion":"phase3-v1","from":"UNASSESSED","to":"DORMANT","reason":"first assessment: DORMANT because dormant:no hot or warm rule passed"}
{"ts":"2026-09-26T02:49:18.622Z","operation":"track.transition","repository":"zcaceres/markdownify-mcp","trackingVersion":"phase3-v1","from":"UNASSESSED","to":"WARM","reason":"first assessment: WARM because warm:pushedWithin30d&stars>=1000"}
{"ts":"2026-09-26T02:49:18.622Z","operation":"track.transition","repository":"Tencent/AI-Infra-Guard","trackingVersion":"phase3-v1","from":"UNASSESSED","to":"HOT","reason":"first assessment: HOT because hot:growthPercent7d>=1&growth7d>=100"}
{"ts":"2026-09-26T02:49:18.622Z","operation":"track.transition","repository":"doobidoo/mcp-memory-service","trackingVersion":"phase3-v1","from":"UNASSESSED","to":"WARM","reason":"first assessment: WARM because warm:pushedWithin30d&stars>=1000"}
{"ts":"2026-09-26T02:49:18.622Z","operation":"track.transition","repository":"philippemerle/KubeDiagrams","trackingVersion":"phase3-v1","from":"UNASSESSED","to":"WARM","reason":"first assessment: WARM because warm:pushedWithin30d&stars>=1000"}
{"ts":"2026-09-26T02:49:18.622Z","operation":"track.transition","repository":"pgdogdev/pgdog","trackingVersion":"phase3-v1","from":"UNASSESSED","to":"WARM","reason":"first assessment: WARM because warm:pushedWithin30d&stars>=1000"}
{"ts":"2026-09-26T02:49:18.622Z","operation":"track.transition","repository":"Deodat-Lawson/LaunchStack","trackingVersion":"phase3-v1","from":"UNASSESSED","to":"DORMANT","reason":"first assessment: DORMANT because dormant:no hot or warm rule passed"}
{"ts":"2026-09-26T02:49:18.622Z","operation":"track.transition","repository":"icip-cas/PPTAgent","trackingVersion":"phase3-v1","from":"UNASSESSED","to":"WARM","reason":"first assessment: WARM because warm:pushedWithin30d&stars>=1000"}
{"ts":"2026-09-26T02:49:18.622Z","operation":"track.transition","repository":"bytedance/Sa2VA","trackingVersion":"phase3-v1","from":"UNASSESSED","to":"WARM","reason":"first assessment: WARM because warm:pushedWithin30d&stars>=1000"}
{"ts":"2026-09-26T02:49:18.622Z","operation":"track.transition","repository":"arben-adm/mcp-sequential-thinking","trackingVersion":"phase3-v1","from":"UNASSESSED","to":"DORMANT","reason":"first assessment: DORMANT because dormant:no hot or warm rule passed"}
{"ts":"2026-09-26T02:49:18.622Z","operation":"track.transition","repository":"rowboatlabs/rowboat","trackingVersion":"phase3-v1","from":"UNASSESSED","to":"WARM","reason":"first assessment: WARM because warm:starsPerDay7d>=8, warm:starsPerDay30d>=8, warm:pushedWithin30d&stars>=1000"}
{"ts":"2026-09-26T02:49:18.622Z","operation":"track.transition","repository":"OpenBMB/UltraRAG","trackingVersion":"phase3-v1","from":"UNASSESSED","to":"WARM","reason":"first assessment: WARM because warm:pushedWithin30d&stars>=1000"}
{"ts":"2026-09-26T02:49:18.622Z","operation":"track.transition","repository":"Isi-dev/Google-Colab_Notebooks","trackingVersion":"phase3-v1","from":"UNASSESSED","to":"DORMANT","reason":"first assessment: DORMANT because dormant:no hot or warm rule passed"}
{"ts":"2026-09-26T02:49:18.622Z","operation":"track.transition","repository":"mkuthan/homelab-public","trackingVersion":"phase3-v1","from":"UNASSESSED","to":"DORMANT","reason":"first assessment: DORMANT because dormant:no hot or warm rule passed"}
{"ts":"2026-09-26T02:49:18.622Z","operation":"track.transition","repository":"rryam/LumoKit","trackingVersion":"phase3-v1","from":"UNASSESSED","to":"DORMANT","reason":"first assessment: DORMANT because dormant:no hot or warm rule passed"}
{"ts":"2026-09-26T02:49:18.622Z","operation":"track.transition","repository":"GoogleCloudPlatform/khi","trackingVersion":"phase3-v1","from":"UNASSESSED","to":"WARM","reason":"first assessment: WARM because warm:pushedWithin30d&stars>=1000"}
{"ts":"2026-09-26T02:49:18.622Z","operation":"track.transition","repository":"multimodal-art-projection/YuE","trackingVersion":"phase3-v1","from":"UNASSESSED","to":"HOT","reason":"first assessment: HOT because hot:growthPercent7d>=1&growth7d>=100"}
{"ts":"2026-09-26T02:49:18.622Z","operation":"track.transition","repository":"acodercat/cave-agent","trackingVersion":"phase3-v1","from":"UNASSESSED","to":"DORMANT","reason":"first assessment: DORMANT because dormant:no hot or warm rule passed"}
{"ts":"2026-09-26T02:49:18.622Z","operation":"track.transition","repository":"CosminMihuMDC/KtorMonitor","trackingVersion":"phase3-v1","from":"UNASSESSED","to":"DORMANT","reason":"first assessment: DORMANT because dormant:no hot or warm rule passed"}
{"ts":"2026-09-26T02:49:18.622Z","operation":"track.transition","repository":"rekog-labs/MCP-Nest","trackingVersion":"phase3-v1","from":"UNASSESSED","to":"DORMANT","reason":"first assessment: DORMANT because dormant:no hot or warm rule passed"}
{"ts":"2026-09-26T02:49:18.622Z","operation":"track.transition","repository":"vllm-project/vllm-ascend","trackingVersion":"phase3-v1","from":"UNASSESSED","to":"WARM","reason":"first assessment: WARM because warm:pushedWithin30d&stars>=1000"}
{"ts":"2026-09-26T02:49:18.622Z","operation":"track.transition","repository":"crmne/ruby_llm","trackingVersion":"phase3-v1","from":"UNASSESSED","to":"WARM","reason":"first assessment: WARM because warm:pushedWithin30d&stars>=1000"}
{"ts":"2026-09-26T02:49:18.622Z","operation":"track.transition","repository":"RManLuo/gfm-rag","trackingVersion":"phase3-v1","from":"UNASSESSED","to":"DORMANT","reason":"first assessment: DORMANT because dormant:no hot or warm rule passed"}
{"ts":"2026-09-26T02:49:18.622Z","operation":"track.transition","repository":"umlx5h/LLPlayer","trackingVersion":"phase3-v1","from":"UNASSESSED","to":"WARM","reason":"first assessment: WARM because warm:starsPerDay7d>=8, warm:pushedWithin30d&stars>=1000"}
{"ts":"2026-09-26T02:49:18.622Z","operation":"track.transition","repository":"KRLabsOrg/verbatim-rag","trackingVersion":"phase3-v1","from":"UNASSESSED","to":"DORMANT","reason":"first assessment: DORMANT because dormant:no hot or warm rule passed"}
{"ts":"2026-09-26T02:49:18.622Z","operation":"track.transition","repository":"weiwill88/Local_Pdf_Chat_RAG","trackingVersion":"phase3-v1","from":"UNASSESSED","to":"DORMANT","reason":"first assessment: DORMANT because dormant:no hot or warm rule passed"}
{"ts":"2026-09-26T02:49:18.622Z","operation":"track.transition","repository":"jax-ml/scaling-book","trackingVersion":"phase3-v1","from":"UNASSESSED","to":"WARM","reason":"first assessment: WARM because warm:pushedWithin30d&stars>=1000"}
{"ts":"2026-09-26T02:49:18.622Z","operation":"track.transition","repository":"Vexa-ai/vexa","trackingVersion":"phase3-v1","from":"UNASSESSED","to":"WARM","reason":"first assessment: WARM because warm:pushedWithin30d&stars>=1000"}
{"ts":"2026-09-26T02:49:18.622Z","operation":"track.transition","repository":"zilliztech/deep-searcher","trackingVersion":"phase3-v1","from":"UNASSESSED","to":"WARM","reason":"first assessment: WARM because warm:pushedWithin30d&stars>=1000"}
{"ts":"2026-09-26T02:49:18.622Z","operation":"track.transition","repository":"LearningCircuit/local-deep-research","trackingVersion":"phase3-v1","from":"UNASSESSED","to":"WARM","reason":"first assessment: WARM because warm:pushedWithin30d&stars>=1000"}
{"ts":"2026-09-26T02:49:18.622Z","operation":"track.transition","repository":"GLips/Figma-Context-MCP","trackingVersion":"phase3-v1","from":"UNASSESSED","to":"WARM","reason":"first assessment: WARM because warm:pushedWithin30d&stars>=1000"}
{"ts":"2026-09-26T02:49:18.622Z","operation":"track.transition","repository":"liyupi/ai-guide","trackingVersion":"phase3-v1","from":"UNASSESSED","to":"HOT","reason":"first assessment: HOT because hot:growthPercent7d>=1&growth7d>=100"}
{"ts":"2026-09-26T02:49:18.622Z","operation":"track.transition","repository":"yogsec/Hacking-Tools","trackingVersion":"phase3-v1","from":"UNASSESSED","to":"WARM","reason":"first assessment: WARM because warm:pushedWithin30d&stars>=1000"}
{"ts":"2026-09-26T02:49:18.622Z","operation":"track.transition","repository":"mbzuai-oryx/Awesome-LLM-Post-training","trackingVersion":"phase3-v1","from":"UNASSESSED","to":"WARM","reason":"first assessment: WARM because warm:pushedWithin30d&stars>=1000"}
{"ts":"2026-09-26T02:49:18.622Z","operation":"track.transition","repository":"ATH-MaaS/ComfyUI-Copilot","trackingVersion":"phase3-v1","from":"UNASSESSED","to":"WARM","reason":"first assessment: WARM because warm:pushedWithin30d&stars>=1000"}
{"ts":"2026-09-26T02:49:18.622Z","operation":"track.transition","repository":"MustacheCase/zanadir","trackingVersion":"phase3-v1","from":"UNASSESSED","to":"DORMANT","reason":"first assessment: DORMANT because dormant:no hot or warm rule passed"}
{"ts":"2026-09-26T02:49:18.622Z","operation":"track.transition","repository":"doorman-dev/doorman","trackingVersion":"phase3-v1","from":"UNASSESSED","to":"DORMANT","reason":"first assessment: DORMANT because dormant:no hot or warm rule passed"}
{"ts":"2026-09-26T02:49:18.622Z","operation":"track.transition","repository":"21st-dev/magic-mcp","trackingVersion":"phase3-v1","from":"UNASSESSED","to":"WARM","reason":"first assessment: WARM because warm:pushedWithin30d&stars>=1000"}
{"ts":"2026-09-26T02:49:18.622Z","operation":"track.transition","repository":"thu-pacman/chitu","trackingVersion":"phase3-v1","from":"UNASSESSED","to":"WARM","reason":"first assessment: WARM because warm:pushedWithin30d&stars>=1000"}
{"ts":"2026-09-26T02:49:18.622Z","operation":"track.transition","repository":"mirabarukaso/character_select_stand_alone_app","trackingVersion":"phase3-v1","from":"UNASSESSED","to":"DORMANT","reason":"first assessment: DORMANT because dormant:no hot or warm rule passed"}
{"ts":"2026-09-26T02:49:18.622Z","operation":"track.transition","repository":"nixopus/nixopus","trackingVersion":"phase3-v1","from":"UNASSESSED","to":"WARM","reason":"first assessment: WARM because warm:pushedWithin30d&stars>=1000"}
{"ts":"2026-09-26T02:49:18.622Z","operation":"track.transition","repository":"Sumanth077/Hands-On-AI-Engineering","trackingVersion":"phase3-v1","from":"UNASSESSED","to":"WARM","reason":"first assessment: WARM because warm:starsPerDay7d>=8, warm:starsPerDay30d>=8, warm:pushedWithin30d&stars>=1000"}
{"ts":"2026-09-26T02:49:18.622Z","operation":"track.transition","repository":"ChromeDevTools/vite-plugin-devtools-json","trackingVersion":"phase3-v1","from":"UNASSESSED","to":"DORMANT","reason":"first assessment: DORMANT because dormant:no hot or warm rule passed"}
{"ts":"2026-09-26T02:49:18.622Z","operation":"track.transition","repository":"openchoreo/openchoreo","trackingVersion":"phase3-v1","from":"UNASSESSED","to":"WARM","reason":"first assessment: WARM because warm:pushedWithin30d&stars>=1000"}
{"ts":"2026-09-26T02:49:18.622Z","operation":"track.transition","repository":"arkflow-rs/arkflow","trackingVersion":"phase3-v1","from":"UNASSESSED","to":"WARM","reason":"first assessment: WARM because warm:pushedWithin30d&stars>=1000"}
{"ts":"2026-09-26T02:49:18.622Z","operation":"track.transition","repository":"neuron-core/neuron-ai","trackingVersion":"phase3-v1","from":"UNASSESSED","to":"WARM","reason":"first assessment: WARM because warm:pushedWithin30d&stars>=1000"}
{"ts":"2026-09-26T02:49:18.622Z","operation":"track.transition","repository":"ai-dynamo/dynamo","trackingVersion":"phase3-v1","from":"UNASSESSED","to":"WARM","reason":"first assessment: WARM because warm:starsPerDay30d>=8, warm:pushedWithin30d&stars>=1000"}
{"ts":"2026-09-26T02:49:18.622Z","operation":"track.transition","repository":"rasbt/reasoning-from-scratch","trackingVersion":"phase3-v1","from":"UNASSESSED","to":"WARM","reason":"first assessment: WARM because warm:pushedWithin30d&stars>=1000"}
{"ts":"2026-09-26T02:49:18.622Z","operation":"track.transition","repository":"mll-lab-nu/VAGEN","trackingVersion":"phase3-v1","from":"UNASSESSED","to":"DORMANT","reason":"first assessment: DORMANT because dormant:no hot or warm rule passed"}
{"ts":"2026-09-26T02:49:18.622Z","operation":"track.transition","repository":"pipeshub-ai/pipeshub-ai","trackingVersion":"phase3-v1","from":"UNASSESSED","to":"WARM","reason":"first assessment: WARM because warm:pushedWithin30d&stars>=1000"}
{"ts":"2026-09-26T02:49:18.622Z","operation":"track.transition","repository":"KalyanKS-NLP/llm-engineer-toolkit","trackingVersion":"phase3-v1","from":"UNASSESSED","to":"WARM","reason":"first assessment: WARM because warm:pushedWithin30d&stars>=1000"}
{"ts":"2026-09-26T02:49:18.622Z","operation":"track.transition","repository":"bytebase/dbhub","trackingVersion":"phase3-v1","from":"UNASSESSED","to":"WARM","reason":"first assessment: WARM because warm:pushedWithin30d&stars>=1000"}
{"ts":"2026-09-26T02:49:18.622Z","operation":"track.transition","repository":"getsentry/MobileBuildMCP","trackingVersion":"phase3-v1","from":"UNASSESSED","to":"WARM","reason":"first assessment: WARM because warm:pushedWithin30d&stars>=1000"}
{"ts":"2026-09-26T02:49:18.622Z","operation":"track.transition","repository":"schmitech/orbit","trackingVersion":"phase3-v1","from":"UNASSESSED","to":"DORMANT","reason":"first assessment: DORMANT because dormant:no hot or warm rule passed"}
{"ts":"2026-09-26T02:49:18.622Z","operation":"track.transition","repository":"agentset-ai/agentset","trackingVersion":"phase3-v1","from":"UNASSESSED","to":"WARM","reason":"first assessment: WARM because warm:pushedWithin30d&stars>=1000"}
{"ts":"2026-09-26T02:49:18.622Z","operation":"track.transition","repository":"vas3k/TaxHacker","trackingVersion":"phase3-v1","from":"UNASSESSED","to":"WARM","reason":"first assessment: WARM because warm:pushedWithin30d&stars>=1000"}
{"ts":"2026-09-26T02:49:18.622Z","operation":"track.transition","repository":"OpenPipe/ART","trackingVersion":"phase3-v1","from":"UNASSESSED","to":"WARM","reason":"first assessment: WARM because warm:pushedWithin30d&stars>=1000"}
{"ts":"2026-09-26T02:49:18.622Z","operation":"track.transition","repository":"nunchux-ai/ComfyUI-nunchaku","trackingVersion":"phase3-v1","from":"UNASSESSED","to":"WARM","reason":"first assessment: WARM because warm:pushedWithin30d&stars>=1000"}
{"ts":"2026-09-26T02:49:18.622Z","operation":"track.transition","repository":"stacklok/toolhive","trackingVersion":"phase3-v1","from":"UNASSESSED","to":"WARM","reason":"first assessment: WARM because warm:pushedWithin30d&stars>=1000"}
{"ts":"2026-09-26T02:49:18.622Z","operation":"track.transition","repository":"CoderGamester/mcp-unity","trackingVersion":"phase3-v1","from":"UNASSESSED","to":"WARM","reason":"first assessment: WARM because warm:pushedWithin30d&stars>=1000"}
{"ts":"2026-09-26T02:49:18.622Z","operation":"track.transition","repository":"CoplayDev/unity-mcp","trackingVersion":"phase3-v1","from":"UNASSESSED","to":"HOT","reason":"first assessment: HOT because hot:growthPercent7d>=1&growth7d>=100"}
{"ts":"2026-09-26T02:49:18.622Z","operation":"track.transition","repository":"ajnart/dcm","trackingVersion":"phase3-v1","from":"UNASSESSED","to":"WARM","reason":"first assessment: WARM because warm:pushedWithin30d&stars>=1000"}
{"ts":"2026-09-26T02:49:18.622Z","operation":"track.transition","repository":"maximhq/bifrost","trackingVersion":"phase3-v1","from":"UNASSESSED","to":"HOT","reason":"first assessment: HOT because hot:growthPercent7d>=1&growth7d>=100"}
{"ts":"2026-09-26T02:49:18.622Z","operation":"track.transition","repository":"ahujasid/ableton-mcp","trackingVersion":"phase3-v1","from":"UNASSESSED","to":"WARM","reason":"first assessment: WARM because warm:pushedWithin30d&stars>=1000"}
{"ts":"2026-09-26T02:49:18.622Z","operation":"track.transition","repository":"utensils/mcp-nixos","trackingVersion":"phase3-v1","from":"UNASSESSED","to":"DORMANT","reason":"first assessment: DORMANT because dormant:no hot or warm rule passed"}
{"ts":"2026-09-26T02:49:18.622Z","operation":"track.transition","repository":"awslabs/mcp","trackingVersion":"phase3-v1","from":"UNASSESSED","to":"WARM","reason":"first assessment: WARM because warm:pushedWithin30d&stars>=1000"}
{"ts":"2026-09-26T02:49:18.622Z","operation":"track.transition","repository":"cubist38/mlx-openai-server","trackingVersion":"phase3-v1","from":"UNASSESSED","to":"DORMANT","reason":"first assessment: DORMANT because dormant:no hot or warm rule passed"}
{"ts":"2026-09-26T02:49:18.622Z","operation":"track.transition","repository":"mcp-use/mcp-use","trackingVersion":"phase3-v1","from":"UNASSESSED","to":"WARM","reason":"first assessment: WARM because warm:pushedWithin30d&stars>=1000"}
{"ts":"2026-09-26T02:49:18.622Z","operation":"track.transition","repository":"feyninc/chonkie","trackingVersion":"phase3-v1","from":"UNASSESSED","to":"WARM","reason":"first assessment: WARM because warm:pushedWithin30d&stars>=1000"}
{"ts":"2026-09-26T02:49:18.622Z","operation":"track.transition","repository":"bahdotsh/wrkflw","trackingVersion":"phase3-v1","from":"UNASSESSED","to":"WARM","reason":"first assessment: WARM because warm:pushedWithin30d&stars>=1000"}
{"ts":"2026-09-26T02:49:18.622Z","operation":"track.transition","repository":"Buoy-gg/Buoy-Desktop","trackingVersion":"phase3-v1","from":"UNASSESSED","to":"DORMANT","reason":"first assessment: DORMANT because dormant:no hot or warm rule passed"}
{"ts":"2026-09-26T02:49:18.622Z","operation":"track.transition","repository":"HKUDS/ViMax","trackingVersion":"phase3-v1","from":"UNASSESSED","to":"WARM","reason":"first assessment: WARM because warm:starsPerDay7d>=8, warm:starsPerDay30d>=8, warm:pushedWithin30d&stars>=1000"}
{"ts":"2026-09-26T02:49:18.622Z","operation":"track.transition","repository":"feichai0017/orbitkv","trackingVersion":"phase3-v1","from":"UNASSESSED","to":"WARM","reason":"first assessment: WARM because warm:starsPerDay7d>=8"}
{"ts":"2026-09-26T02:49:18.622Z","operation":"track.transition","repository":"IntegralPilot/rustc_codegen_jvm","trackingVersion":"phase3-v1","from":"UNASSESSED","to":"DORMANT","reason":"first assessment: DORMANT because dormant:no hot or warm rule passed"}
{"ts":"2026-09-26T02:49:18.622Z","operation":"track.transition","repository":"aws-samples/remote-swe-agents","trackingVersion":"phase3-v1","from":"UNASSESSED","to":"DORMANT","reason":"first assessment: DORMANT because dormant:no hot or warm rule passed"}
{"ts":"2026-09-26T02:49:18.622Z","operation":"track.transition","repository":"stefanoamorelli/sec-edgar-mcp","trackingVersion":"phase3-v1","from":"UNASSESSED","to":"DORMANT","reason":"first assessment: DORMANT because dormant:no hot or warm rule passed"}
{"ts":"2026-09-26T02:49:18.622Z","operation":"track.transition","repository":"redis/mcp-redis","trackingVersion":"phase3-v1","from":"UNASSESSED","to":"DORMANT","reason":"first assessment: DORMANT because dormant:no hot or warm rule passed"}
{"ts":"2026-09-26T02:49:18.623Z","operation":"track.transition","repository":"IvanMurzak/Unity-MCP","trackingVersion":"phase3-v1","from":"UNASSESSED","to":"WARM","reason":"first assessment: WARM because warm:starsPerDay30d>=8, warm:pushedWithin30d&stars>=1000"}
{"ts":"2026-09-26T02:49:18.623Z","operation":"track.transition","repository":"TensorBlock/awesome-mcp-servers","trackingVersion":"phase3-v1","from":"UNASSESSED","to":"DORMANT","reason":"first assessment: DORMANT because dormant:no hot or warm rule passed"}
{"ts":"2026-09-26T02:49:18.623Z","operation":"track.transition","repository":"jolibrain/colette","trackingVersion":"phase3-v1","from":"UNASSESSED","to":"DORMANT","reason":"first assessment: DORMANT because dormant:no hot or warm rule passed"}
{"ts":"2026-09-26T02:49:18.623Z","operation":"track.transition","repository":"SylphxAI/citra","trackingVersion":"phase3-v1","from":"UNASSESSED","to":"DORMANT","reason":"first assessment: DORMANT because dormant:no hot or warm rule passed"}
{"ts":"2026-09-26T02:49:18.623Z","operation":"track.transition","repository":"microsoft/mcp-for-beginners","trackingVersion":"phase3-v1","from":"UNASSESSED","to":"WARM","reason":"first assessment: WARM because warm:starsPerDay7d>=8, warm:starsPerDay30d>=8, warm:pushedWithin30d&stars>=1000"}
{"ts":"2026-09-26T02:49:18.623Z","operation":"track.transition","repository":"zinja-coder/jadx-ai-mcp","trackingVersion":"phase3-v1","from":"UNASSESSED","to":"WARM","reason":"first assessment: WARM because warm:pushedWithin30d&stars>=1000"}
{"ts":"2026-09-26T02:49:18.623Z","operation":"track.transition","repository":"zinja-coder/jadx-mcp-server","trackingVersion":"phase3-v1","from":"UNASSESSED","to":"DORMANT","reason":"first assessment: DORMANT because dormant:no hot or warm rule passed"}
{"ts":"2026-09-26T02:49:18.623Z","operation":"track.transition","repository":"embabel/embabel-agent","trackingVersion":"phase3-v1","from":"UNASSESSED","to":"WARM","reason":"first assessment: WARM because warm:pushedWithin30d&stars>=1000"}
{"ts":"2026-09-26T02:49:18.623Z","operation":"track.transition","repository":"dyad-sh/dyad","trackingVersion":"phase3-v1","from":"UNASSESSED","to":"WARM","reason":"first assessment: WARM because warm:starsPerDay30d>=8, warm:pushedWithin30d&stars>=1000"}
{"ts":"2026-09-26T02:49:18.623Z","operation":"track.transition","repository":"pipeboard-co/meta-ads-mcp","trackingVersion":"phase3-v1","from":"UNASSESSED","to":"WARM","reason":"first assessment: WARM because warm:pushedWithin30d&stars>=1000"}
{"ts":"2026-09-26T02:49:18.623Z","operation":"track.transition","repository":"theopenco/llmgateway","trackingVersion":"phase3-v1","from":"UNASSESSED","to":"WARM","reason":"first assessment: WARM because warm:pushedWithin30d&stars>=1000"}
{"ts":"2026-09-26T02:49:18.623Z","operation":"track.transition","repository":"stickerdaniel/linkedin-mcp-server","trackingVersion":"phase3-v1","from":"UNASSESSED","to":"WARM","reason":"first assessment: WARM because warm:starsPerDay7d>=8, warm:starsPerDay30d>=8, warm:pushedWithin30d&stars>=1000"}
{"ts":"2026-09-26T02:49:18.623Z","operation":"track.transition","repository":"metorial/metorial","trackingVersion":"phase3-v1","from":"UNASSESSED","to":"WARM","reason":"first assessment: WARM because warm:pushedWithin30d&stars>=1000"}
{"ts":"2026-09-26T02:49:18.623Z","operation":"track.transition","repository":"KhazP/vibe-coding-prompt-template","trackingVersion":"phase3-v1","from":"UNASSESSED","to":"WARM","reason":"first assessment: WARM because warm:starsPerDay30d>=8, warm:pushedWithin30d&stars>=1000"}
{"ts":"2026-09-26T02:49:18.623Z","operation":"track.transition","repository":"future-agi/traceAI","trackingVersion":"phase3-v1","from":"UNASSESSED","to":"DORMANT","reason":"first assessment: DORMANT because dormant:no hot or warm rule passed"}
{"ts":"2026-09-26T02:49:18.623Z","operation":"track.transition","repository":"VoltAgent/voltagent","trackingVersion":"phase3-v1","from":"UNASSESSED","to":"WARM","reason":"first assessment: WARM because warm:starsPerDay30d>=8, warm:pushedWithin30d&stars>=1000"}
{"ts":"2026-09-26T02:49:18.623Z","operation":"track.transition","repository":"open-telemetry/opentelemetry-ebpf-instrumentation","trackingVersion":"phase3-v1","from":"UNASSESSED","to":"DORMANT","reason":"first assessment: DORMANT because dormant:no hot or warm rule passed"}
{"ts":"2026-09-26T02:49:18.623Z","operation":"track.transition","repository":"utensils/comfyui-nix","trackingVersion":"phase3-v1","from":"UNASSESSED","to":"DORMANT","reason":"first assessment: DORMANT because dormant:no hot or warm rule passed"}
{"ts":"2026-09-26T02:49:18.623Z","operation":"track.transition","repository":"cvs-health/uqlm","trackingVersion":"phase3-v1","from":"UNASSESSED","to":"WARM","reason":"first assessment: WARM because warm:pushedWithin30d&stars>=1000"}
{"ts":"2026-09-26T02:49:18.623Z","operation":"track.transition","repository":"getarcaneapp/arcane","trackingVersion":"phase3-v1","from":"UNASSESSED","to":"HOT","reason":"first assessment: HOT because hot:growthPercent7d>=1&growth7d>=100"}
{"ts":"2026-09-26T02:49:18.623Z","operation":"track.transition","repository":"dataease/SQLBot","trackingVersion":"phase3-v1","from":"UNASSESSED","to":"WARM","reason":"first assessment: WARM because warm:pushedWithin30d&stars>=1000"}
{"ts":"2026-09-26T02:49:18.623Z","operation":"track.transition","repository":"TechNomadCode/AI-Product-Development-Toolkit","trackingVersion":"phase3-v1","from":"UNASSESSED","to":"DORMANT","reason":"first assessment: DORMANT because dormant:no hot or warm rule passed"}
{"ts":"2026-09-26T02:49:18.623Z","operation":"track.transition","repository":"cactus-compute/cactus","trackingVersion":"phase3-v1","from":"UNASSESSED","to":"WARM","reason":"first assessment: WARM because warm:pushedWithin30d&stars>=1000"}
{"ts":"2026-09-26T02:49:18.623Z","operation":"track.transition","repository":"jonigl/mcp-client-for-ollama","trackingVersion":"phase3-v1","from":"UNASSESSED","to":"DORMANT","reason":"first assessment: DORMANT because dormant:no hot or warm rule passed"}
{"ts":"2026-09-26T02:49:18.623Z","operation":"track.transition","repository":"ModelEngine-Group/nexent","trackingVersion":"phase3-v1","from":"UNASSESSED","to":"WARM","reason":"first assessment: WARM because warm:pushedWithin30d&stars>=1000"}
{"ts":"2026-09-26T02:49:18.623Z","operation":"track.transition","repository":"microsoft/agent-framework","trackingVersion":"phase3-v1","from":"UNASSESSED","to":"HOT","reason":"first assessment: HOT because hot:growthPercent7d>=1&growth7d>=100"}
{"ts":"2026-09-26T02:49:18.623Z","operation":"track.transition","repository":"google-gemini/genai-processors","trackingVersion":"phase3-v1","from":"UNASSESSED","to":"WARM","reason":"first assessment: WARM because warm:pushedWithin30d&stars>=1000"}
{"ts":"2026-09-26T02:49:18.623Z","operation":"track.transition","repository":"Nayjest/Gito","trackingVersion":"phase3-v1","from":"UNASSESSED","to":"DORMANT","reason":"first assessment: DORMANT because dormant:no hot or warm rule passed"}
{"ts":"2026-09-26T02:49:18.623Z","operation":"track.transition","repository":"JetBrains/koog","trackingVersion":"phase3-v1","from":"UNASSESSED","to":"WARM","reason":"first assessment: WARM because warm:pushedWithin30d&stars>=1000"}
{"ts":"2026-09-26T02:49:18.623Z","operation":"track.transition","repository":"IBM/AssetOpsBench","trackingVersion":"phase3-v1","from":"UNASSESSED","to":"WARM","reason":"first assessment: WARM because warm:pushedWithin30d&stars>=1000"}
{"ts":"2026-09-26T02:49:18.623Z","operation":"track.transition","repository":"TUM-AVS/FM-AD-Survey","trackingVersion":"phase3-v1","from":"UNASSESSED","to":"DORMANT","reason":"first assessment: DORMANT because dormant:no hot or warm rule passed"}
{"ts":"2026-09-26T02:49:18.623Z","operation":"track.transition","repository":"dineshsoudagar/local-llms-on-android","trackingVersion":"phase3-v1","from":"UNASSESSED","to":"DORMANT","reason":"first assessment: DORMANT because dormant:no hot or warm rule passed"}
{"ts":"2026-09-26T02:49:18.623Z","operation":"track.transition","repository":"google/adk-java","trackingVersion":"phase3-v1","from":"UNASSESSED","to":"WARM","reason":"first assessment: WARM because warm:pushedWithin30d&stars>=1000"}
{"ts":"2026-09-26T02:49:18.623Z","operation":"track.transition","repository":"google/adk-go","trackingVersion":"phase3-v1","from":"UNASSESSED","to":"WARM","reason":"first assessment: WARM because warm:pushedWithin30d&stars>=1000"}
{"ts":"2026-09-26T02:49:18.623Z","operation":"track.transition","repository":"kossakovsky/selfhost-ai","trackingVersion":"phase3-v1","from":"UNASSESSED","to":"DORMANT","reason":"first assessment: DORMANT because dormant:no hot or warm rule passed"}
{"ts":"2026-09-26T02:49:18.623Z","operation":"track.transition","repository":"ag-ui-protocol/ag-ui","trackingVersion":"phase3-v1","from":"UNASSESSED","to":"WARM","reason":"first assessment: WARM because warm:starsPerDay7d>=8, warm:starsPerDay30d>=8, warm:pushedWithin30d&stars>=1000"}
{"ts":"2026-09-26T02:49:18.623Z","operation":"track.transition","repository":"superplanehq/superplane","trackingVersion":"phase3-v1","from":"UNASSESSED","to":"WARM","reason":"first assessment: WARM because warm:starsPerDay7d>=8, warm:starsPerDay30d>=8, warm:pushedWithin30d&stars>=1000"}
{"ts":"2026-09-26T02:49:18.623Z","operation":"track.transition","repository":"IBM/mcp-context-forge","trackingVersion":"phase3-v1","from":"UNASSESSED","to":"WARM","reason":"first assessment: WARM because warm:pushedWithin30d&stars>=1000"}
{"ts":"2026-09-26T02:49:18.623Z","operation":"track.transition","repository":"amicalhq/amical","trackingVersion":"phase3-v1","from":"UNASSESSED","to":"WARM","reason":"first assessment: WARM because warm:pushedWithin30d&stars>=1000"}
{"ts":"2026-09-26T02:49:18.623Z","operation":"track.transition","repository":"docker/compose-for-agents","trackingVersion":"phase3-v1","from":"UNASSESSED","to":"WARM","reason":"first assessment: WARM because warm:pushedWithin30d&stars>=1000"}
{"ts":"2026-09-26T02:49:18.623Z","operation":"track.transition","repository":"lioensky/VCPToolBox","trackingVersion":"phase3-v1","from":"UNASSESSED","to":"WARM","reason":"first assessment: WARM because warm:pushedWithin30d&stars>=1000"}
{"ts":"2026-09-26T02:49:18.623Z","operation":"track.transition","repository":"cisco-open/forge","trackingVersion":"phase3-v1","from":"UNASSESSED","to":"DORMANT","reason":"first assessment: DORMANT because dormant:no hot or warm rule passed"}
{"ts":"2026-09-26T02:49:18.623Z","operation":"track.transition","repository":"GoogleCloudPlatform/genai-factory","trackingVersion":"phase3-v1","from":"UNASSESSED","to":"DORMANT","reason":"first assessment: DORMANT because dormant:no hot or warm rule passed"}
{"ts":"2026-09-26T02:49:18.623Z","operation":"track.transition","repository":"trpc-group/trpc-agent-go","trackingVersion":"phase3-v1","from":"UNASSESSED","to":"WARM","reason":"first assessment: WARM because warm:pushedWithin30d&stars>=1000"}
{"ts":"2026-09-26T02:49:18.623Z","operation":"track.transition","repository":"microsoft/mcp-gateway","trackingVersion":"phase3-v1","from":"UNASSESSED","to":"DORMANT","reason":"first assessment: DORMANT because dormant:no hot or warm rule passed"}
{"ts":"2026-09-26T02:49:18.623Z","operation":"track.transition","repository":"strands-agents/harness-sdk","trackingVersion":"phase3-v1","from":"UNASSESSED","to":"HOT","reason":"first assessment: HOT because hot:starsPerDay7d>=80, hot:growthPercent7d>=1&growth7d>=100"}
{"ts":"2026-09-26T02:49:18.623Z","operation":"track.transition","repository":"strands-agents/tools","trackingVersion":"phase3-v1","from":"UNASSESSED","to":"WARM","reason":"first assessment: WARM because warm:pushedWithin30d&stars>=1000"}
{"ts":"2026-09-26T02:49:18.623Z","operation":"track.transition","repository":"strands-agents/samples","trackingVersion":"phase3-v1","from":"UNASSESSED","to":"DORMANT","reason":"first assessment: DORMANT because dormant:no hot or warm rule passed"}
{"ts":"2026-09-26T02:49:18.623Z","operation":"track.transition","repository":"MARKTECHPOST-AI-MEDIA-INC/AI-Agents-Projects-Tutorials","trackingVersion":"phase3-v1","from":"UNASSESSED","to":"WARM","reason":"first assessment: WARM because warm:pushedWithin30d&stars>=1000"}
{"ts":"2026-09-26T02:49:18.623Z","operation":"track.transition","repository":"lemonade-sdk/lemonade","trackingVersion":"phase3-v1","from":"UNASSESSED","to":"WARM","reason":"first assessment: WARM because warm:starsPerDay30d>=8, warm:pushedWithin30d&stars>=1000"}
{"ts":"2026-09-26T02:49:18.623Z","operation":"track.transition","repository":"tongjingqi/Game-RL","trackingVersion":"phase3-v1","from":"UNASSESSED","to":"DORMANT","reason":"first assessment: DORMANT because dormant:no hot or warm rule passed"}
{"ts":"2026-09-26T02:49:18.623Z","operation":"track.transition","repository":"innermost47/ai-dj","trackingVersion":"phase3-v1","from":"UNASSESSED","to":"DORMANT","reason":"first assessment: DORMANT because dormant:no hot or warm rule passed"}
{"ts":"2026-09-26T02:49:18.623Z","operation":"track.transition","repository":"ome-projects/ome","trackingVersion":"phase3-v1","from":"UNASSESSED","to":"DORMANT","reason":"first assessment: DORMANT because dormant:no hot or warm rule passed"}
{"ts":"2026-09-26T02:49:18.623Z","operation":"track.transition","repository":"hydropix/TranslateBooksWithLLMs","trackingVersion":"phase3-v1","from":"UNASSESSED","to":"WARM","reason":"first assessment: WARM because warm:pushedWithin30d&stars>=1000"}
{"ts":"2026-09-26T02:49:18.623Z","operation":"track.transition","repository":"thushan/olla","trackingVersion":"phase3-v1","from":"UNASSESSED","to":"DORMANT","reason":"first assessment: DORMANT because dormant:no hot or warm rule passed"}
{"ts":"2026-09-26T02:49:18.623Z","operation":"track.transition","repository":"ovg-project/kvcached","trackingVersion":"phase3-v1","from":"UNASSESSED","to":"WARM","reason":"first assessment: WARM because warm:starsPerDay7d>=8, warm:starsPerDay30d>=8, warm:pushedWithin30d&stars>=1000"}
{"ts":"2026-09-26T02:49:18.623Z","operation":"track.transition","repository":"agentic-community/mcp-gateway-registry","trackingVersion":"phase3-v1","from":"UNASSESSED","to":"DORMANT","reason":"first assessment: DORMANT because dormant:no hot or warm rule passed"}
{"ts":"2026-09-26T02:49:18.623Z","operation":"track.transition","repository":"rafska/awesome-local-llm","trackingVersion":"phase3-v1","from":"UNASSESSED","to":"WARM","reason":"first assessment: WARM because warm:pushedWithin30d&stars>=1000"}
{"ts":"2026-09-26T02:49:18.623Z","operation":"track.transition","repository":"NiuTrans/NLPBook","trackingVersion":"phase3-v1","from":"UNASSESSED","to":"DORMANT","reason":"first assessment: DORMANT because dormant:no hot or warm rule passed"}
{"ts":"2026-09-26T02:49:18.623Z","operation":"track.transition","repository":"onestardao/WFGY","trackingVersion":"phase3-v1","from":"UNASSESSED","to":"WARM","reason":"first assessment: WARM because warm:pushedWithin30d&stars>=1000"}
{"ts":"2026-09-26T02:49:18.623Z","operation":"track.transition","repository":"MrLesk/Backlog.md","trackingVersion":"phase3-v1","from":"UNASSESSED","to":"WARM","reason":"first assessment: WARM because warm:starsPerDay7d>=8, warm:starsPerDay30d>=8, warm:pushedWithin30d&stars>=1000"}
{"ts":"2026-09-26T02:49:18.623Z","operation":"track.transition","repository":"alibaba/ServeGen","trackingVersion":"phase3-v1","from":"UNASSESSED","to":"DORMANT","reason":"first assessment: DORMANT because dormant:no hot or warm rule passed"}
{"ts":"2026-09-26T02:49:18.623Z","operation":"track.transition","repository":"RA341/dockman","trackingVersion":"phase3-v1","from":"UNASSESSED","to":"DORMANT","reason":"first assessment: DORMANT because dormant:no hot or warm rule passed"}
{"ts":"2026-09-26T02:49:18.623Z","operation":"track.transition","repository":"datawhalechina/all-in-rag","trackingVersion":"phase3-v1","from":"UNASSESSED","to":"HOT","reason":"first assessment: HOT because hot:growthPercent7d>=1&growth7d>=100"}
{"ts":"2026-09-26T02:49:18.623Z","operation":"track.transition","repository":"databasus/databasus","trackingVersion":"phase3-v1","from":"UNASSESSED","to":"WARM","reason":"first assessment: WARM because warm:starsPerDay7d>=8, warm:starsPerDay30d>=8, warm:pushedWithin30d&stars>=1000"}
{"ts":"2026-09-26T02:49:18.623Z","operation":"track.transition","repository":"bgauryy/octocode","trackingVersion":"phase3-v1","from":"UNASSESSED","to":"DORMANT","reason":"first assessment: DORMANT because dormant:no hot or warm rule passed"}
{"ts":"2026-09-26T02:49:18.623Z","operation":"track.transition","repository":"UnicomAI/wanwu","trackingVersion":"phase3-v1","from":"UNASSESSED","to":"WARM","reason":"first assessment: WARM because warm:pushedWithin30d&stars>=1000"}
{"ts":"2026-09-26T02:49:18.623Z","operation":"track.transition","repository":"BitterSecurity/Decepticon","trackingVersion":"phase3-v1","from":"UNASSESSED","to":"WARM","reason":"first assessment: WARM because warm:starsPerDay30d>=8, warm:pushedWithin30d&stars>=1000"}
{"ts":"2026-09-26T02:49:18.623Z","operation":"track.transition","repository":"pgplex/pgschema","trackingVersion":"phase3-v1","from":"UNASSESSED","to":"WARM","reason":"first assessment: WARM because warm:pushedWithin30d&stars>=1000"}
{"ts":"2026-09-26T02:49:18.623Z","operation":"track.transition","repository":"StarTrail-org/LEANN","trackingVersion":"phase3-v1","from":"UNASSESSED","to":"WARM","reason":"first assessment: WARM because warm:pushedWithin30d&stars>=1000"}
{"ts":"2026-09-26T02:49:18.623Z","operation":"track.transition","repository":"rudrankriyam/Foundation-Models-Framework-Lab","trackingVersion":"phase3-v1","from":"UNASSESSED","to":"WARM","reason":"first assessment: WARM because warm:pushedWithin30d&stars>=1000"}
{"ts":"2026-09-26T02:49:18.623Z","operation":"track.transition","repository":"multigres/multigres","trackingVersion":"phase3-v1","from":"UNASSESSED","to":"WARM","reason":"first assessment: WARM because warm:pushedWithin30d&stars>=1000"}
{"ts":"2026-09-26T02:49:18.623Z","operation":"track.transition","repository":"zjunlp/LightMem","trackingVersion":"phase3-v1","from":"UNASSESSED","to":"WARM","reason":"first assessment: WARM because warm:pushedWithin30d&stars>=1000"}
{"ts":"2026-09-26T02:49:18.623Z","operation":"track.transition","repository":"PaulDuvall/ai-development-patterns","trackingVersion":"phase3-v1","from":"UNASSESSED","to":"DORMANT","reason":"first assessment: DORMANT because dormant:no hot or warm rule passed"}
{"ts":"2026-09-26T02:49:18.623Z","operation":"track.transition","repository":"fetchai/innovation-lab-examples","trackingVersion":"phase3-v1","from":"UNASSESSED","to":"WARM","reason":"first assessment: WARM because warm:pushedWithin30d&stars>=1000"}
{"ts":"2026-09-26T02:49:18.623Z","operation":"track.transition","repository":"editor-code-assistant/eca","trackingVersion":"phase3-v1","from":"UNASSESSED","to":"WARM","reason":"first assessment: WARM because warm:pushedWithin30d&stars>=1000"}
{"ts":"2026-09-26T02:49:18.623Z","operation":"track.transition","repository":"vitali87/code-graph-rag","trackingVersion":"phase3-v1","from":"UNASSESSED","to":"WARM","reason":"first assessment: WARM because warm:starsPerDay30d>=8, warm:pushedWithin30d&stars>=1000"}
{"ts":"2026-09-26T02:49:18.623Z","operation":"track.transition","repository":"electrolux-oss/infrakitchen","trackingVersion":"phase3-v1","from":"UNASSESSED","to":"DORMANT","reason":"first assessment: DORMANT because dormant:no hot or warm rule passed"}
{"ts":"2026-09-26T02:49:18.623Z","operation":"track.transition","repository":"NirDiamant/agents-towards-production","trackingVersion":"phase3-v1","from":"UNASSESSED","to":"WARM","reason":"first assessment: WARM because warm:pushedWithin30d&stars>=1000"}
{"ts":"2026-09-26T02:49:18.623Z","operation":"track.transition","repository":"OpenMOSS/MOSS-TTSD","trackingVersion":"phase3-v1","from":"UNASSESSED","to":"WARM","reason":"first assessment: WARM because warm:pushedWithin30d&stars>=1000"}
{"ts":"2026-09-26T02:49:18.623Z","operation":"track.transition","repository":"kite-org/kite","trackingVersion":"phase3-v1","from":"UNASSESSED","to":"WARM","reason":"first assessment: WARM because warm:pushedWithin30d&stars>=1000"}
{"ts":"2026-09-26T02:49:18.623Z","operation":"track.transition","repository":"microsoft/agent-lightning","trackingVersion":"phase3-v1","from":"UNASSESSED","to":"WARM","reason":"first assessment: WARM because warm:starsPerDay7d>=8, warm:starsPerDay30d>=8, warm:pushedWithin30d&stars>=1000"}
{"ts":"2026-09-26T02:49:18.623Z","operation":"track.transition","repository":"dyoshikawa/rulesync","trackingVersion":"phase3-v1","from":"UNASSESSED","to":"WARM","reason":"first assessment: WARM because warm:pushedWithin30d&stars>=1000"}
{"ts":"2026-09-26T02:49:18.623Z","operation":"track.transition","repository":"TheDesignFounder/DreamLayer-Eval","trackingVersion":"phase3-v1","from":"UNASSESSED","to":"DORMANT","reason":"first assessment: DORMANT because dormant:no hot or warm rule passed"}
{"ts":"2026-09-26T02:49:18.623Z","operation":"track.transition","repository":"coze-dev/coze-loop","trackingVersion":"phase3-v1","from":"UNASSESSED","to":"WARM","reason":"first assessment: WARM because warm:pushedWithin30d&stars>=1000"}
{"ts":"2026-09-26T02:49:18.623Z","operation":"track.transition","repository":"Goldziher/ai-rulez","trackingVersion":"phase3-v1","from":"UNASSESSED","to":"DORMANT","reason":"first assessment: DORMANT because dormant:no hot or warm rule passed"}
{"ts":"2026-09-26T02:49:18.623Z","operation":"track.transition","repository":"ChaitanyaEswarRajeshJakki/gemini-youtube-automation","trackingVersion":"phase3-v1","from":"UNASSESSED","to":"DORMANT","reason":"first assessment: DORMANT because dormant:no hot or warm rule passed"}
{"ts":"2026-09-26T02:49:18.623Z","operation":"track.transition","repository":"chaitin/MonkeyCode","trackingVersion":"phase3-v1","from":"UNASSESSED","to":"WARM","reason":"first assessment: WARM because warm:pushedWithin30d&stars>=1000"}
{"ts":"2026-09-26T02:49:18.623Z","operation":"track.transition","repository":"semantica-agi/semantica","trackingVersion":"phase3-v1","from":"UNASSESSED","to":"HOT","reason":"first assessment: HOT because hot:growthPercent7d>=1&growth7d>=100"}
{"ts":"2026-09-26T02:49:18.623Z","operation":"track.transition","repository":"EthicalML/awesome-production-agentic-systems","trackingVersion":"phase3-v1","from":"UNASSESSED","to":"DORMANT","reason":"first assessment: DORMANT because dormant:no hot or warm rule passed"}
{"ts":"2026-09-26T02:49:18.623Z","operation":"track.transition","repository":"ai-for-developers/awesome-ai-coding-tools","trackingVersion":"phase3-v1","from":"UNASSESSED","to":"WARM","reason":"first assessment: WARM because warm:pushedWithin30d&stars>=1000"}
{"ts":"2026-09-26T02:49:18.623Z","operation":"track.transition","repository":"SWE-agent/mini-swe-agent","trackingVersion":"phase3-v1","from":"UNASSESSED","to":"HOT","reason":"first assessment: HOT because hot:growthPercent7d>=1&growth7d>=100"}
{"ts":"2026-09-26T02:49:18.623Z","operation":"track.transition","repository":"agentscope-ai/agentscope-studio","trackingVersion":"phase3-v1","from":"UNASSESSED","to":"DORMANT","reason":"first assessment: DORMANT because dormant:no hot or warm rule passed"}
{"ts":"2026-09-26T02:49:18.623Z","operation":"track.transition","repository":"law-chain-hot/websocket-devtools","trackingVersion":"phase3-v1","from":"UNASSESSED","to":"WARM","reason":"first assessment: WARM because warm:pushedWithin30d&stars>=1000"}
{"ts":"2026-09-26T02:49:18.623Z","operation":"track.transition","repository":"awslabs/agentcore-samples","trackingVersion":"phase3-v1","from":"UNASSESSED","to":"WARM","reason":"first assessment: WARM because warm:pushedWithin30d&stars>=1000"}
{"ts":"2026-09-26T02:49:18.623Z","operation":"track.transition","repository":"MemTensor/MemOS","trackingVersion":"phase3-v1","from":"UNASSESSED","to":"HOT","reason":"first assessment: HOT because hot:growthPercent7d>=1&growth7d>=100"}
{"ts":"2026-09-26T02:49:18.623Z","operation":"track.transition","repository":"VictoriaMetrics/VictoriaLogs","trackingVersion":"phase3-v1","from":"UNASSESSED","to":"WARM","reason":"first assessment: WARM because warm:pushedWithin30d&stars>=1000"}
{"ts":"2026-09-26T02:49:18.623Z","operation":"track.transition","repository":"modular/llm-inference-handbook","trackingVersion":"phase3-v1","from":"UNASSESSED","to":"DORMANT","reason":"first assessment: DORMANT because dormant:no hot or warm rule passed"}
{"ts":"2026-09-26T02:49:18.623Z","operation":"track.transition","repository":"timmyy123/LLM-Hub","trackingVersion":"phase3-v1","from":"UNASSESSED","to":"DORMANT","reason":"first assessment: DORMANT because dormant:no hot or warm rule passed"}
{"ts":"2026-09-26T02:49:18.623Z","operation":"track.transition","repository":"callstackincubator/rozenite","trackingVersion":"phase3-v1","from":"UNASSESSED","to":"DORMANT","reason":"first assessment: DORMANT because dormant:no hot or warm rule passed"}
{"ts":"2026-09-26T02:49:18.623Z","operation":"track.transition","repository":"SemiAnalysisAI/InferenceX","trackingVersion":"phase3-v1","from":"UNASSESSED","to":"WARM","reason":"first assessment: WARM because warm:pushedWithin30d&stars>=1000"}
{"ts":"2026-09-26T02:49:18.623Z","operation":"track.transition","repository":"jqueryscript/awesome-claude-code","trackingVersion":"phase3-v1","from":"UNASSESSED","to":"DORMANT","reason":"first assessment: DORMANT because dormant:no hot or warm rule passed"}
{"ts":"2026-09-26T02:49:18.623Z","operation":"track.transition","repository":"archestra-ai/archestra","trackingVersion":"phase3-v1","from":"UNASSESSED","to":"WARM","reason":"first assessment: WARM because warm:pushedWithin30d&stars>=1000"}
{"ts":"2026-09-26T02:49:18.623Z","operation":"track.transition","repository":"valkey-io/valkey-helm","trackingVersion":"phase3-v1","from":"UNASSESSED","to":"DORMANT","reason":"first assessment: DORMANT because dormant:no hot or warm rule passed"}
{"ts":"2026-09-26T02:49:18.623Z","operation":"track.transition","repository":"lordmathis/llamactl","trackingVersion":"phase3-v1","from":"UNASSESSED","to":"DORMANT","reason":"first assessment: DORMANT because dormant:no hot or warm rule passed"}
{"ts":"2026-09-26T02:49:18.623Z","operation":"track.transition","repository":"phishdestroy/destroylist","trackingVersion":"phase3-v1","from":"UNASSESSED","to":"WARM","reason":"first assessment: WARM because warm:starsPerDay30d>=8, warm:pushedWithin30d&stars>=1000"}
{"ts":"2026-09-26T02:49:18.623Z","operation":"track.transition","repository":"VersusControl/devops-ai-guidelines","trackingVersion":"phase3-v1","from":"UNASSESSED","to":"WARM","reason":"first assessment: WARM because warm:pushedWithin30d&stars>=1000"}
{"ts":"2026-09-26T02:49:18.623Z","operation":"track.transition","repository":"RunanywhereAI/runanywhere-sdks","trackingVersion":"phase3-v1","from":"UNASSESSED","to":"WARM","reason":"first assessment: WARM because warm:pushedWithin30d&stars>=1000"}
{"ts":"2026-09-26T02:49:18.623Z","operation":"track.transition","repository":"timescale/pg-aiguide","trackingVersion":"phase3-v1","from":"UNASSESSED","to":"WARM","reason":"first assessment: WARM because warm:pushedWithin30d&stars>=1000"}
{"ts":"2026-09-26T02:49:18.623Z","operation":"track.transition","repository":"MemoriLabs/Memori","trackingVersion":"phase3-v1","from":"UNASSESSED","to":"WARM","reason":"first assessment: WARM because warm:starsPerDay7d>=8, warm:starsPerDay30d>=8, warm:pushedWithin30d&stars>=1000"}
{"ts":"2026-09-26T02:49:18.623Z","operation":"track.transition","repository":"TanStack/devtools","trackingVersion":"phase3-v1","from":"UNASSESSED","to":"DORMANT","reason":"first assessment: DORMANT because dormant:no hot or warm rule passed"}
{"ts":"2026-09-26T02:49:18.623Z","operation":"track.transition","repository":"InsForge/InsForge","trackingVersion":"phase3-v1","from":"UNASSESSED","to":"WARM","reason":"first assessment: WARM because warm:starsPerDay30d>=8, warm:pushedWithin30d&stars>=1000"}
{"ts":"2026-09-26T02:49:18.623Z","operation":"track.transition","repository":"awslabs/cli-agent-orchestrator","trackingVersion":"phase3-v1","from":"UNASSESSED","to":"WARM","reason":"first assessment: WARM because warm:pushedWithin30d&stars>=1000"}
{"ts":"2026-09-26T02:49:18.623Z","operation":"track.transition","repository":"eigent-ai/eigent","trackingVersion":"phase3-v1","from":"UNASSESSED","to":"WARM","reason":"first assessment: WARM because warm:starsPerDay7d>=8, warm:starsPerDay30d>=8, warm:pushedWithin30d&stars>=1000"}
{"ts":"2026-09-26T02:49:18.623Z","operation":"track.transition","repository":"Nano-Collective/nanocoder","trackingVersion":"phase3-v1","from":"UNASSESSED","to":"WARM","reason":"first assessment: WARM because warm:pushedWithin30d&stars>=1000"}
{"ts":"2026-09-26T02:49:18.623Z","operation":"track.transition","repository":"atlassian/atlassian-mcp-server","trackingVersion":"phase3-v1","from":"UNASSESSED","to":"WARM","reason":"first assessment: WARM because warm:pushedWithin30d&stars>=1000"}
{"ts":"2026-09-26T02:49:18.623Z","operation":"track.transition","repository":"xpzouying/xiaohongshu-mcp","trackingVersion":"phase3-v1","from":"UNASSESSED","to":"WARM","reason":"first assessment: WARM because warm:starsPerDay7d>=8, warm:starsPerDay30d>=8, warm:pushedWithin30d&stars>=1000"}
{"ts":"2026-09-26T02:49:18.623Z","operation":"track.transition","repository":"inmve/free-ai-coding","trackingVersion":"phase3-v1","from":"UNASSESSED","to":"DORMANT","reason":"first assessment: DORMANT because dormant:no hot or warm rule passed"}
{"ts":"2026-09-26T02:49:18.623Z","operation":"track.transition","repository":"askimo-ai/askimo","trackingVersion":"phase3-v1","from":"UNASSESSED","to":"DORMANT","reason":"first assessment: DORMANT because dormant:no hot or warm rule passed"}
{"ts":"2026-09-26T02:49:18.623Z","operation":"track.transition","repository":"valkey-io/valkey-admin","trackingVersion":"phase3-v1","from":"UNASSESSED","to":"DORMANT","reason":"first assessment: DORMANT because dormant:no hot or warm rule passed"}
{"ts":"2026-09-26T02:49:18.623Z","operation":"track.transition","repository":"darksworm/argonaut","trackingVersion":"phase3-v1","from":"UNASSESSED","to":"DORMANT","reason":"first assessment: DORMANT because dormant:no hot or warm rule passed"}
{"ts":"2026-09-26T02:49:18.623Z","operation":"track.transition","repository":"scouzi1966/maclocal-api","trackingVersion":"phase3-v1","from":"UNASSESSED","to":"DORMANT","reason":"first assessment: DORMANT because dormant:no hot or warm rule passed"}
{"ts":"2026-09-26T02:49:18.623Z","operation":"track.transition","repository":"sirmalloc/ccstatusline","trackingVersion":"phase3-v1","from":"UNASSESSED","to":"WARM","reason":"first assessment: WARM because warm:starsPerDay7d>=8, warm:starsPerDay30d>=8, warm:pushedWithin30d&stars>=1000"}
{"ts":"2026-09-26T02:49:18.623Z","operation":"track.transition","repository":"atilaahmettaner/tradingview-mcp","trackingVersion":"phase3-v1","from":"UNASSESSED","to":"WARM","reason":"first assessment: WARM because warm:starsPerDay30d>=8, warm:pushedWithin30d&stars>=1000"}
{"ts":"2026-09-26T02:49:18.623Z","operation":"track.transition","repository":"vibheksoni/stealth-browser-mcp","trackingVersion":"phase3-v1","from":"UNASSESSED","to":"WARM","reason":"first assessment: WARM because warm:starsPerDay30d>=8, warm:pushedWithin30d&stars>=1000"}
{"ts":"2026-09-26T02:49:18.623Z","operation":"track.transition","repository":"avibe-bot/avibe","trackingVersion":"phase3-v1","from":"UNASSESSED","to":"DORMANT","reason":"first assessment: DORMANT because dormant:no hot or warm rule passed"}
{"ts":"2026-09-26T02:49:18.623Z","operation":"track.transition","repository":"cogwheel0/conduit","trackingVersion":"phase3-v1","from":"UNASSESSED","to":"WARM","reason":"first assessment: WARM because warm:pushedWithin30d&stars>=1000"}
{"ts":"2026-09-26T02:49:18.623Z","operation":"track.transition","repository":"GetStream/Vision-Agents","trackingVersion":"phase3-v1","from":"UNASSESSED","to":"WARM","reason":"first assessment: WARM because warm:pushedWithin30d&stars>=1000"}
{"ts":"2026-09-26T02:49:18.623Z","operation":"track.transition","repository":"lone-cloud/gerbil","trackingVersion":"phase3-v1","from":"UNASSESSED","to":"DORMANT","reason":"first assessment: DORMANT because dormant:no hot or warm rule passed"}
{"ts":"2026-09-26T02:49:18.623Z","operation":"track.transition","repository":"xLLM-AI/xllm","trackingVersion":"phase3-v1","from":"UNASSESSED","to":"WARM","reason":"first assessment: WARM because warm:pushedWithin30d&stars>=1000"}
{"ts":"2026-09-26T02:49:18.623Z","operation":"track.transition","repository":"milisp/codexia","trackingVersion":"phase3-v1","from":"UNASSESSED","to":"DORMANT","reason":"first assessment: DORMANT because dormant:no hot or warm rule passed"}
{"ts":"2026-09-26T02:49:18.623Z","operation":"track.transition","repository":"google/adk-js","trackingVersion":"phase3-v1","from":"UNASSESSED","to":"WARM","reason":"first assessment: WARM because warm:pushedWithin30d&stars>=1000"}
{"ts":"2026-09-26T02:49:18.623Z","operation":"track.transition","repository":"RLinf/RLinf","trackingVersion":"phase3-v1","from":"UNASSESSED","to":"WARM","reason":"first assessment: WARM because warm:starsPerDay7d>=8, warm:starsPerDay30d>=8, warm:pushedWithin30d&stars>=1000"}
{"ts":"2026-09-26T02:49:18.623Z","operation":"track.transition","repository":"yashab-cyber/HackGpt","trackingVersion":"phase3-v1","from":"UNASSESSED","to":"WARM","reason":"first assessment: WARM because warm:starsPerDay7d>=8, warm:starsPerDay30d>=8, warm:pushedWithin30d&stars>=1000"}
{"ts":"2026-09-26T02:49:18.623Z","operation":"track.transition","repository":"darkzOGx/youtube-automation-agent","trackingVersion":"phase3-v1","from":"UNASSESSED","to":"HOT","reason":"first assessment: HOT because hot:growthPercent7d>=1&growth7d>=100"}
{"ts":"2026-09-26T02:49:18.623Z","operation":"track.transition","repository":"darrenhinde/OpenAgentsControl","trackingVersion":"phase3-v1","from":"UNASSESSED","to":"WARM","reason":"first assessment: WARM because warm:pushedWithin30d&stars>=1000"}
{"ts":"2026-09-26T02:49:18.623Z","operation":"track.transition","repository":"RayBytes/ChatMock","trackingVersion":"phase3-v1","from":"UNASSESSED","to":"WARM","reason":"first assessment: WARM because warm:pushedWithin30d&stars>=1000"}
{"ts":"2026-09-26T02:49:18.623Z","operation":"track.transition","repository":"code-forge-temple/agentic-signal","trackingVersion":"phase3-v1","from":"UNASSESSED","to":"DORMANT","reason":"first assessment: DORMANT because dormant:no hot or warm rule passed"}
{"ts":"2026-09-26T02:49:18.623Z","operation":"track.transition","repository":"MemMachine/MemMachine","trackingVersion":"phase3-v1","from":"UNASSESSED","to":"WARM","reason":"first assessment: WARM because warm:pushedWithin30d&stars>=1000"}
{"ts":"2026-09-26T02:49:18.623Z","operation":"track.transition","repository":"MayDay-wpf/snow-cli","trackingVersion":"phase3-v1","from":"UNASSESSED","to":"WARM","reason":"first assessment: WARM because warm:pushedWithin30d&stars>=1000"}
{"ts":"2026-09-26T02:49:18.623Z","operation":"track.transition","repository":"JoasASantos/NeuroSploit","trackingVersion":"phase3-v1","from":"UNASSESSED","to":"WARM","reason":"first assessment: WARM because warm:pushedWithin30d&stars>=1000"}
{"ts":"2026-09-26T02:49:18.623Z","operation":"track.transition","repository":"control-theory/gonzo","trackingVersion":"phase3-v1","from":"UNASSESSED","to":"WARM","reason":"first assessment: WARM because warm:pushedWithin30d&stars>=1000"}
{"ts":"2026-09-26T02:49:18.623Z","operation":"track.transition","repository":"gcstr/dockform","trackingVersion":"phase3-v1","from":"UNASSESSED","to":"DORMANT","reason":"first assessment: DORMANT because dormant:no hot or warm rule passed"}
{"ts":"2026-09-26T02:49:18.623Z","operation":"track.transition","repository":"shinpr/mcp-image","trackingVersion":"phase3-v1","from":"UNASSESSED","to":"DORMANT","reason":"first assessment: DORMANT because dormant:no hot or warm rule passed"}
{"ts":"2026-09-26T02:49:18.623Z","operation":"track.transition","repository":"openstory-so/openstory","trackingVersion":"phase3-v1","from":"UNASSESSED","to":"DORMANT","reason":"first assessment: DORMANT because dormant:no hot or warm rule passed"}
{"ts":"2026-09-26T02:49:18.623Z","operation":"track.transition","repository":"Michael-A-Kuykendall/shimmy","trackingVersion":"phase3-v1","from":"UNASSESSED","to":"WARM","reason":"first assessment: WARM because warm:pushedWithin30d&stars>=1000"}
{"ts":"2026-09-26T02:49:18.623Z","operation":"track.transition","repository":"promptise-com/Foundry","trackingVersion":"phase3-v1","from":"UNASSESSED","to":"DORMANT","reason":"first assessment: DORMANT because dormant:no hot or warm rule passed"}
{"ts":"2026-09-26T02:49:18.623Z","operation":"track.transition","repository":"bethington/ghidra-mcp","trackingVersion":"phase3-v1","from":"UNASSESSED","to":"WARM","reason":"first assessment: WARM because warm:starsPerDay7d>=8, warm:starsPerDay30d>=8, warm:pushedWithin30d&stars>=1000"}
{"ts":"2026-09-26T02:49:18.623Z","operation":"track.transition","repository":"weitianxin/Awesome-Agentic-Reasoning","trackingVersion":"phase3-v1","from":"UNASSESSED","to":"WARM","reason":"first assessment: WARM because warm:pushedWithin30d&stars>=1000"}
{"ts":"2026-09-26T02:49:18.623Z","operation":"track.transition","repository":"markfulton/NanoBananaEditor","trackingVersion":"phase3-v1","from":"UNASSESSED","to":"DORMANT","reason":"first assessment: DORMANT because dormant:no hot or warm rule passed"}
{"ts":"2026-09-26T02:49:18.623Z","operation":"track.transition","repository":"devswarm-ai/devswarm","trackingVersion":"phase3-v1","from":"UNASSESSED","to":"DORMANT","reason":"first assessment: DORMANT because dormant:no hot or warm rule passed"}
{"ts":"2026-09-26T02:49:18.623Z","operation":"track.transition","repository":"Varietyz/Disciplined-AI-Software-Development","trackingVersion":"phase3-v1","from":"UNASSESSED","to":"DORMANT","reason":"first assessment: DORMANT because dormant:no hot or warm rule passed"}
{"ts":"2026-09-26T02:49:18.623Z","operation":"track.transition","repository":"houtini-ai/houtini-lm","trackingVersion":"phase3-v1","from":"UNASSESSED","to":"DORMANT","reason":"first assessment: DORMANT because dormant:no hot or warm rule passed"}
{"ts":"2026-09-26T02:49:18.623Z","operation":"track.transition","repository":"light-and-ray/Minimalistic-Comfy-Wrapper-WebUI","trackingVersion":"phase3-v1","from":"UNASSESSED","to":"DORMANT","reason":"first assessment: DORMANT because dormant:no hot or warm rule passed"}
{"ts":"2026-09-26T02:49:18.623Z","operation":"track.transition","repository":"dograh-hq/dograh","trackingVersion":"phase3-v1","from":"UNASSESSED","to":"WARM","reason":"first assessment: WARM because warm:pushedWithin30d&stars>=1000"}
{"ts":"2026-09-26T02:49:18.623Z","operation":"track.transition","repository":"HorizonWind2004/reconstruction-alignment","trackingVersion":"phase3-v1","from":"UNASSESSED","to":"DORMANT","reason":"first assessment: DORMANT because dormant:no hot or warm rule passed"}
{"ts":"2026-09-26T02:49:18.623Z","operation":"track.transition","repository":"open-mercato/open-mercato","trackingVersion":"phase3-v1","from":"UNASSESSED","to":"WARM","reason":"first assessment: WARM because warm:pushedWithin30d&stars>=1000"}
{"ts":"2026-09-26T02:49:18.623Z","operation":"track.transition","repository":"vllm-project/vllm-omni","trackingVersion":"phase3-v1","from":"UNASSESSED","to":"HOT","reason":"first assessment: HOT because hot:growthPercent7d>=1&growth7d>=100"}
{"ts":"2026-09-26T02:49:18.623Z","operation":"track.transition","repository":"jjyaoao/HelloAgents","trackingVersion":"phase3-v1","from":"UNASSESSED","to":"WARM","reason":"first assessment: WARM because warm:starsPerDay30d>=8, warm:pushedWithin30d&stars>=1000"}
{"ts":"2026-09-26T02:49:18.623Z","operation":"track.transition","repository":"kevinpbuckley/VibeUE","trackingVersion":"phase3-v1","from":"UNASSESSED","to":"DORMANT","reason":"first assessment: DORMANT because dormant:no hot or warm rule passed"}
{"ts":"2026-09-26T02:49:18.623Z","operation":"track.transition","repository":"homeassistant-ai/ha-mcp","trackingVersion":"phase3-v1","from":"UNASSESSED","to":"WARM","reason":"first assessment: WARM because warm:starsPerDay7d>=8, warm:starsPerDay30d>=8, warm:pushedWithin30d&stars>=1000"}
{"ts":"2026-09-26T02:49:18.623Z","operation":"track.transition","repository":"modu-ai/moai-adk","trackingVersion":"phase3-v1","from":"UNASSESSED","to":"WARM","reason":"first assessment: WARM because warm:pushedWithin30d&stars>=1000"}
{"ts":"2026-09-26T02:49:18.623Z","operation":"track.transition","repository":"EvolvingLMMs-Lab/LLaVA-OneVision-2","trackingVersion":"phase3-v1","from":"UNASSESSED","to":"WARM","reason":"first assessment: WARM because warm:pushedWithin30d&stars>=1000"}
{"ts":"2026-09-26T02:49:18.623Z","operation":"track.transition","repository":"microsoft/apm","trackingVersion":"phase3-v1","from":"UNASSESSED","to":"WARM","reason":"first assessment: WARM because warm:starsPerDay30d>=8, warm:pushedWithin30d&stars>=1000"}
{"ts":"2026-09-26T02:49:18.623Z","operation":"track.transition","repository":"iflytek/astron-agent","trackingVersion":"phase3-v1","from":"UNASSESSED","to":"WARM","reason":"first assessment: WARM because warm:pushedWithin30d&stars>=1000"}
{"ts":"2026-09-26T02:49:18.623Z","operation":"track.transition","repository":"agentic-box/memora","trackingVersion":"phase3-v1","from":"UNASSESSED","to":"DORMANT","reason":"first assessment: DORMANT because dormant:no hot or warm rule passed"}
{"ts":"2026-09-26T02:49:18.623Z","operation":"track.transition","repository":"lintsinghua/DeepAudit","trackingVersion":"phase3-v1","from":"UNASSESSED","to":"WARM","reason":"first assessment: WARM because warm:pushedWithin30d&stars>=1000"}
{"ts":"2026-09-26T02:49:18.623Z","operation":"track.transition","repository":"henrydaum/second-brain","trackingVersion":"phase3-v1","from":"UNASSESSED","to":"DORMANT","reason":"first assessment: DORMANT because dormant:no hot or warm rule passed"}
{"ts":"2026-09-26T02:49:18.623Z","operation":"track.transition","repository":"JerryZLiu/Dayflow","trackingVersion":"phase3-v1","from":"UNASSESSED","to":"WARM","reason":"first assessment: WARM because warm:starsPerDay30d>=8, warm:pushedWithin30d&stars>=1000"}
{"ts":"2026-09-26T02:49:18.623Z","operation":"track.transition","repository":"agentscope-ai/agentscope-java","trackingVersion":"phase3-v1","from":"UNASSESSED","to":"WARM","reason":"first assessment: WARM because warm:starsPerDay7d>=8, warm:starsPerDay30d>=8, warm:pushedWithin30d&stars>=1000"}
{"ts":"2026-09-26T02:49:18.623Z","operation":"track.transition","repository":"NVlabs/OmniVinci","trackingVersion":"phase3-v1","from":"UNASSESSED","to":"DORMANT","reason":"first assessment: DORMANT because dormant:no hot or warm rule passed"}
{"ts":"2026-09-26T02:49:18.623Z","operation":"track.transition","repository":"namastack/namastack-outbox","trackingVersion":"phase3-v1","from":"UNASSESSED","to":"DORMANT","reason":"first assessment: DORMANT because dormant:no hot or warm rule passed"}
{"ts":"2026-09-26T02:49:18.623Z","operation":"track.transition","repository":"PikoCI/pikoci","trackingVersion":"phase3-v1","from":"UNASSESSED","to":"DORMANT","reason":"first assessment: DORMANT because dormant:no hot or warm rule passed"}
{"ts":"2026-09-26T02:49:18.623Z","operation":"track.transition","repository":"frontman-ai/frontman","trackingVersion":"phase3-v1","from":"UNASSESSED","to":"DORMANT","reason":"first assessment: DORMANT because dormant:no hot or warm rule passed"}
{"ts":"2026-09-26T02:49:18.623Z","operation":"track.transition","repository":"maziyarpanahi/openmed","trackingVersion":"phase3-v1","from":"UNASSESSED","to":"WARM","reason":"first assessment: WARM because warm:pushedWithin30d&stars>=1000"}
{"ts":"2026-09-26T02:49:18.623Z","operation":"track.transition","repository":"preset-io/agor","trackingVersion":"phase3-v1","from":"UNASSESSED","to":"WARM","reason":"first assessment: WARM because warm:pushedWithin30d&stars>=1000"}
{"ts":"2026-09-26T02:49:18.623Z","operation":"track.transition","repository":"alpic-ai/skybridge","trackingVersion":"phase3-v1","from":"UNASSESSED","to":"WARM","reason":"first assessment: WARM because warm:pushedWithin30d&stars>=1000"}
{"ts":"2026-09-26T02:49:18.623Z","operation":"track.transition","repository":"TanStack/ai","trackingVersion":"phase3-v1","from":"UNASSESSED","to":"WARM","reason":"first assessment: WARM because warm:pushedWithin30d&stars>=1000"}
{"ts":"2026-09-26T02:49:18.623Z","operation":"track.transition","repository":"xlang-ai/OSWorld-V2","trackingVersion":"phase3-v1","from":"UNASSESSED","to":"DORMANT","reason":"first assessment: DORMANT because dormant:no hot or warm rule passed"}
{"ts":"2026-09-26T02:49:18.623Z","operation":"track.transition","repository":"ruc-datalab/DeepAnalyze","trackingVersion":"phase3-v1","from":"UNASSESSED","to":"WARM","reason":"first assessment: WARM because warm:pushedWithin30d&stars>=1000"}
{"ts":"2026-09-26T02:49:18.623Z","operation":"track.transition","repository":"asdfghj1237890/WebVideo2NAS","trackingVersion":"phase3-v1","from":"UNASSESSED","to":"WARM","reason":"first assessment: WARM because warm:pushedWithin30d&stars>=1000"}
{"ts":"2026-09-26T02:49:18.623Z","operation":"track.transition","repository":"getpaseo/paseo","trackingVersion":"phase3-v1","from":"UNASSESSED","to":"HOT","reason":"first assessment: HOT because hot:starsPerDay7d>=80, hot:growthPercent7d>=1&growth7d>=100"}
{"ts":"2026-09-26T02:49:18.623Z","operation":"track.transition","repository":"GiovanniPasq/agentic-rag-for-dummies","trackingVersion":"phase3-v1","from":"UNASSESSED","to":"WARM","reason":"first assessment: WARM because warm:pushedWithin30d&stars>=1000"}
{"ts":"2026-09-26T02:49:18.623Z","operation":"track.transition","repository":"codeaholicguy/ai-devkit","trackingVersion":"phase3-v1","from":"UNASSESSED","to":"WARM","reason":"first assessment: WARM because warm:pushedWithin30d&stars>=1000"}
{"ts":"2026-09-26T02:49:18.623Z","operation":"track.transition","repository":"tractorjuice/arc-kit","trackingVersion":"phase3-v1","from":"UNASSESSED","to":"WARM","reason":"first assessment: WARM because warm:pushedWithin30d&stars>=1000"}
{"ts":"2026-09-26T02:49:18.623Z","operation":"track.transition","repository":"corsairdev/corsair","trackingVersion":"phase3-v1","from":"UNASSESSED","to":"HOT","reason":"first assessment: HOT because hot:starsPerDay7d>=80, hot:growthPercent7d>=1&growth7d>=100"}
{"ts":"2026-09-26T02:49:18.623Z","operation":"track.transition","repository":"yusufkaraaslan/Skill_Seekers","trackingVersion":"phase3-v1","from":"UNASSESSED","to":"WARM","reason":"first assessment: WARM because warm:pushedWithin30d&stars>=1000"}
{"ts":"2026-09-26T02:49:18.623Z","operation":"track.transition","repository":"skye-harris/hass_local_openai_llm","trackingVersion":"phase3-v1","from":"UNASSESSED","to":"DORMANT","reason":"first assessment: DORMANT because dormant:no hot or warm rule passed"}
{"ts":"2026-09-26T02:49:18.623Z","operation":"track.transition","repository":"maxritter/pilot-shell","trackingVersion":"phase3-v1","from":"UNASSESSED","to":"WARM","reason":"first assessment: WARM because warm:pushedWithin30d&stars>=1000"}
{"ts":"2026-09-26T02:49:18.623Z","operation":"track.transition","repository":"kaifcodec/user-scanner","trackingVersion":"phase3-v1","from":"UNASSESSED","to":"WARM","reason":"first assessment: WARM because warm:starsPerDay7d>=8, warm:starsPerDay30d>=8, warm:pushedWithin30d&stars>=1000"}
{"ts":"2026-09-26T02:49:18.623Z","operation":"track.transition","repository":"sbroenne/mcp-server-excel","trackingVersion":"phase3-v1","from":"UNASSESSED","to":"DORMANT","reason":"first assessment: DORMANT because dormant:no hot or warm rule passed"}
{"ts":"2026-09-26T02:49:18.623Z","operation":"track.transition","repository":"CaviraOSS/LongMemory","trackingVersion":"phase3-v1","from":"UNASSESSED","to":"WARM","reason":"first assessment: WARM because warm:pushedWithin30d&stars>=1000"}
{"ts":"2026-09-26T02:49:18.623Z","operation":"track.transition","repository":"superset-sh/superset","trackingVersion":"phase3-v1","from":"UNASSESSED","to":"HOT","reason":"first assessment: HOT because hot:growthPercent7d>=1&growth7d>=100"}
{"ts":"2026-09-26T02:49:18.623Z","operation":"track.transition","repository":"gotempsh/temps","trackingVersion":"phase3-v1","from":"UNASSESSED","to":"DORMANT","reason":"first assessment: DORMANT because dormant:no hot or warm rule passed"}
{"ts":"2026-09-26T02:49:18.623Z","operation":"track.transition","repository":"AkaliKong/MiniOneRec","trackingVersion":"phase3-v1","from":"UNASSESSED","to":"WARM","reason":"first assessment: WARM because warm:pushedWithin30d&stars>=1000"}
{"ts":"2026-09-26T02:49:18.623Z","operation":"track.transition","repository":"platform-engineering-labs/formae","trackingVersion":"phase3-v1","from":"UNASSESSED","to":"DORMANT","reason":"first assessment: DORMANT because dormant:no hot or warm rule passed"}
{"ts":"2026-09-26T02:49:18.623Z","operation":"track.transition","repository":"neopen/story-shot-agent","trackingVersion":"phase3-v1","from":"UNASSESSED","to":"DORMANT","reason":"first assessment: DORMANT because dormant:no hot or warm rule passed"}
{"ts":"2026-09-26T02:49:18.623Z","operation":"track.transition","repository":"lemony-ai/cascadeflow","trackingVersion":"phase3-v1","from":"UNASSESSED","to":"WARM","reason":"first assessment: WARM because warm:pushedWithin30d&stars>=1000"}
{"ts":"2026-09-26T02:49:18.623Z","operation":"track.transition","repository":"lich0821/ccNexus","trackingVersion":"phase3-v1","from":"UNASSESSED","to":"DORMANT","reason":"first assessment: DORMANT because dormant:no hot or warm rule passed"}
{"ts":"2026-09-26T02:49:18.623Z","operation":"track.transition","repository":"levnikolaevich/claude-code-skills","trackingVersion":"phase3-v1","from":"UNASSESSED","to":"DORMANT","reason":"first assessment: DORMANT because dormant:no hot or warm rule passed"}
{"ts":"2026-09-26T02:49:18.623Z","operation":"track.transition","repository":"SeemSeam/claude_codex_bridge","trackingVersion":"phase3-v1","from":"UNASSESSED","to":"WARM","reason":"first assessment: WARM because warm:pushedWithin30d&stars>=1000"}
{"ts":"2026-09-26T02:49:18.623Z","operation":"track.transition","repository":"avivsinai/bitbucket-cli","trackingVersion":"phase3-v1","from":"UNASSESSED","to":"DORMANT","reason":"first assessment: DORMANT because dormant:no hot or warm rule passed"}
{"ts":"2026-09-26T02:49:18.623Z","operation":"track.transition","repository":"SATYAM-PRATIBHAN/arcmindAI","trackingVersion":"phase3-v1","from":"UNASSESSED","to":"DORMANT","reason":"first assessment: DORMANT because dormant:no hot or warm rule passed"}
{"ts":"2026-09-26T02:49:18.623Z","operation":"track.transition","repository":"EverMind-AI/EverOS","trackingVersion":"phase3-v1","from":"UNASSESSED","to":"WARM","reason":"first assessment: WARM because warm:starsPerDay7d>=8, warm:starsPerDay30d>=8, warm:pushedWithin30d&stars>=1000"}
{"ts":"2026-09-26T02:49:18.623Z","operation":"track.transition","repository":"mohammadtavakoli78/BEAM","trackingVersion":"phase3-v1","from":"UNASSESSED","to":"DORMANT","reason":"first assessment: DORMANT because dormant:no hot or warm rule passed"}
{"ts":"2026-09-26T02:49:18.623Z","operation":"track.transition","repository":"jjiantong/Awesome-KV-Cache-Optimization","trackingVersion":"phase3-v1","from":"UNASSESSED","to":"DORMANT","reason":"first assessment: DORMANT because dormant:no hot or warm rule passed"}
{"ts":"2026-09-26T02:49:18.623Z","operation":"track.transition","repository":"hcavarsan/pipedash","trackingVersion":"phase3-v1","from":"UNASSESSED","to":"WARM","reason":"first assessment: WARM because warm:pushedWithin30d&stars>=1000"}
{"ts":"2026-09-26T02:49:18.623Z","operation":"track.transition","repository":"stormkit-io/stormkit-io","trackingVersion":"phase3-v1","from":"UNASSESSED","to":"DORMANT","reason":"first assessment: DORMANT because dormant:no hot or warm rule passed"}
{"ts":"2026-09-26T02:49:18.623Z","operation":"track.transition","repository":"Agent-Field/agentfield","trackingVersion":"phase3-v1","from":"UNASSESSED","to":"WARM","reason":"first assessment: WARM because warm:pushedWithin30d&stars>=1000"}
{"ts":"2026-09-26T02:49:18.623Z","operation":"track.transition","repository":"mr-karan/hodor","trackingVersion":"phase3-v1","from":"UNASSESSED","to":"DORMANT","reason":"first assessment: DORMANT because dormant:no hot or warm rule passed"}
{"ts":"2026-09-26T02:49:18.623Z","operation":"track.transition","repository":"mlx-node/mlx-node","trackingVersion":"phase3-v1","from":"UNASSESSED","to":"DORMANT","reason":"first assessment: DORMANT because dormant:no hot or warm rule passed"}
{"ts":"2026-09-26T02:49:18.623Z","operation":"track.transition","repository":"CarterPerez-dev/Cybersecurity-Projects","trackingVersion":"phase3-v1","from":"UNASSESSED","to":"HOT","reason":"first assessment: HOT because hot:growthPercent7d>=1&growth7d>=100"}
{"ts":"2026-09-26T02:49:18.623Z","operation":"track.transition","repository":"hepengju/redis-me","trackingVersion":"phase3-v1","from":"UNASSESSED","to":"DORMANT","reason":"first assessment: DORMANT because dormant:no hot or warm rule passed"}
{"ts":"2026-09-26T02:49:18.623Z","operation":"track.transition","repository":"unhappychoice/gitlogue","trackingVersion":"phase3-v1","from":"UNASSESSED","to":"WARM","reason":"first assessment: WARM because warm:pushedWithin30d&stars>=1000"}
{"ts":"2026-09-26T02:49:18.623Z","operation":"track.transition","repository":"marcusquinn/aidevops","trackingVersion":"phase3-v1","from":"UNASSESSED","to":"DORMANT","reason":"first assessment: DORMANT because dormant:no hot or warm rule passed"}
{"ts":"2026-09-26T02:49:18.623Z","operation":"track.transition","repository":"vicanso/zedis","trackingVersion":"phase3-v1","from":"UNASSESSED","to":"WARM","reason":"first assessment: WARM because warm:pushedWithin30d&stars>=1000"}
{"ts":"2026-09-26T02:49:18.623Z","operation":"track.transition","repository":"869413421/ai-moive-studio","trackingVersion":"phase3-v1","from":"UNASSESSED","to":"WARM","reason":"first assessment: WARM because warm:starsPerDay7d>=8, warm:pushedWithin30d&stars>=1000"}
{"ts":"2026-09-26T02:49:18.623Z","operation":"track.transition","repository":"defilantech/LLMKube","trackingVersion":"phase3-v1","from":"UNASSESSED","to":"DORMANT","reason":"first assessment: DORMANT because dormant:no hot or warm rule passed"}
{"ts":"2026-09-26T02:49:18.623Z","operation":"track.transition","repository":"David-Crty/databasement","trackingVersion":"phase3-v1","from":"UNASSESSED","to":"WARM","reason":"first assessment: WARM because warm:starsPerDay30d>=8, warm:pushedWithin30d&stars>=1000"}
{"ts":"2026-09-26T02:49:18.623Z","operation":"track.transition","repository":"logtide-dev/logtide","trackingVersion":"phase3-v1","from":"UNASSESSED","to":"DORMANT","reason":"first assessment: DORMANT because dormant:no hot or warm rule passed"}
{"ts":"2026-09-26T02:49:18.623Z","operation":"track.transition","repository":"Dancode-188/synckit","trackingVersion":"phase3-v1","from":"UNASSESSED","to":"DORMANT","reason":"first assessment: DORMANT because dormant:no hot or warm rule passed"}
{"ts":"2026-09-26T02:49:18.623Z","operation":"track.transition","repository":"vargHQ/sdk","trackingVersion":"phase3-v1","from":"UNASSESSED","to":"DORMANT","reason":"first assessment: DORMANT because dormant:no hot or warm rule passed"}
{"ts":"2026-09-26T02:49:18.623Z","operation":"track.transition","repository":"tradecatlabs/vibe-coding-cn","trackingVersion":"phase3-v1","from":"UNASSESSED","to":"WARM","reason":"first assessment: WARM because warm:starsPerDay7d>=8, warm:starsPerDay30d>=8, warm:pushedWithin30d&stars>=1000"}
{"ts":"2026-09-26T02:49:18.623Z","operation":"track.transition","repository":"RunMaestro/Maestro","trackingVersion":"phase3-v1","from":"UNASSESSED","to":"WARM","reason":"first assessment: WARM because warm:pushedWithin30d&stars>=1000"}
{"ts":"2026-09-26T02:49:18.623Z","operation":"track.transition","repository":"itwanger/PaiAgent","trackingVersion":"phase3-v1","from":"UNASSESSED","to":"DORMANT","reason":"first assessment: DORMANT because dormant:no hot or warm rule passed"}
{"ts":"2026-09-26T02:49:18.623Z","operation":"track.transition","repository":"shining-stars-l/javaup","trackingVersion":"phase3-v1","from":"UNASSESSED","to":"DORMANT","reason":"first assessment: DORMANT because dormant:no hot or warm rule passed"}
{"ts":"2026-09-26T02:49:18.623Z","operation":"track.transition","repository":"Cocolalilal/LastChat","trackingVersion":"phase3-v1","from":"UNASSESSED","to":"DORMANT","reason":"first assessment: DORMANT because dormant:no hot or warm rule passed"}
{"ts":"2026-09-26T02:49:18.623Z","operation":"track.transition","repository":"ykdojo/claude-code-tips","trackingVersion":"phase3-v1","from":"UNASSESSED","to":"WARM","reason":"first assessment: WARM because warm:pushedWithin30d&stars>=1000"}
{"ts":"2026-09-26T02:49:18.623Z","operation":"track.transition","repository":"skygazer42/MimirQ","trackingVersion":"phase3-v1","from":"UNASSESSED","to":"DORMANT","reason":"first assessment: DORMANT because dormant:no hot or warm rule passed"}
{"ts":"2026-09-26T02:49:18.623Z","operation":"track.transition","repository":"DeepMyst/Mysti","trackingVersion":"phase3-v1","from":"UNASSESSED","to":"WARM","reason":"first assessment: WARM because warm:pushedWithin30d&stars>=1000"}
{"ts":"2026-09-26T02:49:18.623Z","operation":"track.transition","repository":"LingFrame/LingFrame","trackingVersion":"phase3-v1","from":"UNASSESSED","to":"DORMANT","reason":"first assessment: DORMANT because dormant:no hot or warm rule passed"}
{"ts":"2026-09-26T02:49:18.623Z","operation":"track.transition","repository":"Fast-Editor/Lynkr","trackingVersion":"phase3-v1","from":"UNASSESSED","to":"DORMANT","reason":"first assessment: DORMANT because dormant:no hot or warm rule passed"}
{"ts":"2026-09-26T02:49:18.623Z","operation":"track.transition","repository":"iconben/z-image-studio","trackingVersion":"phase3-v1","from":"UNASSESSED","to":"DORMANT","reason":"first assessment: DORMANT because dormant:no hot or warm rule passed"}
{"ts":"2026-09-26T02:49:18.623Z","operation":"track.transition","repository":"jonathan-vella/apex","trackingVersion":"phase3-v1","from":"UNASSESSED","to":"DORMANT","reason":"first assessment: DORMANT because dormant:no hot or warm rule passed"}
{"ts":"2026-09-26T02:49:18.623Z","operation":"track.transition","repository":"SanMuzZzZz/LuaN1aoAgent","trackingVersion":"phase3-v1","from":"UNASSESSED","to":"WARM","reason":"first assessment: WARM because warm:pushedWithin30d&stars>=1000"}
{"ts":"2026-09-26T02:49:18.623Z","operation":"track.transition","repository":"TeleAI-UAGI/telemem","trackingVersion":"phase3-v1","from":"UNASSESSED","to":"DORMANT","reason":"first assessment: DORMANT because dormant:no hot or warm rule passed"}
{"ts":"2026-09-26T02:49:18.623Z","operation":"track.transition","repository":"WuMingDao/zenith-image-generator","trackingVersion":"phase3-v1","from":"UNASSESSED","to":"DORMANT","reason":"first assessment: DORMANT because dormant:no hot or warm rule passed"}
{"ts":"2026-09-26T02:49:18.623Z","operation":"track.transition","repository":"alibaba/zvec","trackingVersion":"phase3-v1","from":"UNASSESSED","to":"WARM","reason":"first assessment: WARM because warm:starsPerDay30d>=8, warm:pushedWithin30d&stars>=1000"}
{"ts":"2026-09-26T02:49:18.623Z","operation":"track.transition","repository":"ENTERPILOT/GoModel","trackingVersion":"phase3-v1","from":"UNASSESSED","to":"WARM","reason":"first assessment: WARM because warm:pushedWithin30d&stars>=1000"}
{"ts":"2026-09-26T02:49:18.623Z","operation":"track.transition","repository":"orneryd/NornicDB","trackingVersion":"phase3-v1","from":"UNASSESSED","to":"DORMANT","reason":"first assessment: DORMANT because dormant:no hot or warm rule passed"}
{"ts":"2026-09-26T02:49:18.623Z","operation":"track.transition","repository":"waybarrios/vllm-mlx","trackingVersion":"phase3-v1","from":"UNASSESSED","to":"WARM","reason":"first assessment: WARM because warm:pushedWithin30d&stars>=1000"}
{"ts":"2026-09-26T02:49:18.623Z","operation":"track.transition","repository":"apify/mcpc","trackingVersion":"phase3-v1","from":"UNASSESSED","to":"DORMANT","reason":"first assessment: DORMANT because dormant:no hot or warm rule passed"}
{"ts":"2026-09-26T02:49:18.623Z","operation":"track.transition","repository":"TheDuffman85/crowdsec-web-ui","trackingVersion":"phase3-v1","from":"UNASSESSED","to":"DORMANT","reason":"first assessment: DORMANT because dormant:no hot or warm rule passed"}
{"ts":"2026-09-26T02:49:18.623Z","operation":"track.transition","repository":"m0n0x41d/haft","trackingVersion":"phase3-v1","from":"UNASSESSED","to":"WARM","reason":"first assessment: WARM because warm:pushedWithin30d&stars>=1000"}
{"ts":"2026-09-26T02:49:18.623Z","operation":"track.transition","repository":"suhaibbinyounis/github-copilot-api-vscode","trackingVersion":"phase3-v1","from":"UNASSESSED","to":"DORMANT","reason":"first assessment: DORMANT because dormant:no hot or warm rule passed"}
{"ts":"2026-09-26T02:49:18.623Z","operation":"track.transition","repository":"autohandai/code-cli","trackingVersion":"phase3-v1","from":"UNASSESSED","to":"DORMANT","reason":"first assessment: DORMANT because dormant:no hot or warm rule passed"}
{"ts":"2026-09-26T02:49:18.623Z","operation":"track.transition","repository":"Maxteabag/sqlit","trackingVersion":"phase3-v1","from":"UNASSESSED","to":"WARM","reason":"first assessment: WARM because warm:pushedWithin30d&stars>=1000"}
{"ts":"2026-09-26T02:49:18.623Z","operation":"track.transition","repository":"hybridops-tech/terraform-proxmox-sdn","trackingVersion":"phase3-v1","from":"UNASSESSED","to":"DORMANT","reason":"first assessment: DORMANT because dormant:no hot or warm rule passed"}
{"ts":"2026-09-26T02:49:18.623Z","operation":"track.transition","repository":"oocx/tfplan2md","trackingVersion":"phase3-v1","from":"UNASSESSED","to":"DORMANT","reason":"first assessment: DORMANT because dormant:no hot or warm rule passed"}
{"ts":"2026-09-26T02:49:18.623Z","operation":"track.transition","repository":"aleksandarskrbic/khaos","trackingVersion":"phase3-v1","from":"UNASSESSED","to":"DORMANT","reason":"first assessment: DORMANT because dormant:no hot or warm rule passed"}
{"ts":"2026-09-26T02:49:18.623Z","operation":"track.transition","repository":"productdevbook/port-killer","trackingVersion":"phase3-v1","from":"UNASSESSED","to":"WARM","reason":"first assessment: WARM because warm:pushedWithin30d&stars>=1000"}
{"ts":"2026-09-26T02:49:18.623Z","operation":"track.transition","repository":"happier-dev/happier","trackingVersion":"phase3-v1","from":"UNASSESSED","to":"WARM","reason":"first assessment: WARM because warm:pushedWithin30d&stars>=1000"}
{"ts":"2026-09-26T02:49:18.623Z","operation":"track.transition","repository":"TableProApp/TablePro","trackingVersion":"phase3-v1","from":"UNASSESSED","to":"WARM","reason":"first assessment: WARM because warm:starsPerDay7d>=8, warm:starsPerDay30d>=8, warm:pushedWithin30d&stars>=1000"}
{"ts":"2026-09-26T02:49:18.623Z","operation":"track.transition","repository":"dsphper/lanhu-mcp","trackingVersion":"phase3-v1","from":"UNASSESSED","to":"WARM","reason":"first assessment: WARM because warm:pushedWithin30d&stars>=1000"}
{"ts":"2026-09-26T02:49:18.623Z","operation":"track.transition","repository":"opensandbox-group/OpenSandbox","trackingVersion":"phase3-v1","from":"UNASSESSED","to":"WARM","reason":"first assessment: WARM because warm:starsPerDay7d>=8, warm:starsPerDay30d>=8, warm:pushedWithin30d&stars>=1000"}
{"ts":"2026-09-26T02:49:18.623Z","operation":"track.transition","repository":"hex/claude-council","trackingVersion":"phase3-v1","from":"UNASSESSED","to":"DORMANT","reason":"first assessment: DORMANT because dormant:no hot or warm rule passed"}
{"ts":"2026-09-26T02:49:18.623Z","operation":"track.transition","repository":"Yigtwxx/awesome-rag-production","trackingVersion":"phase3-v1","from":"UNASSESSED","to":"DORMANT","reason":"first assessment: DORMANT because dormant:no hot or warm rule passed"}
{"ts":"2026-09-26T02:49:18.623Z","operation":"track.transition","repository":"chrisryugj/korean-law-mcp","trackingVersion":"phase3-v1","from":"UNASSESSED","to":"WARM","reason":"first assessment: WARM because warm:pushedWithin30d&stars>=1000"}
{"ts":"2026-09-26T02:49:18.623Z","operation":"track.transition","repository":"Artexis10/endstate","trackingVersion":"phase3-v1","from":"UNASSESSED","to":"DORMANT","reason":"first assessment: DORMANT because dormant:no hot or warm rule passed"}
{"ts":"2026-09-26T02:49:18.624Z","operation":"track.transition","repository":"SyntheticAutonomicMind/SAM","trackingVersion":"phase3-v1","from":"UNASSESSED","to":"DORMANT","reason":"first assessment: DORMANT because dormant:no hot or warm rule passed"}
{"ts":"2026-09-26T02:49:18.624Z","operation":"track.transition","repository":"tobilg/ai-observer","trackingVersion":"phase3-v1","from":"UNASSESSED","to":"DORMANT","reason":"first assessment: DORMANT because dormant:no hot or warm rule passed"}
{"ts":"2026-09-26T02:49:18.624Z","operation":"track.transition","repository":"fabriqaai/specs.md","trackingVersion":"phase3-v1","from":"UNASSESSED","to":"DORMANT","reason":"first assessment: DORMANT because dormant:no hot or warm rule passed"}
{"ts":"2026-09-26T02:49:18.624Z","operation":"track.transition","repository":"Scottcjn/llama-cpp-power8","trackingVersion":"phase3-v1","from":"UNASSESSED","to":"DORMANT","reason":"first assessment: DORMANT because dormant:no hot or warm rule passed"}
{"ts":"2026-09-26T02:49:18.624Z","operation":"track.transition","repository":"asklokesh/loki-mode","trackingVersion":"phase3-v1","from":"UNASSESSED","to":"WARM","reason":"first assessment: WARM because warm:pushedWithin30d&stars>=1000"}
{"ts":"2026-09-26T02:49:18.624Z","operation":"track.transition","repository":"GRCEngClub/claude-grc-engineering","trackingVersion":"phase3-v1","from":"UNASSESSED","to":"DORMANT","reason":"first assessment: DORMANT because dormant:no hot or warm rule passed"}
{"ts":"2026-09-26T02:49:18.624Z","operation":"track.transition","repository":"alinaqi/maggy","trackingVersion":"phase3-v1","from":"UNASSESSED","to":"DORMANT","reason":"first assessment: DORMANT because dormant:no hot or warm rule passed"}
{"ts":"2026-09-26T02:49:18.624Z","operation":"track.transition","repository":"nicobailon/surf-cli","trackingVersion":"phase3-v1","from":"UNASSESSED","to":"DORMANT","reason":"first assessment: DORMANT because dormant:no hot or warm rule passed"}
{"ts":"2026-09-26T02:49:18.624Z","operation":"track.transition","repository":"Finsys/dockhand","trackingVersion":"phase3-v1","from":"UNASSESSED","to":"HOT","reason":"first assessment: HOT because hot:growthPercent7d>=1&growth7d>=100"}
{"ts":"2026-09-26T02:49:18.624Z","operation":"track.transition","repository":"samugit83/redamon","trackingVersion":"phase3-v1","from":"UNASSESSED","to":"HOT","reason":"first assessment: HOT because hot:growthPercent7d>=1&growth7d>=100"}
{"ts":"2026-09-26T02:49:18.624Z","operation":"track.transition","repository":"BetterDB-inc/monitor","trackingVersion":"phase3-v1","from":"UNASSESSED","to":"WARM","reason":"first assessment: WARM because warm:pushedWithin30d&stars>=1000"}
{"ts":"2026-09-26T02:49:18.624Z","operation":"track.transition","repository":"Microck/opencode-studio","trackingVersion":"phase3-v1","from":"UNASSESSED","to":"DORMANT","reason":"first assessment: DORMANT because dormant:no hot or warm rule passed"}
{"ts":"2026-09-26T02:49:18.624Z","operation":"track.transition","repository":"SamurAIGPT/Vibe-Workflow","trackingVersion":"phase3-v1","from":"UNASSESSED","to":"DORMANT","reason":"first assessment: DORMANT because dormant:no hot or warm rule passed"}
{"ts":"2026-09-26T02:49:18.624Z","operation":"track.transition","repository":"100NikhilBro/backend-engineering-foundations","trackingVersion":"phase3-v1","from":"UNASSESSED","to":"DORMANT","reason":"first assessment: DORMANT because dormant:no hot or warm rule passed"}
{"ts":"2026-09-26T02:49:18.624Z","operation":"track.transition","repository":"notadev-iamaura/OneRAG","trackingVersion":"phase3-v1","from":"UNASSESSED","to":"DORMANT","reason":"first assessment: DORMANT because dormant:no hot or warm rule passed"}
{"ts":"2026-09-26T02:49:18.624Z","operation":"track.transition","repository":"huarangmeng/latex","trackingVersion":"phase3-v1","from":"UNASSESSED","to":"DORMANT","reason":"first assessment: DORMANT because dormant:no hot or warm rule passed"}
{"ts":"2026-09-26T02:49:18.624Z","operation":"track.transition","repository":"tetherto/qvac","trackingVersion":"phase3-v1","from":"UNASSESSED","to":"DORMANT","reason":"first assessment: DORMANT because dormant:no hot or warm rule passed"}
{"ts":"2026-09-26T02:49:18.624Z","operation":"track.transition","repository":"Snailclimb/interview-guide","trackingVersion":"phase3-v1","from":"UNASSESSED","to":"WARM","reason":"first assessment: WARM because warm:pushedWithin30d&stars>=1000"}
{"ts":"2026-09-26T02:49:18.624Z","operation":"track.transition","repository":"1jehuang/jcode","trackingVersion":"phase3-v1","from":"UNASSESSED","to":"HOT","reason":"first assessment: HOT because hot:growthPercent7d>=1&growth7d>=100"}
{"ts":"2026-09-26T02:49:18.624Z","operation":"track.transition","repository":"vercel-labs/opensrc","trackingVersion":"phase3-v1","from":"UNASSESSED","to":"WARM","reason":"first assessment: WARM because warm:pushedWithin30d&stars>=1000"}
{"ts":"2026-09-26T02:49:18.624Z","operation":"track.transition","repository":"sgl-project/sglang-omni","trackingVersion":"phase3-v1","from":"UNASSESSED","to":"WARM","reason":"first assessment: WARM because warm:starsPerDay30d>=8, warm:pushedWithin30d&stars>=1000"}
{"ts":"2026-09-26T02:49:18.624Z","operation":"track.transition","repository":"open-telemetry/opentelemetry-kotlin","trackingVersion":"phase3-v1","from":"UNASSESSED","to":"DORMANT","reason":"first assessment: DORMANT because dormant:no hot or warm rule passed"}
{"ts":"2026-09-26T02:49:18.624Z","operation":"track.transition","repository":"matrixhub-ai/matrixhub","trackingVersion":"phase3-v1","from":"UNASSESSED","to":"DORMANT","reason":"first assessment: DORMANT because dormant:no hot or warm rule passed"}
{"ts":"2026-09-26T02:49:18.624Z","operation":"track.transition","repository":"james-see/ltx-video-mac","trackingVersion":"phase3-v1","from":"UNASSESSED","to":"DORMANT","reason":"first assessment: DORMANT because dormant:no hot or warm rule passed"}
{"ts":"2026-09-26T02:49:18.624Z","operation":"track.transition","repository":"FlorianBruniaux/claude-code-ultimate-guide","trackingVersion":"phase3-v1","from":"UNASSESSED","to":"WARM","reason":"first assessment: WARM because warm:pushedWithin30d&stars>=1000"}
{"ts":"2026-09-26T02:49:18.624Z","operation":"track.transition","repository":"agent-of-empires/agent-of-empires","trackingVersion":"phase3-v1","from":"UNASSESSED","to":"WARM","reason":"first assessment: WARM because warm:pushedWithin30d&stars>=1000"}
{"ts":"2026-09-26T02:49:18.624Z","operation":"track.transition","repository":"cortex-tms/cortex-tms","trackingVersion":"phase3-v1","from":"UNASSESSED","to":"DORMANT","reason":"first assessment: DORMANT because dormant:no hot or warm rule passed"}
{"ts":"2026-09-26T02:49:18.624Z","operation":"track.transition","repository":"open-constructs/cdk-terrain","trackingVersion":"phase3-v1","from":"UNASSESSED","to":"DORMANT","reason":"first assessment: DORMANT because dormant:no hot or warm rule passed"}
{"ts":"2026-09-26T02:49:18.624Z","operation":"track.transition","repository":"Epistates/pmetal","trackingVersion":"phase3-v1","from":"UNASSESSED","to":"DORMANT","reason":"first assessment: DORMANT because dormant:no hot or warm rule passed"}
{"ts":"2026-09-26T02:49:18.624Z","operation":"track.transition","repository":"praetorian-inc/julius","trackingVersion":"phase3-v1","from":"UNASSESSED","to":"DORMANT","reason":"first assessment: DORMANT because dormant:no hot or warm rule passed"}
{"ts":"2026-09-26T02:49:18.624Z","operation":"track.transition","repository":"Tracer-Cloud/opensre","trackingVersion":"phase3-v1","from":"UNASSESSED","to":"WARM","reason":"first assessment: WARM because warm:starsPerDay7d>=8, warm:starsPerDay30d>=8, warm:pushedWithin30d&stars>=1000"}
{"ts":"2026-09-26T02:49:18.624Z","operation":"track.transition","repository":"OpenCoworkAI/open-cowork","trackingVersion":"phase3-v1","from":"UNASSESSED","to":"WARM","reason":"first assessment: WARM because warm:pushedWithin30d&stars>=1000"}
{"ts":"2026-09-26T02:49:18.624Z","operation":"track.transition","repository":"bitwize-music-studio/claude-ai-music-skills","trackingVersion":"phase3-v1","from":"UNASSESSED","to":"DORMANT","reason":"first assessment: DORMANT because dormant:no hot or warm rule passed"}
{"ts":"2026-09-26T02:49:18.624Z","operation":"track.transition","repository":"Q00/ouroboros","trackingVersion":"phase3-v1","from":"UNASSESSED","to":"WARM","reason":"first assessment: WARM because warm:starsPerDay7d>=8, warm:starsPerDay30d>=8, warm:pushedWithin30d&stars>=1000"}
{"ts":"2026-09-26T02:49:18.624Z","operation":"track.transition","repository":"nyldn/claude-octopus","trackingVersion":"phase3-v1","from":"UNASSESSED","to":"WARM","reason":"first assessment: WARM because warm:pushedWithin30d&stars>=1000"}
{"ts":"2026-09-26T02:49:18.624Z","operation":"track.transition","repository":"agent-sh/agentsys","trackingVersion":"phase3-v1","from":"UNASSESSED","to":"DORMANT","reason":"first assessment: DORMANT because dormant:no hot or warm rule passed"}
{"ts":"2026-09-26T02:49:18.624Z","operation":"track.transition","repository":"HoangNguyen0403/agent-skills-standard","trackingVersion":"phase3-v1","from":"UNASSESSED","to":"DORMANT","reason":"first assessment: DORMANT because dormant:no hot or warm rule passed"}
{"ts":"2026-09-26T02:49:18.624Z","operation":"track.transition","repository":"alvinunreal/oh-my-opencode-slim","trackingVersion":"phase3-v1","from":"UNASSESSED","to":"HOT","reason":"first assessment: HOT because hot:growthPercent7d>=1&growth7d>=100"}
{"ts":"2026-09-26T02:49:18.624Z","operation":"track.transition","repository":"martin-rizzo/ComfyUI-ZImagePowerNodes","trackingVersion":"phase3-v1","from":"UNASSESSED","to":"DORMANT","reason":"first assessment: DORMANT because dormant:no hot or warm rule passed"}
{"ts":"2026-09-26T02:49:18.624Z","operation":"track.transition","repository":"devicelab-dev/maestro-runner","trackingVersion":"phase3-v1","from":"UNASSESSED","to":"DORMANT","reason":"first assessment: DORMANT because dormant:no hot or warm rule passed"}
{"ts":"2026-09-26T02:49:18.624Z","operation":"track.transition","repository":"nnnkkk7/lazyactions","trackingVersion":"phase3-v1","from":"UNASSESSED","to":"DORMANT","reason":"first assessment: DORMANT because dormant:no hot or warm rule passed"}
{"ts":"2026-09-26T02:49:18.624Z","operation":"track.transition","repository":"dadbodgeoff/drift","trackingVersion":"phase3-v1","from":"UNASSESSED","to":"DORMANT","reason":"first assessment: DORMANT because dormant:no hot or warm rule passed"}
{"ts":"2026-09-26T02:49:18.624Z","operation":"track.transition","repository":"mrwogu/promptscript","trackingVersion":"phase3-v1","from":"UNASSESSED","to":"DORMANT","reason":"first assessment: DORMANT because dormant:no hot or warm rule passed"}
{"ts":"2026-09-26T02:49:18.624Z","operation":"track.transition","repository":"Scottcjn/ram-coffers","trackingVersion":"phase3-v1","from":"UNASSESSED","to":"DORMANT","reason":"first assessment: DORMANT because dormant:no hot or warm rule passed"}
{"ts":"2026-09-26T02:49:18.624Z","operation":"track.transition","repository":"nicobailon/pi-mcp-adapter","trackingVersion":"phase3-v1","from":"UNASSESSED","to":"WARM","reason":"first assessment: WARM because warm:pushedWithin30d&stars>=1000"}
{"ts":"2026-09-26T02:49:18.624Z","operation":"track.transition","repository":"skyhook-io/radar","trackingVersion":"phase3-v1","from":"UNASSESSED","to":"WARM","reason":"first assessment: WARM because warm:starsPerDay7d>=8, warm:starsPerDay30d>=8, warm:pushedWithin30d&stars>=1000"}
{"ts":"2026-09-26T02:49:18.624Z","operation":"track.transition","repository":"H4D3ZS/vscodium-rust","trackingVersion":"phase3-v1","from":"UNASSESSED","to":"DORMANT","reason":"first assessment: DORMANT because dormant:no hot or warm rule passed"}
{"ts":"2026-09-26T02:49:18.624Z","operation":"track.transition","repository":"rorkai/App-Store-Connect-CLI","trackingVersion":"phase3-v1","from":"UNASSESSED","to":"WARM","reason":"first assessment: WARM because warm:starsPerDay7d>=8, warm:starsPerDay30d>=8, warm:pushedWithin30d&stars>=1000"}
{"ts":"2026-09-26T02:49:18.624Z","operation":"track.transition","repository":"jumpstarter-dev/jumpstarter","trackingVersion":"phase3-v1","from":"UNASSESSED","to":"DORMANT","reason":"first assessment: DORMANT because dormant:no hot or warm rule passed"}
{"ts":"2026-09-26T02:49:18.624Z","operation":"track.transition","repository":"rynfar/meridian","trackingVersion":"phase3-v1","from":"UNASSESSED","to":"WARM","reason":"first assessment: WARM because warm:pushedWithin30d&stars>=1000"}
{"ts":"2026-09-26T02:49:18.624Z","operation":"track.transition","repository":"waooAI/waoowaoo","trackingVersion":"phase3-v1","from":"UNASSESSED","to":"WARM","reason":"first assessment: WARM because warm:starsPerDay7d>=8, warm:starsPerDay30d>=8, warm:pushedWithin30d&stars>=1000"}
{"ts":"2026-09-26T02:49:18.624Z","operation":"track.transition","repository":"xeronsh/openOii","trackingVersion":"phase3-v1","from":"UNASSESSED","to":"DORMANT","reason":"first assessment: DORMANT because dormant:no hot or warm rule passed"}
{"ts":"2026-09-26T02:49:18.624Z","operation":"track.transition","repository":"mason369/music-to-midi","trackingVersion":"phase3-v1","from":"UNASSESSED","to":"DORMANT","reason":"first assessment: DORMANT because dormant:no hot or warm rule passed"}
{"ts":"2026-09-26T02:49:18.624Z","operation":"track.transition","repository":"evloghq/evlog","trackingVersion":"phase3-v1","from":"UNASSESSED","to":"WARM","reason":"first assessment: WARM because warm:pushedWithin30d&stars>=1000"}
{"ts":"2026-09-26T02:49:18.624Z","operation":"track.transition","repository":"PenglongHuang/chinese-novelist-skill","trackingVersion":"phase3-v1","from":"UNASSESSED","to":"WARM","reason":"first assessment: WARM because warm:starsPerDay7d>=8, warm:starsPerDay30d>=8, warm:pushedWithin30d&stars>=1000"}
{"ts":"2026-09-26T02:49:18.624Z","operation":"track.transition","repository":"qf-studio/pilot","trackingVersion":"phase3-v1","from":"UNASSESSED","to":"DORMANT","reason":"first assessment: DORMANT because dormant:no hot or warm rule passed"}
{"ts":"2026-09-26T02:49:18.624Z","operation":"track.transition","repository":"TabularisDB/tabularis","trackingVersion":"phase3-v1","from":"UNASSESSED","to":"WARM","reason":"first assessment: WARM because warm:starsPerDay7d>=8, warm:starsPerDay30d>=8, warm:pushedWithin30d&stars>=1000"}
{"ts":"2026-09-26T02:49:18.624Z","operation":"track.transition","repository":"MicrosoftDocs/Agent-Skills","trackingVersion":"phase3-v1","from":"UNASSESSED","to":"DORMANT","reason":"first assessment: DORMANT because dormant:no hot or warm rule passed"}
{"ts":"2026-09-26T02:49:18.624Z","operation":"track.transition","repository":"Galaxy-Dawn/claude-scholar","trackingVersion":"phase3-v1","from":"UNASSESSED","to":"WARM","reason":"first assessment: WARM because warm:starsPerDay7d>=8, warm:starsPerDay30d>=8, warm:pushedWithin30d&stars>=1000"}
{"ts":"2026-09-26T02:49:18.624Z","operation":"track.transition","repository":"ZaxbyHub/opencode-swarm","trackingVersion":"phase3-v1","from":"UNASSESSED","to":"DORMANT","reason":"first assessment: DORMANT because dormant:no hot or warm rule passed"}
{"ts":"2026-09-26T02:49:18.624Z","operation":"track.transition","repository":"NickPittas/DirectorsConsole","trackingVersion":"phase3-v1","from":"UNASSESSED","to":"DORMANT","reason":"first assessment: DORMANT because dormant:no hot or warm rule passed"}
{"ts":"2026-09-26T02:49:18.624Z","operation":"track.transition","repository":"OpenMOSS/MOVA","trackingVersion":"phase3-v1","from":"UNASSESSED","to":"WARM","reason":"first assessment: WARM because warm:pushedWithin30d&stars>=1000"}
{"ts":"2026-09-26T02:49:18.624Z","operation":"track.transition","repository":"didilili/ai-agents-from-zero","trackingVersion":"phase3-v1","from":"UNASSESSED","to":"HOT","reason":"first assessment: HOT because hot:growthPercent7d>=1&growth7d>=100"}
{"ts":"2026-09-26T02:49:18.624Z","operation":"track.transition","repository":"mohitagw15856/pm-claude-skills","trackingVersion":"phase3-v1","from":"UNASSESSED","to":"WARM","reason":"first assessment: WARM because warm:pushedWithin30d&stars>=1000"}
{"ts":"2026-09-26T02:49:18.624Z","operation":"track.transition","repository":"HBAI-Ltd/Toonflow-app","trackingVersion":"phase3-v1","from":"UNASSESSED","to":"HOT","reason":"first assessment: HOT because hot:growthPercent7d>=1&growth7d>=100"}
{"ts":"2026-09-26T02:49:18.624Z","operation":"track.transition","repository":"off-grid-ai/OGAM","trackingVersion":"phase3-v1","from":"UNASSESSED","to":"WARM","reason":"first assessment: WARM because warm:pushedWithin30d&stars>=1000"}
{"ts":"2026-09-26T02:49:18.624Z","operation":"track.transition","repository":"ai-dashboad/flutter-skill","trackingVersion":"phase3-v1","from":"UNASSESSED","to":"DORMANT","reason":"first assessment: DORMANT because dormant:no hot or warm rule passed"}
{"ts":"2026-09-26T02:49:18.624Z","operation":"track.transition","repository":"callstack/agent-device","trackingVersion":"phase3-v1","from":"UNASSESSED","to":"WARM","reason":"first assessment: WARM because warm:starsPerDay7d>=8, warm:starsPerDay30d>=8, warm:pushedWithin30d&stars>=1000"}
{"ts":"2026-09-26T02:49:18.624Z","operation":"track.transition","repository":"agent-sh/agnix","trackingVersion":"phase3-v1","from":"UNASSESSED","to":"DORMANT","reason":"first assessment: DORMANT because dormant:no hot or warm rule passed"}
{"ts":"2026-09-26T02:49:18.624Z","operation":"track.transition","repository":"Syngnat/GoNavi","trackingVersion":"phase3-v1","from":"UNASSESSED","to":"WARM","reason":"first assessment: WARM because warm:pushedWithin30d&stars>=1000"}
{"ts":"2026-09-26T02:49:18.624Z","operation":"track.transition","repository":"clay-good/OpenLore","trackingVersion":"phase3-v1","from":"UNASSESSED","to":"DORMANT","reason":"first assessment: DORMANT because dormant:no hot or warm rule passed"}
{"ts":"2026-09-26T02:49:18.624Z","operation":"track.transition","repository":"kelos-dev/kelos","trackingVersion":"phase3-v1","from":"UNASSESSED","to":"DORMANT","reason":"first assessment: DORMANT because dormant:no hot or warm rule passed"}
{"ts":"2026-09-26T02:49:18.624Z","operation":"track.transition","repository":"EvoMap/evolver","trackingVersion":"phase3-v1","from":"UNASSESSED","to":"WARM","reason":"first assessment: WARM because warm:pushedWithin30d&stars>=1000"}
{"ts":"2026-09-26T02:49:18.624Z","operation":"track.transition","repository":"thu-ml/Causal-Forcing","trackingVersion":"phase3-v1","from":"UNASSESSED","to":"DORMANT","reason":"first assessment: DORMANT because dormant:no hot or warm rule passed"}
{"ts":"2026-09-26T02:49:18.624Z","operation":"track.transition","repository":"rohitg00/pro-workflow","trackingVersion":"phase3-v1","from":"UNASSESSED","to":"WARM","reason":"first assessment: WARM because warm:pushedWithin30d&stars>=1000"}
{"ts":"2026-09-26T02:49:18.624Z","operation":"track.transition","repository":"sheeki03/tirith","trackingVersion":"phase3-v1","from":"UNASSESSED","to":"WARM","reason":"first assessment: WARM because warm:pushedWithin30d&stars>=1000"}
{"ts":"2026-09-26T02:49:18.624Z","operation":"track.transition","repository":"GCWing/OpenBitFun","trackingVersion":"phase3-v1","from":"UNASSESSED","to":"WARM","reason":"first assessment: WARM because warm:starsPerDay30d>=8, warm:pushedWithin30d&stars>=1000"}
{"ts":"2026-09-26T02:49:18.624Z","operation":"track.transition","repository":"pocketpaw/pocketpaw","trackingVersion":"phase3-v1","from":"UNASSESSED","to":"DORMANT","reason":"first assessment: DORMANT because dormant:no hot or warm rule passed"}
{"ts":"2026-09-26T02:49:18.624Z","operation":"track.transition","repository":"zhukunpenglinyutong/desktop-cc-gui","trackingVersion":"phase3-v1","from":"UNASSESSED","to":"HOT","reason":"first assessment: HOT because hot:growthPercent7d>=1&growth7d>=100"}
{"ts":"2026-09-26T02:49:18.624Z","operation":"track.transition","repository":"project-vera/vera","trackingVersion":"phase3-v1","from":"UNASSESSED","to":"DORMANT","reason":"first assessment: DORMANT because dormant:no hot or warm rule passed"}
{"ts":"2026-09-26T02:49:18.624Z","operation":"track.transition","repository":"llmsresearch/paperbanana","trackingVersion":"phase3-v1","from":"UNASSESSED","to":"WARM","reason":"first assessment: WARM because warm:pushedWithin30d&stars>=1000"}
{"ts":"2026-09-26T02:49:18.624Z","operation":"track.transition","repository":"Agent-Field/SWE-AF","trackingVersion":"phase3-v1","from":"UNASSESSED","to":"WARM","reason":"first assessment: WARM because warm:pushedWithin30d&stars>=1000"}
{"ts":"2026-09-26T02:49:18.624Z","operation":"track.transition","repository":"ilysenko/codex-desktop-linux","trackingVersion":"phase3-v1","from":"UNASSESSED","to":"WARM","reason":"first assessment: WARM because warm:pushedWithin30d&stars>=1000"}
{"ts":"2026-09-26T02:49:18.624Z","operation":"track.transition","repository":"ValueCell-ai/ClawX","trackingVersion":"phase3-v1","from":"UNASSESSED","to":"WARM","reason":"first assessment: WARM because warm:pushedWithin30d&stars>=1000"}
{"ts":"2026-09-26T02:49:18.624Z","operation":"track.transition","repository":"lyonzin/knowledge-rag","trackingVersion":"phase3-v1","from":"UNASSESSED","to":"DORMANT","reason":"first assessment: DORMANT because dormant:no hot or warm rule passed"}
{"ts":"2026-09-26T02:49:18.624Z","operation":"track.transition","repository":"mamawai/wtfibought","trackingVersion":"phase3-v1","from":"UNASSESSED","to":"WARM","reason":"first assessment: WARM because warm:starsPerDay7d>=8"}
{"ts":"2026-09-26T02:49:18.624Z","operation":"track.transition","repository":"ArcReel/ArcReel","trackingVersion":"phase3-v1","from":"UNASSESSED","to":"WARM","reason":"first assessment: WARM because warm:starsPerDay7d>=8, warm:starsPerDay30d>=8, warm:pushedWithin30d&stars>=1000"}
{"ts":"2026-09-26T02:49:18.624Z","operation":"track.transition","repository":"jau123/MeiGen-AI-Design-MCP","trackingVersion":"phase3-v1","from":"UNASSESSED","to":"WARM","reason":"first assessment: WARM because warm:pushedWithin30d&stars>=1000"}
{"ts":"2026-09-26T02:49:18.624Z","operation":"track.transition","repository":"tw93/Kaku","trackingVersion":"phase3-v1","from":"UNASSESSED","to":"WARM","reason":"first assessment: WARM because warm:pushedWithin30d&stars>=1000"}
{"ts":"2026-09-26T02:49:18.624Z","operation":"track.transition","repository":"OpenMOSS/MOSS-TTS","trackingVersion":"phase3-v1","from":"UNASSESSED","to":"WARM","reason":"first assessment: WARM because warm:pushedWithin30d&stars>=1000"}
{"ts":"2026-09-26T02:49:18.624Z","operation":"track.transition","repository":"uncSoft/anubis-oss","trackingVersion":"phase3-v1","from":"UNASSESSED","to":"DORMANT","reason":"first assessment: DORMANT because dormant:no hot or warm rule passed"}
{"ts":"2026-09-26T02:49:18.624Z","operation":"track.transition","repository":"NucleusFramework/Nucleus","trackingVersion":"phase3-v1","from":"UNASSESSED","to":"DORMANT","reason":"first assessment: DORMANT because dormant:no hot or warm rule passed"}
{"ts":"2026-09-26T02:49:18.624Z","operation":"track.transition","repository":"jgravelle/jcodemunch-mcp","trackingVersion":"phase3-v1","from":"UNASSESSED","to":"WARM","reason":"first assessment: WARM because warm:pushedWithin30d&stars>=1000"}
{"ts":"2026-09-26T02:49:18.624Z","operation":"track.transition","repository":"zai-org/GLM-5","trackingVersion":"phase3-v1","from":"UNASSESSED","to":"WARM","reason":"first assessment: WARM because warm:pushedWithin30d&stars>=1000"}
{"ts":"2026-09-26T02:49:18.624Z","operation":"track.transition","repository":"xintaofei/codeg","trackingVersion":"phase3-v1","from":"UNASSESSED","to":"HOT","reason":"first assessment: HOT because hot:growthPercent7d>=1&growth7d>=100"}
{"ts":"2026-09-26T02:49:18.624Z","operation":"track.transition","repository":"Cranot/roam-code","trackingVersion":"phase3-v1","from":"UNASSESSED","to":"DORMANT","reason":"first assessment: DORMANT because dormant:no hot or warm rule passed"}
{"ts":"2026-09-26T02:49:18.624Z","operation":"track.transition","repository":"Osmantic/ODS","trackingVersion":"phase3-v1","from":"UNASSESSED","to":"HOT","reason":"first assessment: HOT because hot:growthPercent7d>=1&growth7d>=100"}
{"ts":"2026-09-26T02:49:18.624Z","operation":"track.transition","repository":"jmaczan/tiny-vllm","trackingVersion":"phase3-v1","from":"UNASSESSED","to":"WARM","reason":"first assessment: WARM because warm:pushedWithin30d&stars>=1000"}
{"ts":"2026-09-26T02:49:18.624Z","operation":"track.transition","repository":"brontoguana/krasis","trackingVersion":"phase3-v1","from":"UNASSESSED","to":"DORMANT","reason":"first assessment: DORMANT because dormant:no hot or warm rule passed"}
{"ts":"2026-09-26T02:49:18.624Z","operation":"track.transition","repository":"redwoodjs/local-ci","trackingVersion":"phase3-v1","from":"UNASSESSED","to":"DORMANT","reason":"first assessment: DORMANT because dormant:no hot or warm rule passed"}
{"ts":"2026-09-26T02:49:18.624Z","operation":"track.transition","repository":"fugazi/test-automation-skills-agents","trackingVersion":"phase3-v1","from":"UNASSESSED","to":"DORMANT","reason":"first assessment: DORMANT because dormant:no hot or warm rule passed"}
{"ts":"2026-09-26T02:49:18.624Z","operation":"track.transition","repository":"xuanyustudio/LocalMiniDrama","trackingVersion":"phase3-v1","from":"UNASSESSED","to":"WARM","reason":"first assessment: WARM because warm:starsPerDay7d>=8, warm:starsPerDay30d>=8, warm:pushedWithin30d&stars>=1000"}
{"ts":"2026-09-26T02:49:18.624Z","operation":"track.transition","repository":"enola-labs/enola","trackingVersion":"phase3-v1","from":"UNASSESSED","to":"DORMANT","reason":"first assessment: DORMANT because dormant:no hot or warm rule passed"}
{"ts":"2026-09-26T02:49:18.624Z","operation":"track.transition","repository":"miracodeai/mira","trackingVersion":"phase3-v1","from":"UNASSESSED","to":"DORMANT","reason":"first assessment: DORMANT because dormant:no hot or warm rule passed"}
{"ts":"2026-09-26T02:49:18.624Z","operation":"track.transition","repository":"strands-labs/ai-functions","trackingVersion":"phase3-v1","from":"UNASSESSED","to":"DORMANT","reason":"first assessment: DORMANT because dormant:no hot or warm rule passed"}
{"ts":"2026-09-26T02:49:18.624Z","operation":"track.transition","repository":"open-webui/open-terminal","trackingVersion":"phase3-v1","from":"UNASSESSED","to":"WARM","reason":"first assessment: WARM because warm:pushedWithin30d&stars>=1000"}
{"ts":"2026-09-26T02:49:18.624Z","operation":"track.transition","repository":"PramodDutta/qaskills","trackingVersion":"phase3-v1","from":"UNASSESSED","to":"DORMANT","reason":"first assessment: DORMANT because dormant:no hot or warm rule passed"}
{"ts":"2026-09-26T02:49:18.624Z","operation":"track.transition","repository":"YouMind-OpenLab/awesome-seedance-2-prompts","trackingVersion":"phase3-v1","from":"UNASSESSED","to":"WARM","reason":"first assessment: WARM because warm:pushedWithin30d&stars>=1000"}
{"ts":"2026-09-26T02:49:18.624Z","operation":"track.transition","repository":"rocketride-org/rocketride-server","trackingVersion":"phase3-v1","from":"UNASSESSED","to":"HOT","reason":"first assessment: HOT because hot:starsPerDay7d>=80, hot:growthPercent7d>=1&growth7d>=100"}
{"ts":"2026-09-26T02:49:18.624Z","operation":"track.transition","repository":"razzant/ouroboros","trackingVersion":"phase3-v1","from":"UNASSESSED","to":"WARM","reason":"first assessment: WARM because warm:pushedWithin30d&stars>=1000"}
{"ts":"2026-09-26T02:49:18.624Z","operation":"track.transition","repository":"tonhowtf/omniget","trackingVersion":"phase3-v1","from":"UNASSESSED","to":"HOT","reason":"first assessment: HOT because hot:growthPercent7d>=1&growth7d>=100"}
{"ts":"2026-09-26T02:49:18.624Z","operation":"track.transition","repository":"dcostenco/prism-coder","trackingVersion":"phase3-v1","from":"UNASSESSED","to":"DORMANT","reason":"first assessment: DORMANT because dormant:no hot or warm rule passed"}
{"ts":"2026-09-26T02:49:18.624Z","operation":"track.transition","repository":"builderz-labs/mission-control","trackingVersion":"phase3-v1","from":"UNASSESSED","to":"WARM","reason":"first assessment: WARM because warm:pushedWithin30d&stars>=1000"}
{"ts":"2026-09-26T02:49:18.624Z","operation":"track.transition","repository":"vivekchand/clawmetry","trackingVersion":"phase3-v1","from":"UNASSESSED","to":"DORMANT","reason":"first assessment: DORMANT because dormant:no hot or warm rule passed"}
{"ts":"2026-09-26T02:49:18.624Z","operation":"track.transition","repository":"nWave-ai/nWave","trackingVersion":"phase3-v1","from":"UNASSESSED","to":"DORMANT","reason":"first assessment: DORMANT because dormant:no hot or warm rule passed"}
{"ts":"2026-09-26T02:49:18.624Z","operation":"track.transition","repository":"nvawntien/go-judge-system","trackingVersion":"phase3-v1","from":"UNASSESSED","to":"DORMANT","reason":"first assessment: DORMANT because dormant:no hot or warm rule passed"}
{"ts":"2026-09-26T02:49:18.624Z","operation":"track.transition","repository":"AVIDS2/memorix","trackingVersion":"phase3-v1","from":"UNASSESSED","to":"DORMANT","reason":"first assessment: DORMANT because dormant:no hot or warm rule passed"}
{"ts":"2026-09-26T02:49:18.624Z","operation":"track.transition","repository":"CyberStrikeus/CyberStrike","trackingVersion":"phase3-v1","from":"UNASSESSED","to":"WARM","reason":"first assessment: WARM because warm:starsPerDay7d>=8, warm:starsPerDay30d>=8, warm:pushedWithin30d&stars>=1000"}
{"ts":"2026-09-26T02:49:18.624Z","operation":"track.transition","repository":"artokun/comfyui-mcp","trackingVersion":"phase3-v1","from":"UNASSESSED","to":"DORMANT","reason":"first assessment: DORMANT because dormant:no hot or warm rule passed"}
{"ts":"2026-09-26T02:49:18.624Z","operation":"track.transition","repository":"Agents365-ai/video-podcast-maker","trackingVersion":"phase3-v1","from":"UNASSESSED","to":"WARM","reason":"first assessment: WARM because warm:pushedWithin30d&stars>=1000"}
{"ts":"2026-09-26T02:49:18.624Z","operation":"track.transition","repository":"antoinezambelli/forge","trackingVersion":"phase3-v1","from":"UNASSESSED","to":"WARM","reason":"first assessment: WARM because warm:pushedWithin30d&stars>=1000"}
{"ts":"2026-09-26T02:49:18.624Z","operation":"track.transition","repository":"ddalcu/mlx-serve","trackingVersion":"phase3-v1","from":"UNASSESSED","to":"HOT","reason":"first assessment: HOT because hot:growthPercent7d>=1&growth7d>=100"}
{"ts":"2026-09-26T02:49:18.624Z","operation":"track.transition","repository":"pegainfer-project/pegainfer","trackingVersion":"phase3-v1","from":"UNASSESSED","to":"DORMANT","reason":"first assessment: DORMANT because dormant:no hot or warm rule passed"}
{"ts":"2026-09-26T02:49:18.624Z","operation":"track.transition","repository":"kstevica/captain-claw","trackingVersion":"phase3-v1","from":"UNASSESSED","to":"DORMANT","reason":"first assessment: DORMANT because dormant:no hot or warm rule passed"}
{"ts":"2026-09-26T02:49:18.624Z","operation":"track.transition","repository":"Dryxio/reagent","trackingVersion":"phase3-v1","from":"UNASSESSED","to":"WARM","reason":"first assessment: WARM because warm:starsPerDay30d>=8, warm:pushedWithin30d&stars>=1000"}
{"ts":"2026-09-26T02:49:18.624Z","operation":"track.transition","repository":"tg-prplx/vellium","trackingVersion":"phase3-v1","from":"UNASSESSED","to":"DORMANT","reason":"first assessment: DORMANT because dormant:no hot or warm rule passed"}
{"ts":"2026-09-26T02:49:18.624Z","operation":"track.transition","repository":"johannesjo/parallel-code","trackingVersion":"phase3-v1","from":"UNASSESSED","to":"WARM","reason":"first assessment: WARM because warm:pushedWithin30d&stars>=1000"}
{"ts":"2026-09-26T02:49:18.624Z","operation":"track.transition","repository":"onyx-dot-app/EnterpriseRAG-Bench","trackingVersion":"phase3-v1","from":"UNASSESSED","to":"DORMANT","reason":"first assessment: DORMANT because dormant:no hot or warm rule passed"}
{"ts":"2026-09-26T02:49:18.624Z","operation":"track.transition","repository":"cwinvestments/memstack","trackingVersion":"phase3-v1","from":"UNASSESSED","to":"DORMANT","reason":"first assessment: DORMANT because dormant:no hot or warm rule passed"}
{"ts":"2026-09-26T02:49:18.624Z","operation":"track.transition","repository":"edouard-claude/snip","trackingVersion":"phase3-v1","from":"UNASSESSED","to":"DORMANT","reason":"first assessment: DORMANT because dormant:no hot or warm rule passed"}
{"ts":"2026-09-26T02:49:18.624Z","operation":"track.transition","repository":"MakazhanAlpamys/Soup","trackingVersion":"phase3-v1","from":"UNASSESSED","to":"HOT","reason":"first assessment: HOT because hot:growthPercent7d>=1&growth7d>=100"}
{"ts":"2026-09-26T02:49:18.624Z","operation":"track.transition","repository":"kunal12203/GrapeRoot","trackingVersion":"phase3-v1","from":"UNASSESSED","to":"WARM","reason":"first assessment: WARM because warm:pushedWithin30d&stars>=1000"}
{"ts":"2026-09-26T02:49:18.624Z","operation":"track.transition","repository":"mlhher/late-cli","trackingVersion":"phase3-v1","from":"UNASSESSED","to":"DORMANT","reason":"first assessment: DORMANT because dormant:no hot or warm rule passed"}
{"ts":"2026-09-26T02:49:18.624Z","operation":"track.transition","repository":"liustack/modlens","trackingVersion":"phase3-v1","from":"UNASSESSED","to":"WARM","reason":"first assessment: WARM because warm:starsPerDay7d>=8, warm:starsPerDay30d>=8, warm:pushedWithin30d&stars>=1000"}
{"ts":"2026-09-26T02:49:18.624Z","operation":"track.transition","repository":"qingchencloud/cftunnel","trackingVersion":"phase3-v1","from":"UNASSESSED","to":"DORMANT","reason":"first assessment: DORMANT because dormant:no hot or warm rule passed"}
{"ts":"2026-09-26T02:49:18.624Z","operation":"track.transition","repository":"foryourhealth111-pixel/Vibe-Skills","trackingVersion":"phase3-v1","from":"UNASSESSED","to":"WARM","reason":"first assessment: WARM because warm:starsPerDay7d>=8, warm:starsPerDay30d>=8, warm:pushedWithin30d&stars>=1000"}
{"ts":"2026-09-26T02:49:18.624Z","operation":"track.transition","repository":"Intrect-io/OpenSwarm","trackingVersion":"phase3-v1","from":"UNASSESSED","to":"DORMANT","reason":"first assessment: DORMANT because dormant:no hot or warm rule passed"}
{"ts":"2026-09-26T02:49:18.624Z","operation":"track.transition","repository":"sangrokjung/claude-forge","trackingVersion":"phase3-v1","from":"UNASSESSED","to":"DORMANT","reason":"first assessment: DORMANT because dormant:no hot or warm rule passed"}
{"ts":"2026-09-26T02:49:18.624Z","operation":"track.transition","repository":"LukasNiessen/terrashark","trackingVersion":"phase3-v1","from":"UNASSESSED","to":"WARM","reason":"first assessment: WARM because warm:starsPerDay30d>=8"}
{"ts":"2026-09-26T02:49:18.624Z","operation":"track.transition","repository":"cft0808/edict","trackingVersion":"phase3-v1","from":"UNASSESSED","to":"WARM","reason":"first assessment: WARM because warm:starsPerDay30d>=8, warm:pushedWithin30d&stars>=1000"}
{"ts":"2026-09-26T02:49:18.624Z","operation":"track.transition","repository":"agentevals-dev/agentevals","trackingVersion":"phase3-v1","from":"UNASSESSED","to":"DORMANT","reason":"first assessment: DORMANT because dormant:no hot or warm rule passed"}
{"ts":"2026-09-26T02:49:18.624Z","operation":"track.transition","repository":"get-bb/bb","trackingVersion":"phase3-v1","from":"UNASSESSED","to":"HOT","reason":"first assessment: HOT because hot:growthPercent7d>=1&growth7d>=100"}
{"ts":"2026-09-26T02:49:18.624Z","operation":"track.transition","repository":"HybridAIOne/hybridclaw","trackingVersion":"phase3-v1","from":"UNASSESSED","to":"DORMANT","reason":"first assessment: DORMANT because dormant:no hot or warm rule passed"}
{"ts":"2026-09-26T02:49:18.624Z","operation":"track.transition","repository":"raullenchai/Rapid-MLX","trackingVersion":"phase3-v1","from":"UNASSESSED","to":"WARM","reason":"first assessment: WARM because warm:starsPerDay30d>=8, warm:pushedWithin30d&stars>=1000"}
{"ts":"2026-09-26T02:49:18.624Z","operation":"track.transition","repository":"codedogQBY/ReadAny","trackingVersion":"phase3-v1","from":"UNASSESSED","to":"WARM","reason":"first assessment: WARM because warm:starsPerDay30d>=8, warm:pushedWithin30d&stars>=1000"}
{"ts":"2026-09-26T02:49:18.624Z","operation":"track.transition","repository":"NVIDIA/skills","trackingVersion":"phase3-v1","from":"UNASSESSED","to":"WARM","reason":"first assessment: WARM because warm:starsPerDay7d>=8, warm:starsPerDay30d>=8, warm:pushedWithin30d&stars>=1000"}
{"ts":"2026-09-26T02:49:18.624Z","operation":"track.transition","repository":"mattrobinsonsre/terrapod","trackingVersion":"phase3-v1","from":"UNASSESSED","to":"DORMANT","reason":"first assessment: DORMANT because dormant:no hot or warm rule passed"}
{"ts":"2026-09-26T02:49:18.624Z","operation":"track.transition","repository":"Scottcjn/legend-of-elya-n64","trackingVersion":"phase3-v1","from":"UNASSESSED","to":"DORMANT","reason":"first assessment: DORMANT because dormant:no hot or warm rule passed"}
{"ts":"2026-09-26T02:49:18.624Z","operation":"track.transition","repository":"Gentleman-Programming/gentle-ai","trackingVersion":"phase3-v1","from":"UNASSESSED","to":"HOT","reason":"first assessment: HOT because hot:growthPercent7d>=1&growth7d>=100"}
{"ts":"2026-09-26T02:49:18.624Z","operation":"track.transition","repository":"AgentsMesh/AgentsMesh","trackingVersion":"phase3-v1","from":"UNASSESSED","to":"WARM","reason":"first assessment: WARM because warm:pushedWithin30d&stars>=1000"}
{"ts":"2026-09-26T02:49:18.624Z","operation":"track.transition","repository":"0xNyk/council-of-high-intelligence","trackingVersion":"phase3-v1","from":"UNASSESSED","to":"HOT","reason":"first assessment: HOT because hot:growthPercent7d>=1&growth7d>=100"}
{"ts":"2026-09-26T02:49:18.624Z","operation":"track.transition","repository":"mezmo/aura","trackingVersion":"phase3-v1","from":"UNASSESSED","to":"DORMANT","reason":"first assessment: DORMANT because dormant:no hot or warm rule passed"}
{"ts":"2026-09-26T02:49:18.624Z","operation":"track.transition","repository":"SecurityClaw/SecurityClaw","trackingVersion":"phase3-v1","from":"UNASSESSED","to":"DORMANT","reason":"first assessment: DORMANT because dormant:no hot or warm rule passed"}
{"ts":"2026-09-26T02:49:18.624Z","operation":"track.transition","repository":"nitrocloudofficial/nitrostack","trackingVersion":"phase3-v1","from":"UNASSESSED","to":"WARM","reason":"first assessment: WARM because warm:pushedWithin30d&stars>=1000"}
{"ts":"2026-09-26T02:49:18.624Z","operation":"track.transition","repository":"Agents365-ai/drawio-skill","trackingVersion":"phase3-v1","from":"UNASSESSED","to":"HOT","reason":"first assessment: HOT because hot:growthPercent7d>=1&growth7d>=100"}
{"ts":"2026-09-26T02:49:18.624Z","operation":"track.transition","repository":"idwts/Crayotter","trackingVersion":"phase3-v1","from":"UNASSESSED","to":"DORMANT","reason":"first assessment: DORMANT because dormant:no hot or warm rule passed"}
{"ts":"2026-09-26T02:49:18.624Z","operation":"track.transition","repository":"pikpikcu/airecon","trackingVersion":"phase3-v1","from":"UNASSESSED","to":"WARM","reason":"first assessment: WARM because warm:pushedWithin30d&stars>=1000"}
{"ts":"2026-09-26T02:49:18.624Z","operation":"track.transition","repository":"conorbronsdon/avoid-ai-writing","trackingVersion":"phase3-v1","from":"UNASSESSED","to":"HOT","reason":"first assessment: HOT because hot:growthPercent7d>=1&growth7d>=100"}
{"ts":"2026-09-26T02:49:18.624Z","operation":"track.transition","repository":"jnMetaCode/agency-agents-zh","trackingVersion":"phase3-v1","from":"UNASSESSED","to":"WARM","reason":"first assessment: WARM because warm:starsPerDay7d>=8, warm:starsPerDay30d>=8, warm:pushedWithin30d&stars>=1000"}
{"ts":"2026-09-26T02:49:18.624Z","operation":"track.transition","repository":"siddsachar/row-bot","trackingVersion":"phase3-v1","from":"UNASSESSED","to":"WARM","reason":"first assessment: WARM because warm:pushedWithin30d&stars>=1000"}
{"ts":"2026-09-26T02:49:18.624Z","operation":"track.transition","repository":"rootprint/rootprint","trackingVersion":"phase3-v1","from":"UNASSESSED","to":"WARM","reason":"first assessment: WARM because warm:starsPerDay30d>=8"}
{"ts":"2026-09-26T02:49:18.624Z","operation":"track.transition","repository":"GiovanniPasq/chunky","trackingVersion":"phase3-v1","from":"UNASSESSED","to":"DORMANT","reason":"first assessment: DORMANT because dormant:no hot or warm rule passed"}
{"ts":"2026-09-26T02:49:18.624Z","operation":"track.transition","repository":"Owl-Listener/designer-skills","trackingVersion":"phase3-v1","from":"UNASSESSED","to":"WARM","reason":"first assessment: WARM because warm:starsPerDay7d>=8, warm:starsPerDay30d>=8, warm:pushedWithin30d&stars>=1000"}
{"ts":"2026-09-26T02:49:18.624Z","operation":"track.transition","repository":"RyanAlberts/best-of-Agent-Harnesses","trackingVersion":"phase3-v1","from":"UNASSESSED","to":"WARM","reason":"first assessment: WARM because warm:starsPerDay7d>=8, warm:starsPerDay30d>=8"}
{"ts":"2026-09-26T02:49:18.624Z","operation":"track.transition","repository":"skalesapp/skales","trackingVersion":"phase3-v1","from":"UNASSESSED","to":"WARM","reason":"first assessment: WARM because warm:pushedWithin30d&stars>=1000"}
{"ts":"2026-09-26T02:49:18.624Z","operation":"track.transition","repository":"onecli/onecli","trackingVersion":"phase3-v1","from":"UNASSESSED","to":"WARM","reason":"first assessment: WARM because warm:pushedWithin30d&stars>=1000"}
{"ts":"2026-09-26T02:49:18.624Z","operation":"track.transition","repository":"fabio-rovai/open-ontologies","trackingVersion":"phase3-v1","from":"UNASSESSED","to":"DORMANT","reason":"first assessment: DORMANT because dormant:no hot or warm rule passed"}
{"ts":"2026-09-26T02:49:18.624Z","operation":"track.transition","repository":"wanshuiyin/Auto-claude-code-research-in-sleep","trackingVersion":"phase3-v1","from":"UNASSESSED","to":"HOT","reason":"first assessment: HOT because hot:growthPercent7d>=1&growth7d>=100"}
{"ts":"2026-09-26T02:49:18.624Z","operation":"track.transition","repository":"wildminder/awesome-ai-voice","trackingVersion":"phase3-v1","from":"UNASSESSED","to":"DORMANT","reason":"first assessment: DORMANT because dormant:no hot or warm rule passed"}
{"ts":"2026-09-26T02:49:18.624Z","operation":"track.transition","repository":"raketenkater/ggrun","trackingVersion":"phase3-v1","from":"UNASSESSED","to":"DORMANT","reason":"first assessment: DORMANT because dormant:no hot or warm rule passed"}
{"ts":"2026-09-26T02:49:18.624Z","operation":"track.transition","repository":"qxoticai/qxotic","trackingVersion":"phase3-v1","from":"UNASSESSED","to":"DORMANT","reason":"first assessment: DORMANT because dormant:no hot or warm rule passed"}
{"ts":"2026-09-26T02:49:18.624Z","operation":"track.transition","repository":"hogeheer499-commits/strix-halo-guide","trackingVersion":"phase3-v1","from":"UNASSESSED","to":"DORMANT","reason":"first assessment: DORMANT because dormant:no hot or warm rule passed"}
{"ts":"2026-09-26T02:49:18.624Z","operation":"track.transition","repository":"mendixlabs/mxcli","trackingVersion":"phase3-v1","from":"UNASSESSED","to":"DORMANT","reason":"first assessment: DORMANT because dormant:no hot or warm rule passed"}
{"ts":"2026-09-26T02:49:18.624Z","operation":"track.transition","repository":"neur0map/glazepkg","trackingVersion":"phase3-v1","from":"UNASSESSED","to":"DORMANT","reason":"first assessment: DORMANT because dormant:no hot or warm rule passed"}
{"ts":"2026-09-26T02:49:18.624Z","operation":"track.transition","repository":"grimmory-tools/grimmory","trackingVersion":"phase3-v1","from":"UNASSESSED","to":"WARM","reason":"first assessment: WARM because warm:starsPerDay30d>=8, warm:pushedWithin30d&stars>=1000"}
{"ts":"2026-09-26T02:49:18.624Z","operation":"track.transition","repository":"truecourse-ai/truecourse","trackingVersion":"phase3-v1","from":"UNASSESSED","to":"DORMANT","reason":"first assessment: DORMANT because dormant:no hot or warm rule passed"}
{"ts":"2026-09-26T02:49:18.624Z","operation":"track.transition","repository":"wuji-labs/nopua","trackingVersion":"phase3-v1","from":"UNASSESSED","to":"WARM","reason":"first assessment: WARM because warm:pushedWithin30d&stars>=1000"}
{"ts":"2026-09-26T02:49:18.624Z","operation":"track.transition","repository":"Ovid/paad","trackingVersion":"phase3-v1","from":"UNASSESSED","to":"DORMANT","reason":"first assessment: DORMANT because dormant:no hot or warm rule passed"}
{"ts":"2026-09-26T02:49:18.624Z","operation":"track.transition","repository":"OrlojHQ/orloj","trackingVersion":"phase3-v1","from":"UNASSESSED","to":"DORMANT","reason":"first assessment: DORMANT because dormant:no hot or warm rule passed"}
{"ts":"2026-09-26T02:49:18.624Z","operation":"track.transition","repository":"kitfunso/hippo-memory","trackingVersion":"phase3-v1","from":"UNASSESSED","to":"DORMANT","reason":"first assessment: DORMANT because dormant:no hot or warm rule passed"}
{"ts":"2026-09-26T02:49:18.624Z","operation":"track.transition","repository":"janosmiko/lfk","trackingVersion":"phase3-v1","from":"UNASSESSED","to":"DORMANT","reason":"first assessment: DORMANT because dormant:no hot or warm rule passed"}
{"ts":"2026-09-26T02:49:18.624Z","operation":"track.transition","repository":"cytostack/openwolf","trackingVersion":"phase3-v1","from":"UNASSESSED","to":"WARM","reason":"first assessment: WARM because warm:pushedWithin30d&stars>=1000"}
{"ts":"2026-09-26T02:49:18.624Z","operation":"track.transition","repository":"aivrar/portable-hermes-agent","trackingVersion":"phase3-v1","from":"UNASSESSED","to":"DORMANT","reason":"first assessment: DORMANT because dormant:no hot or warm rule passed"}
{"ts":"2026-09-26T02:49:18.624Z","operation":"track.transition","repository":"Human-Agent-Society/CORAL","trackingVersion":"phase3-v1","from":"UNASSESSED","to":"WARM","reason":"first assessment: WARM because warm:pushedWithin30d&stars>=1000"}
{"ts":"2026-09-26T02:49:18.624Z","operation":"track.transition","repository":"Mooshieblob1/MooshieUI","trackingVersion":"phase3-v1","from":"UNASSESSED","to":"DORMANT","reason":"first assessment: DORMANT because dormant:no hot or warm rule passed"}
{"ts":"2026-09-26T02:49:18.624Z","operation":"track.transition","repository":"Stonewuu/ai-fusion-video","trackingVersion":"phase3-v1","from":"UNASSESSED","to":"WARM","reason":"first assessment: WARM because warm:pushedWithin30d&stars>=1000"}
{"ts":"2026-09-26T02:49:18.624Z","operation":"track.transition","repository":"raojiacui/prompt-lens","trackingVersion":"phase3-v1","from":"UNASSESSED","to":"DORMANT","reason":"first assessment: DORMANT because dormant:no hot or warm rule passed"}
{"ts":"2026-09-26T02:49:18.624Z","operation":"track.transition","repository":"K-Dense-AI/k-dense-byok","trackingVersion":"phase3-v1","from":"UNASSESSED","to":"WARM","reason":"first assessment: WARM because warm:pushedWithin30d&stars>=1000"}
{"ts":"2026-09-26T02:49:18.624Z","operation":"track.transition","repository":"jnMetaCode/superpowers-zh","trackingVersion":"phase3-v1","from":"UNASSESSED","to":"WARM","reason":"first assessment: WARM because warm:starsPerDay7d>=8, warm:starsPerDay30d>=8, warm:pushedWithin30d&stars>=1000"}
{"ts":"2026-09-26T02:49:18.624Z","operation":"track.transition","repository":"can4hou6joeng4/boss-agent-cli","trackingVersion":"phase3-v1","from":"UNASSESSED","to":"WARM","reason":"first assessment: WARM because warm:starsPerDay30d>=8, warm:pushedWithin30d&stars>=1000"}
{"ts":"2026-09-26T02:49:18.624Z","operation":"track.transition","repository":"degausai/wonda","trackingVersion":"phase3-v1","from":"UNASSESSED","to":"DORMANT","reason":"first assessment: DORMANT because dormant:no hot or warm rule passed"}
{"ts":"2026-09-26T02:49:18.624Z","operation":"track.transition","repository":"ianjwhite99/opencode-with-claude","trackingVersion":"phase3-v1","from":"UNASSESSED","to":"DORMANT","reason":"first assessment: DORMANT because dormant:no hot or warm rule passed"}
{"ts":"2026-09-26T02:49:18.624Z","operation":"track.transition","repository":"NVIDIA/SkillSpector","trackingVersion":"phase3-v1","from":"UNASSESSED","to":"HOT","reason":"first assessment: HOT because hot:growthPercent7d>=1&growth7d>=100"}
{"ts":"2026-09-26T02:49:18.624Z","operation":"track.transition","repository":"warpfront/hipfire","trackingVersion":"phase3-v1","from":"UNASSESSED","to":"DORMANT","reason":"first assessment: DORMANT because dormant:no hot or warm rule passed"}
{"ts":"2026-09-26T02:49:18.624Z","operation":"track.transition","repository":"jnMetaCode/agency-orchestrator","trackingVersion":"phase3-v1","from":"UNASSESSED","to":"WARM","reason":"first assessment: WARM because warm:pushedWithin30d&stars>=1000"}
{"ts":"2026-09-26T02:49:18.624Z","operation":"track.transition","repository":"CoderLuii/HolyClaude","trackingVersion":"phase3-v1","from":"UNASSESSED","to":"WARM","reason":"first assessment: WARM because warm:pushedWithin30d&stars>=1000"}
{"ts":"2026-09-26T02:49:18.624Z","operation":"track.transition","repository":"MrGeDiao/shuorenhua","trackingVersion":"phase3-v1","from":"UNASSESSED","to":"WARM","reason":"first assessment: WARM because warm:starsPerDay7d>=8, warm:starsPerDay30d>=8, warm:pushedWithin30d&stars>=1000"}
{"ts":"2026-09-26T02:49:18.624Z","operation":"track.transition","repository":"fancyboi999/Loomic","trackingVersion":"phase3-v1","from":"UNASSESSED","to":"DORMANT","reason":"first assessment: DORMANT because dormant:no hot or warm rule passed"}
{"ts":"2026-09-26T02:49:18.624Z","operation":"track.transition","repository":"repowise-dev/repowise","trackingVersion":"phase3-v1","from":"UNASSESSED","to":"HOT","reason":"first assessment: HOT because hot:growthPercent7d>=1&growth7d>=100"}
{"ts":"2026-09-26T02:49:18.624Z","operation":"track.transition","repository":"xixihhhh/clipforge","trackingVersion":"phase3-v1","from":"UNASSESSED","to":"WARM","reason":"first assessment: WARM because warm:starsPerDay30d>=8"}
{"ts":"2026-09-26T02:49:18.624Z","operation":"track.transition","repository":"yvgude/lean-ctx","trackingVersion":"phase3-v1","from":"UNASSESSED","to":"WARM","reason":"first assessment: WARM because warm:pushedWithin30d&stars>=1000"}
{"ts":"2026-09-26T02:49:18.624Z","operation":"track.transition","repository":"ydyhello/Awesome-VLM-Streaming-Video","trackingVersion":"phase3-v1","from":"UNASSESSED","to":"DORMANT","reason":"first assessment: DORMANT because dormant:no hot or warm rule passed"}
{"ts":"2026-09-26T02:49:18.624Z","operation":"track.transition","repository":"PurpleDoubleD/locally-uncensored","trackingVersion":"phase3-v1","from":"UNASSESSED","to":"WARM","reason":"first assessment: WARM because warm:starsPerDay7d>=8, warm:starsPerDay30d>=8, warm:pushedWithin30d&stars>=1000"}
{"ts":"2026-09-26T02:49:18.624Z","operation":"track.transition","repository":"ministackorg/ministack","trackingVersion":"phase3-v1","from":"UNASSESSED","to":"WARM","reason":"first assessment: WARM because warm:starsPerDay30d>=8, warm:pushedWithin30d&stars>=1000"}
{"ts":"2026-09-26T02:49:18.624Z","operation":"track.transition","repository":"najmuzzaman-mohammad/gawkbot","trackingVersion":"phase3-v1","from":"UNASSESSED","to":"WARM","reason":"first assessment: WARM because warm:pushedWithin30d&stars>=1000"}
{"ts":"2026-09-26T02:49:18.624Z","operation":"track.transition","repository":"wiltodelta/remove-ai-watermarks","trackingVersion":"phase3-v1","from":"UNASSESSED","to":"WARM","reason":"first assessment: WARM because warm:starsPerDay7d>=8, warm:starsPerDay30d>=8, warm:pushedWithin30d&stars>=1000"}
{"ts":"2026-09-26T02:49:18.624Z","operation":"track.transition","repository":"nicedreamzapp/claude-code-local","trackingVersion":"phase3-v1","from":"UNASSESSED","to":"WARM","reason":"first assessment: WARM because warm:pushedWithin30d&stars>=1000"}
{"ts":"2026-09-26T02:49:18.624Z","operation":"track.transition","repository":"RyanCodrai/turbovec","trackingVersion":"phase3-v1","from":"UNASSESSED","to":"WARM","reason":"first assessment: WARM because warm:starsPerDay30d>=8, warm:pushedWithin30d&stars>=1000"}
{"ts":"2026-09-26T02:49:18.624Z","operation":"track.transition","repository":"dramaclaw/dramaclaw","trackingVersion":"phase3-v1","from":"UNASSESSED","to":"HOT","reason":"first assessment: HOT because hot:growthPercent7d>=1&growth7d>=100"}
{"ts":"2026-09-26T02:49:18.624Z","operation":"track.transition","repository":"jnMetaCode/ai-coding-guide","trackingVersion":"phase3-v1","from":"UNASSESSED","to":"DORMANT","reason":"first assessment: DORMANT because dormant:no hot or warm rule passed"}
{"ts":"2026-09-26T02:49:18.624Z","operation":"track.transition","repository":"OpenEnvision/Awesome-Multimodal-Modeling","trackingVersion":"phase3-v1","from":"UNASSESSED","to":"DORMANT","reason":"first assessment: DORMANT because dormant:no hot or warm rule passed"}
{"ts":"2026-09-26T02:49:18.624Z","operation":"track.transition","repository":"AMD-AGI/Hyperloom","trackingVersion":"phase3-v1","from":"UNASSESSED","to":"DORMANT","reason":"first assessment: DORMANT because dormant:no hot or warm rule passed"}
{"ts":"2026-09-26T02:49:18.624Z","operation":"track.transition","repository":"vladikk/modularity","trackingVersion":"phase3-v1","from":"UNASSESSED","to":"DORMANT","reason":"first assessment: DORMANT because dormant:no hot or warm rule passed"}
{"ts":"2026-09-26T02:49:18.624Z","operation":"track.transition","repository":"however-yir/knowledgeops-agent","trackingVersion":"phase3-v1","from":"UNASSESSED","to":"DORMANT","reason":"first assessment: DORMANT because dormant:no hot or warm rule passed"}
{"ts":"2026-09-26T02:49:18.624Z","operation":"track.transition","repository":"Observal/Observal","trackingVersion":"phase3-v1","from":"UNASSESSED","to":"HOT","reason":"first assessment: HOT because hot:starsPerDay7d>=80, hot:growthPercent7d>=1&growth7d>=100"}
{"ts":"2026-09-26T02:49:18.624Z","operation":"track.transition","repository":"nesquena/hermes-webui","trackingVersion":"phase3-v1","from":"UNASSESSED","to":"WARM","reason":"first assessment: WARM because warm:starsPerDay7d>=8, warm:starsPerDay30d>=8, warm:pushedWithin30d&stars>=1000"}
{"ts":"2026-09-26T02:49:18.624Z","operation":"track.transition","repository":"RoggeOhta/awesome-codex-cli","trackingVersion":"phase3-v1","from":"UNASSESSED","to":"DORMANT","reason":"first assessment: DORMANT because dormant:no hot or warm rule passed"}
{"ts":"2026-09-26T02:49:18.624Z","operation":"track.transition","repository":"AtomicBot-ai/Atomic-Chat","trackingVersion":"phase3-v1","from":"UNASSESSED","to":"WARM","reason":"first assessment: WARM because warm:starsPerDay7d>=8, warm:starsPerDay30d>=8, warm:pushedWithin30d&stars>=1000"}
{"ts":"2026-09-26T02:49:18.624Z","operation":"track.transition","repository":"FlowElement-xinliuyuansu/m_flow","trackingVersion":"phase3-v1","from":"UNASSESSED","to":"WARM","reason":"first assessment: WARM because warm:pushedWithin30d&stars>=1000"}
{"ts":"2026-09-26T02:49:18.624Z","operation":"track.transition","repository":"NanmiCoder/cc-haha","trackingVersion":"phase3-v1","from":"UNASSESSED","to":"WARM","reason":"first assessment: WARM because warm:starsPerDay7d>=8, warm:starsPerDay30d>=8, warm:pushedWithin30d&stars>=1000"}
{"ts":"2026-09-26T02:49:18.624Z","operation":"track.transition","repository":"open-multi-agent/open-multi-agent","trackingVersion":"phase3-v1","from":"UNASSESSED","to":"WARM","reason":"first assessment: WARM because warm:pushedWithin30d&stars>=1000"}
{"ts":"2026-09-26T02:49:18.624Z","operation":"track.transition","repository":"w8123/EnterpriseAgentFramework","trackingVersion":"phase3-v1","from":"UNASSESSED","to":"WARM","reason":"first assessment: WARM because warm:starsPerDay7d>=8"}
{"ts":"2026-09-26T02:49:18.624Z","operation":"track.transition","repository":"zhongkaifu/TensorSharp","trackingVersion":"phase3-v1","from":"UNASSESSED","to":"DORMANT","reason":"first assessment: DORMANT because dormant:no hot or warm rule passed"}
{"ts":"2026-09-26T02:49:18.624Z","operation":"track.transition","repository":"moabukar/miniblue","trackingVersion":"phase3-v1","from":"UNASSESSED","to":"DORMANT","reason":"first assessment: DORMANT because dormant:no hot or warm rule passed"}
{"ts":"2026-09-26T02:49:18.624Z","operation":"track.transition","repository":"0xSteph/pentest-ai","trackingVersion":"phase3-v1","from":"UNASSESSED","to":"WARM","reason":"first assessment: WARM because warm:pushedWithin30d&stars>=1000"}
{"ts":"2026-09-26T02:49:18.624Z","operation":"track.transition","repository":"mateaix/mateclaw","trackingVersion":"phase3-v1","from":"UNASSESSED","to":"WARM","reason":"first assessment: WARM because warm:pushedWithin30d&stars>=1000"}
{"ts":"2026-09-26T02:49:18.624Z","operation":"track.transition","repository":"xiufengsun/TokenTracker","trackingVersion":"phase3-v1","from":"UNASSESSED","to":"WARM","reason":"first assessment: WARM because warm:starsPerDay7d>=8, warm:starsPerDay30d>=8, warm:pushedWithin30d&stars>=1000"}
{"ts":"2026-09-26T02:49:18.624Z","operation":"track.transition","repository":"jaylfc/taOS","trackingVersion":"phase3-v1","from":"UNASSESSED","to":"DORMANT","reason":"first assessment: DORMANT because dormant:no hot or warm rule passed"}
{"ts":"2026-09-26T02:49:18.624Z","operation":"track.transition","repository":"FailproofAI/failproofai","trackingVersion":"phase3-v1","from":"UNASSESSED","to":"HOT","reason":"first assessment: HOT because hot:starsPerDay7d>=80, hot:growthPercent7d>=1&growth7d>=100"}
{"ts":"2026-09-26T02:49:18.624Z","operation":"track.transition","repository":"irinabuht12-oss/google-meta-ads-ga4-mcp","trackingVersion":"phase3-v1","from":"UNASSESSED","to":"HOT","reason":"first assessment: HOT because hot:growthPercent7d>=1&growth7d>=100"}
{"ts":"2026-09-26T02:49:18.624Z","operation":"track.transition","repository":"KKKKhazix/khazix-skills","trackingVersion":"phase3-v1","from":"UNASSESSED","to":"WARM","reason":"first assessment: WARM because warm:starsPerDay7d>=8, warm:starsPerDay30d>=8, warm:pushedWithin30d&stars>=1000"}
{"ts":"2026-09-26T02:49:18.624Z","operation":"track.transition","repository":"MinishLab/semble","trackingVersion":"phase3-v1","from":"UNASSESSED","to":"WARM","reason":"first assessment: WARM because warm:pushedWithin30d&stars>=1000"}
{"ts":"2026-09-26T02:49:18.624Z","operation":"track.transition","repository":"NightMean/OlliteRT","trackingVersion":"phase3-v1","from":"UNASSESSED","to":"WARM","reason":"first assessment: WARM because warm:starsPerDay7d>=8, warm:starsPerDay30d>=8"}
{"ts":"2026-09-26T02:49:18.624Z","operation":"track.transition","repository":"bitjaru/styleseed","trackingVersion":"phase3-v1","from":"UNASSESSED","to":"DORMANT","reason":"first assessment: DORMANT because dormant:no hot or warm rule passed"}
{"ts":"2026-09-26T02:49:18.624Z","operation":"track.transition","repository":"xbtlin/ai-berkshire","trackingVersion":"phase3-v1","from":"UNASSESSED","to":"WARM","reason":"first assessment: WARM because warm:starsPerDay7d>=8, warm:starsPerDay30d>=8, warm:pushedWithin30d&stars>=1000"}
{"ts":"2026-09-26T02:49:18.624Z","operation":"track.transition","repository":"tong-io/tongflow","trackingVersion":"phase3-v1","from":"UNASSESSED","to":"WARM","reason":"first assessment: WARM because warm:pushedWithin30d&stars>=1000"}
{"ts":"2026-09-26T02:49:18.624Z","operation":"track.transition","repository":"OpenMOSS/MOSS-VL","trackingVersion":"phase3-v1","from":"UNASSESSED","to":"WARM","reason":"first assessment: WARM because warm:starsPerDay30d>=8"}
{"ts":"2026-09-26T02:49:18.624Z","operation":"track.transition","repository":"google/agents-cli","trackingVersion":"phase3-v1","from":"UNASSESSED","to":"WARM","reason":"first assessment: WARM because warm:starsPerDay30d>=8, warm:pushedWithin30d&stars>=1000"}
{"ts":"2026-09-26T02:49:18.624Z","operation":"track.transition","repository":"yuhp/opencode-models-discovery","trackingVersion":"phase3-v1","from":"UNASSESSED","to":"DORMANT","reason":"first assessment: DORMANT because dormant:no hot or warm rule passed"}
{"ts":"2026-09-26T02:49:18.624Z","operation":"track.transition","repository":"walkinglabs/hands-on-modern-rl","trackingVersion":"phase3-v1","from":"UNASSESSED","to":"WARM","reason":"first assessment: WARM because warm:starsPerDay30d>=8, warm:pushedWithin30d&stars>=1000"}
{"ts":"2026-09-26T02:49:18.624Z","operation":"track.transition","repository":"TIGER-AI-Lab/ClawBench","trackingVersion":"phase3-v1","from":"UNASSESSED","to":"WARM","reason":"first assessment: WARM because warm:starsPerDay7d>=8, warm:starsPerDay30d>=8"}
{"ts":"2026-09-26T02:49:18.624Z","operation":"track.transition","repository":"zhinkgit/embeddedskills","trackingVersion":"phase3-v1","from":"UNASSESSED","to":"DORMANT","reason":"first assessment: DORMANT because dormant:no hot or warm rule passed"}
{"ts":"2026-09-26T02:49:18.624Z","operation":"track.transition","repository":"timoncool/ACE-Step-Studio","trackingVersion":"phase3-v1","from":"UNASSESSED","to":"DORMANT","reason":"first assessment: DORMANT because dormant:no hot or warm rule passed"}
{"ts":"2026-09-26T02:49:18.624Z","operation":"track.transition","repository":"OpenMOSS/MOSS-Audio","trackingVersion":"phase3-v1","from":"UNASSESSED","to":"DORMANT","reason":"first assessment: DORMANT because dormant:no hot or warm rule passed"}
{"ts":"2026-09-26T02:49:18.624Z","operation":"track.transition","repository":"itayinbarr/little-coder","trackingVersion":"phase3-v1","from":"UNASSESSED","to":"WARM","reason":"first assessment: WARM because warm:pushedWithin30d&stars>=1000"}
{"ts":"2026-09-26T02:49:18.624Z","operation":"track.transition","repository":"amitshekhariitbhu/llm-internals","trackingVersion":"phase3-v1","from":"UNASSESSED","to":"WARM","reason":"first assessment: WARM because warm:pushedWithin30d&stars>=1000"}
{"ts":"2026-09-26T02:49:18.624Z","operation":"track.transition","repository":"KnockOutEZ/wigolo","trackingVersion":"phase3-v1","from":"UNASSESSED","to":"WARM","reason":"first assessment: WARM because warm:starsPerDay7d>=8, warm:starsPerDay30d>=8, warm:pushedWithin30d&stars>=1000"}
{"ts":"2026-09-26T02:49:18.624Z","operation":"track.transition","repository":"rawfilejson/awesome-osint-arsenal","trackingVersion":"phase3-v1","from":"UNASSESSED","to":"HOT","reason":"first assessment: HOT because hot:growthPercent7d>=1&growth7d>=100"}
{"ts":"2026-09-26T02:49:18.624Z","operation":"track.transition","repository":"redai-studio/Relax","trackingVersion":"phase3-v1","from":"UNASSESSED","to":"DORMANT","reason":"first assessment: DORMANT because dormant:no hot or warm rule passed"}
{"ts":"2026-09-26T02:49:18.624Z","operation":"track.transition","repository":"rust-codegen-group/sigil-stitch","trackingVersion":"phase3-v1","from":"UNASSESSED","to":"DORMANT","reason":"first assessment: DORMANT because dormant:no hot or warm rule passed"}
{"ts":"2026-09-26T02:49:18.624Z","operation":"track.transition","repository":"getagentseal/codeburn","trackingVersion":"phase3-v1","from":"UNASSESSED","to":"HOT","reason":"first assessment: HOT because hot:growthPercent7d>=1&growth7d>=100"}
{"ts":"2026-09-26T02:49:18.624Z","operation":"track.transition","repository":"LambdaTest/kane-cli","trackingVersion":"phase3-v1","from":"UNASSESSED","to":"DORMANT","reason":"first assessment: DORMANT because dormant:no hot or warm rule passed"}
{"ts":"2026-09-26T02:49:18.624Z","operation":"track.transition","repository":"mukul975/cve-mcp-server","trackingVersion":"phase3-v1","from":"UNASSESSED","to":"WARM","reason":"first assessment: WARM because warm:starsPerDay30d>=8, warm:pushedWithin30d&stars>=1000"}
{"ts":"2026-09-26T02:49:18.624Z","operation":"track.transition","repository":"sergebulaev/linkedin-skills","trackingVersion":"phase3-v1","from":"UNASSESSED","to":"HOT","reason":"first assessment: HOT because hot:starsPerDay7d>=80, hot:growthPercent7d>=1&growth7d>=100"}
{"ts":"2026-09-26T02:49:18.624Z","operation":"track.transition","repository":"witty-suckerpunch492/daihuo-jianshou","trackingVersion":"phase3-v1","from":"UNASSESSED","to":"DORMANT","reason":"first assessment: DORMANT because dormant:no hot or warm rule passed"}
{"ts":"2026-09-26T02:49:18.624Z","operation":"track.transition","repository":"backblaze-labs/genblaze","trackingVersion":"phase3-v1","from":"UNASSESSED","to":"DORMANT","reason":"first assessment: DORMANT because dormant:no hot or warm rule passed"}
{"ts":"2026-09-26T02:49:18.624Z","operation":"track.transition","repository":"Deno2026/comfyui-deno-custom-nodes","trackingVersion":"phase3-v1","from":"UNASSESSED","to":"DORMANT","reason":"first assessment: DORMANT because dormant:no hot or warm rule passed"}
{"ts":"2026-09-26T02:49:18.624Z","operation":"track.transition","repository":"iFurySt/open-codex-computer-use","trackingVersion":"phase3-v1","from":"UNASSESSED","to":"HOT","reason":"first assessment: HOT because hot:growthPercent7d>=1&growth7d>=100"}
{"ts":"2026-09-26T02:49:18.624Z","operation":"track.transition","repository":"Sandermage/sndr_core_engine","trackingVersion":"phase3-v1","from":"UNASSESSED","to":"DORMANT","reason":"first assessment: DORMANT because dormant:no hot or warm rule passed"}
{"ts":"2026-09-26T02:49:18.624Z","operation":"track.transition","repository":"jegly/Box","trackingVersion":"phase3-v1","from":"UNASSESSED","to":"DORMANT","reason":"first assessment: DORMANT because dormant:no hot or warm rule passed"}
{"ts":"2026-09-26T02:49:18.625Z","operation":"track.transition","repository":"1ay1/agentty","trackingVersion":"phase3-v1","from":"UNASSESSED","to":"DORMANT","reason":"first assessment: DORMANT because dormant:no hot or warm rule passed"}
{"ts":"2026-09-26T02:49:18.625Z","operation":"track.transition","repository":"xiayu1987/noobot","trackingVersion":"phase3-v1","from":"UNASSESSED","to":"DORMANT","reason":"first assessment: DORMANT because dormant:no hot or warm rule passed"}
{"ts":"2026-09-26T02:49:18.625Z","operation":"track.transition","repository":"OpenCoworkAI/open-codesign","trackingVersion":"phase3-v1","from":"UNASSESSED","to":"WARM","reason":"first assessment: WARM because warm:pushedWithin30d&stars>=1000"}
{"ts":"2026-09-26T02:49:18.625Z","operation":"track.transition","repository":"Netw0rkNoob/VulnClaw","trackingVersion":"phase3-v1","from":"UNASSESSED","to":"WARM","reason":"first assessment: WARM because warm:starsPerDay7d>=8, warm:starsPerDay30d>=8, warm:pushedWithin30d&stars>=1000"}
{"ts":"2026-09-26T02:49:18.625Z","operation":"track.transition","repository":"uber/ADR","trackingVersion":"phase3-v1","from":"UNASSESSED","to":"WARM","reason":"first assessment: WARM because warm:pushedWithin30d&stars>=1000"}
{"ts":"2026-09-26T02:49:18.625Z","operation":"track.transition","repository":"thClaws/thClaws","trackingVersion":"phase3-v1","from":"UNASSESSED","to":"WARM","reason":"first assessment: WARM because warm:pushedWithin30d&stars>=1000"}
{"ts":"2026-09-26T02:49:18.625Z","operation":"track.transition","repository":"malisper/pgrust","trackingVersion":"phase3-v1","from":"UNASSESSED","to":"WARM","reason":"first assessment: WARM because warm:starsPerDay30d>=8, warm:pushedWithin30d&stars>=1000"}
{"ts":"2026-09-26T02:49:18.625Z","operation":"track.transition","repository":"agentforce314/clawcodex","trackingVersion":"phase3-v1","from":"UNASSESSED","to":"DORMANT","reason":"first assessment: DORMANT because dormant:no hot or warm rule passed"}
{"ts":"2026-09-26T02:49:18.625Z","operation":"track.transition","repository":"zjunlp/SciAtlas","trackingVersion":"phase3-v1","from":"UNASSESSED","to":"DORMANT","reason":"first assessment: DORMANT because dormant:no hot or warm rule passed"}
{"ts":"2026-09-26T02:49:18.625Z","operation":"track.transition","repository":"heider-x/vela","trackingVersion":"phase3-v1","from":"UNASSESSED","to":"DORMANT","reason":"first assessment: DORMANT because dormant:no hot or warm rule passed"}
{"ts":"2026-09-26T02:49:18.625Z","operation":"track.transition","repository":"verl-project/verl-omni","trackingVersion":"phase3-v1","from":"UNASSESSED","to":"WARM","reason":"first assessment: WARM because warm:pushedWithin30d&stars>=1000"}
{"ts":"2026-09-26T02:49:18.625Z","operation":"track.transition","repository":"AtomicBot-ai/atomic-agent","trackingVersion":"phase3-v1","from":"UNASSESSED","to":"WARM","reason":"first assessment: WARM because warm:pushedWithin30d&stars>=1000"}
{"ts":"2026-09-26T02:49:18.625Z","operation":"track.transition","repository":"venkatapgummadi/ascend","trackingVersion":"phase3-v1","from":"UNASSESSED","to":"DORMANT","reason":"first assessment: DORMANT because dormant:no hot or warm rule passed"}
{"ts":"2026-09-26T02:49:18.625Z","operation":"track.transition","repository":"earthtojake/text-to-cad","trackingVersion":"phase3-v1","from":"UNASSESSED","to":"HOT","reason":"first assessment: HOT because hot:growthPercent7d>=1&growth7d>=100"}
{"ts":"2026-09-26T02:49:18.625Z","operation":"track.transition","repository":"aliaihub/awesome-hermes-usecases","trackingVersion":"phase3-v1","from":"UNASSESSED","to":"DORMANT","reason":"first assessment: DORMANT because dormant:no hot or warm rule passed"}
{"ts":"2026-09-26T02:49:18.625Z","operation":"track.transition","repository":"wuyoscar/GPT-Image2-Skill","trackingVersion":"phase3-v1","from":"UNASSESSED","to":"WARM","reason":"first assessment: WARM because warm:starsPerDay7d>=8, warm:starsPerDay30d>=8, warm:pushedWithin30d&stars>=1000"}
{"ts":"2026-09-26T02:49:18.625Z","operation":"track.transition","repository":"future-agi/future-agi","trackingVersion":"phase3-v1","from":"UNASSESSED","to":"WARM","reason":"first assessment: WARM because warm:pushedWithin30d&stars>=1000"}
{"ts":"2026-09-26T02:49:18.625Z","operation":"track.transition","repository":"OleksandrChekhovskyi/hax","trackingVersion":"phase3-v1","from":"UNASSESSED","to":"DORMANT","reason":"first assessment: DORMANT because dormant:no hot or warm rule passed"}
{"ts":"2026-09-26T02:49:18.625Z","operation":"track.transition","repository":"matrix-agent/awesome-agentic-world-modeling","trackingVersion":"phase3-v1","from":"UNASSESSED","to":"DORMANT","reason":"first assessment: DORMANT because dormant:no hot or warm rule passed"}
{"ts":"2026-09-26T02:49:18.625Z","operation":"track.transition","repository":"ChrisChen667788/wind-comic","trackingVersion":"phase3-v1","from":"UNASSESSED","to":"DORMANT","reason":"first assessment: DORMANT because dormant:no hot or warm rule passed"}
{"ts":"2026-09-26T02:49:18.625Z","operation":"track.transition","repository":"Shoshuo/Prismarr","trackingVersion":"phase3-v1","from":"UNASSESSED","to":"DORMANT","reason":"first assessment: DORMANT because dormant:no hot or warm rule passed"}
{"ts":"2026-09-26T02:49:18.625Z","operation":"track.transition","repository":"EddieTYP/image-prompt-library","trackingVersion":"phase3-v1","from":"UNASSESSED","to":"DORMANT","reason":"first assessment: DORMANT because dormant:no hot or warm rule passed"}
{"ts":"2026-09-26T02:49:18.625Z","operation":"track.transition","repository":"openlake-project/openlake","trackingVersion":"phase3-v1","from":"UNASSESSED","to":"WARM","reason":"first assessment: WARM because warm:starsPerDay30d>=8, warm:pushedWithin30d&stars>=1000"}
{"ts":"2026-09-26T02:49:18.625Z","operation":"track.transition","repository":"Open-Less/openless","trackingVersion":"phase3-v1","from":"UNASSESSED","to":"WARM","reason":"first assessment: WARM because warm:starsPerDay30d>=8, warm:pushedWithin30d&stars>=1000"}
{"ts":"2026-09-26T02:49:18.625Z","operation":"track.transition","repository":"buluslan/gpt-image2-ecommerce","trackingVersion":"phase3-v1","from":"UNASSESSED","to":"DORMANT","reason":"first assessment: DORMANT because dormant:no hot or warm rule passed"}
{"ts":"2026-09-26T02:49:18.625Z","operation":"track.transition","repository":"michaelwilhelmsen/humla","trackingVersion":"phase3-v1","from":"UNASSESSED","to":"DORMANT","reason":"first assessment: DORMANT because dormant:no hot or warm rule passed"}
{"ts":"2026-09-26T02:49:18.625Z","operation":"track.transition","repository":"EthanChan050430/Saki-Panel","trackingVersion":"phase3-v1","from":"UNASSESSED","to":"WARM","reason":"first assessment: WARM because warm:starsPerDay7d>=8"}
{"ts":"2026-09-26T02:49:18.625Z","operation":"track.transition","repository":"t8y2/dbx","trackingVersion":"phase3-v1","from":"UNASSESSED","to":"HOT","reason":"first assessment: HOT because hot:starsPerDay7d>=80, hot:growthPercent7d>=1&growth7d>=100"}
{"ts":"2026-09-26T02:49:18.625Z","operation":"track.transition","repository":"codehamr/codehamr","trackingVersion":"phase3-v1","from":"UNASSESSED","to":"DORMANT","reason":"first assessment: DORMANT because dormant:no hot or warm rule passed"}
{"ts":"2026-09-26T02:49:18.625Z","operation":"track.transition","repository":"mrbizarro/Phosphene","trackingVersion":"phase3-v1","from":"UNASSESSED","to":"DORMANT","reason":"first assessment: DORMANT because dormant:no hot or warm rule passed"}
{"ts":"2026-09-26T02:49:18.625Z","operation":"track.transition","repository":"wlsdks/ontology-atlas","trackingVersion":"phase3-v1","from":"UNASSESSED","to":"DORMANT","reason":"first assessment: DORMANT because dormant:no hot or warm rule passed"}
{"ts":"2026-09-26T02:49:18.625Z","operation":"track.transition","repository":"mockzilla/mockzilla","trackingVersion":"phase3-v1","from":"UNASSESSED","to":"DORMANT","reason":"first assessment: DORMANT because dormant:no hot or warm rule passed"}
{"ts":"2026-09-26T02:49:18.625Z","operation":"track.transition","repository":"dmae97/omk","trackingVersion":"phase3-v1","from":"UNASSESSED","to":"DORMANT","reason":"first assessment: DORMANT because dormant:no hot or warm rule passed"}
{"ts":"2026-09-26T02:49:18.625Z","operation":"track.transition","repository":"GanyuanRan/Aegis","trackingVersion":"phase3-v1","from":"UNASSESSED","to":"WARM","reason":"first assessment: WARM because warm:starsPerDay7d>=8, warm:pushedWithin30d&stars>=1000"}
{"ts":"2026-09-26T02:49:18.625Z","operation":"track.transition","repository":"prasenjeet-symon/ogcode","trackingVersion":"phase3-v1","from":"UNASSESSED","to":"DORMANT","reason":"first assessment: DORMANT because dormant:no hot or warm rule passed"}
{"ts":"2026-09-26T02:49:18.625Z","operation":"track.transition","repository":"youssofal/MTPLX","trackingVersion":"phase3-v1","from":"UNASSESSED","to":"WARM","reason":"first assessment: WARM because warm:starsPerDay7d>=8, warm:starsPerDay30d>=8, warm:pushedWithin30d&stars>=1000"}
{"ts":"2026-09-26T02:49:18.625Z","operation":"track.transition","repository":"beenuar/AiSOC","trackingVersion":"phase3-v1","from":"UNASSESSED","to":"WARM","reason":"first assessment: WARM because warm:pushedWithin30d&stars>=1000"}
{"ts":"2026-09-26T02:49:18.625Z","operation":"track.transition","repository":"crafter-station/petdex","trackingVersion":"phase3-v1","from":"UNASSESSED","to":"WARM","reason":"first assessment: WARM because warm:pushedWithin30d&stars>=1000"}
{"ts":"2026-09-26T02:49:18.625Z","operation":"track.transition","repository":"wq19901103wq/wechat-mac-rpa","trackingVersion":"phase3-v1","from":"UNASSESSED","to":"DORMANT","reason":"first assessment: DORMANT because dormant:no hot or warm rule passed"}
{"ts":"2026-09-26T02:49:18.625Z","operation":"track.transition","repository":"tugkanboz/awesome-ai-testing","trackingVersion":"phase3-v1","from":"UNASSESSED","to":"DORMANT","reason":"first assessment: DORMANT because dormant:no hot or warm rule passed"}
{"ts":"2026-09-26T02:49:18.625Z","operation":"track.transition","repository":"Bitshank-2338/clicky-windows","trackingVersion":"phase3-v1","from":"UNASSESSED","to":"DORMANT","reason":"first assessment: DORMANT because dormant:no hot or warm rule passed"}
{"ts":"2026-09-26T02:49:18.625Z","operation":"track.transition","repository":"Rath-Team/OpenRath","trackingVersion":"phase3-v1","from":"UNASSESSED","to":"WARM","reason":"first assessment: WARM because warm:pushedWithin30d&stars>=1000"}
{"ts":"2026-09-26T02:49:18.625Z","operation":"track.transition","repository":"aqm857886159/Nomi","trackingVersion":"phase3-v1","from":"UNASSESSED","to":"DORMANT","reason":"first assessment: DORMANT because dormant:no hot or warm rule passed"}
{"ts":"2026-09-26T02:49:18.625Z","operation":"track.transition","repository":"WenyuChiou/awesome-agentic-ai-zh","trackingVersion":"phase3-v1","from":"UNASSESSED","to":"WARM","reason":"first assessment: WARM because warm:starsPerDay7d>=8, warm:starsPerDay30d>=8, warm:pushedWithin30d&stars>=1000"}
{"ts":"2026-09-26T02:49:18.625Z","operation":"track.transition","repository":"datawhalechina/deepagents-in-action","trackingVersion":"phase3-v1","from":"UNASSESSED","to":"WARM","reason":"first assessment: WARM because warm:starsPerDay30d>=8, warm:pushedWithin30d&stars>=1000"}
{"ts":"2026-09-26T02:49:18.625Z","operation":"track.transition","repository":"Avarok-Cybersecurity/atlas","trackingVersion":"phase3-v1","from":"UNASSESSED","to":"DORMANT","reason":"first assessment: DORMANT because dormant:no hot or warm rule passed"}
{"ts":"2026-09-26T02:49:18.625Z","operation":"track.transition","repository":"darkrishabh/agent-skills-eval","trackingVersion":"phase3-v1","from":"UNASSESSED","to":"DORMANT","reason":"first assessment: DORMANT because dormant:no hot or warm rule passed"}
{"ts":"2026-09-26T02:49:18.625Z","operation":"track.transition","repository":"alibaba/UnifiedModel","trackingVersion":"phase3-v1","from":"UNASSESSED","to":"DORMANT","reason":"first assessment: DORMANT because dormant:no hot or warm rule passed"}
{"ts":"2026-09-26T02:49:18.625Z","operation":"track.transition","repository":"CodeAbra/iai-personal-memory-engine","trackingVersion":"phase3-v1","from":"UNASSESSED","to":"DORMANT","reason":"first assessment: DORMANT because dormant:no hot or warm rule passed"}
{"ts":"2026-09-26T02:49:18.625Z","operation":"track.transition","repository":"OpenOSINT/OpenOSINT","trackingVersion":"phase3-v1","from":"UNASSESSED","to":"WARM","reason":"first assessment: WARM because warm:pushedWithin30d&stars>=1000"}
{"ts":"2026-09-26T02:49:18.625Z","operation":"track.transition","repository":"devframes/devframe","trackingVersion":"phase3-v1","from":"UNASSESSED","to":"WARM","reason":"first assessment: WARM because warm:starsPerDay7d>=8, warm:starsPerDay30d>=8"}
{"ts":"2026-09-26T02:49:18.625Z","operation":"track.transition","repository":"EvoLinkAI/gpt-image-2.5-for-e-commerce","trackingVersion":"phase3-v1","from":"UNASSESSED","to":"DORMANT","reason":"first assessment: DORMANT because dormant:no hot or warm rule passed"}
{"ts":"2026-09-26T02:49:18.625Z","operation":"track.transition","repository":"iAmCorey/kooky","trackingVersion":"phase3-v1","from":"UNASSESSED","to":"DORMANT","reason":"first assessment: DORMANT because dormant:no hot or warm rule passed"}
{"ts":"2026-09-26T02:49:18.625Z","operation":"track.transition","repository":"zjunlp/LabVLA","trackingVersion":"phase3-v1","from":"UNASSESSED","to":"DORMANT","reason":"first assessment: DORMANT because dormant:no hot or warm rule passed"}
{"ts":"2026-09-26T02:49:18.625Z","operation":"track.transition","repository":"ffroliva/gflow-cli","trackingVersion":"phase3-v1","from":"UNASSESSED","to":"DORMANT","reason":"first assessment: DORMANT because dormant:no hot or warm rule passed"}
{"ts":"2026-09-26T02:49:18.625Z","operation":"track.transition","repository":"riponcm/projectmem","trackingVersion":"phase3-v1","from":"UNASSESSED","to":"DORMANT","reason":"first assessment: DORMANT because dormant:no hot or warm rule passed"}
{"ts":"2026-09-26T02:49:18.625Z","operation":"track.transition","repository":"rahilp/second-brain-cloudflare","trackingVersion":"phase3-v1","from":"UNASSESSED","to":"DORMANT","reason":"first assessment: DORMANT because dormant:no hot or warm rule passed"}
{"ts":"2026-09-26T02:49:18.625Z","operation":"track.transition","repository":"Gentleman-Programming/gentle-shell","trackingVersion":"phase3-v1","from":"UNASSESSED","to":"HOT","reason":"first assessment: HOT because hot:growthPercent7d>=1&growth7d>=100"}
{"ts":"2026-09-26T02:49:18.625Z","operation":"track.transition","repository":"VigoZhao/AI-Visual-Prompt-Cookbook","trackingVersion":"phase3-v1","from":"UNASSESSED","to":"DORMANT","reason":"first assessment: DORMANT because dormant:no hot or warm rule passed"}
{"ts":"2026-09-26T02:49:18.625Z","operation":"track.transition","repository":"nexu-io/html-anything","trackingVersion":"phase3-v1","from":"UNASSESSED","to":"WARM","reason":"first assessment: WARM because warm:starsPerDay30d>=8, warm:pushedWithin30d&stars>=1000"}
{"ts":"2026-09-26T02:49:18.625Z","operation":"track.transition","repository":"juanjuandog/FinSight-AI","trackingVersion":"phase3-v1","from":"UNASSESSED","to":"WARM","reason":"first assessment: WARM because warm:pushedWithin30d&stars>=1000"}
{"ts":"2026-09-26T02:49:18.625Z","operation":"track.transition","repository":"Asymptote-Labs/agent-beacon","trackingVersion":"phase3-v1","from":"UNASSESSED","to":"HOT","reason":"first assessment: HOT because hot:starsPerDay7d>=80, hot:growthPercent7d>=1&growth7d>=100"}
{"ts":"2026-09-26T02:49:18.625Z","operation":"track.transition","repository":"xichan96/dinotty","trackingVersion":"phase3-v1","from":"UNASSESSED","to":"DORMANT","reason":"first assessment: DORMANT because dormant:no hot or warm rule passed"}
{"ts":"2026-09-26T02:49:18.625Z","operation":"track.transition","repository":"repoprompt/repoprompt-ce","trackingVersion":"phase3-v1","from":"UNASSESSED","to":"DORMANT","reason":"first assessment: DORMANT because dormant:no hot or warm rule passed"}
{"ts":"2026-09-26T02:49:18.625Z","operation":"track.transition","repository":"WrongStack/WrongStack","trackingVersion":"phase3-v1","from":"UNASSESSED","to":"DORMANT","reason":"first assessment: DORMANT because dormant:no hot or warm rule passed"}
{"ts":"2026-09-26T02:49:18.625Z","operation":"track.transition","repository":"kytmanov/synto","trackingVersion":"phase3-v1","from":"UNASSESSED","to":"DORMANT","reason":"first assessment: DORMANT because dormant:no hot or warm rule passed"}
{"ts":"2026-09-26T02:49:18.625Z","operation":"track.transition","repository":"DenisSergeevitch/agents-best-practices","trackingVersion":"phase3-v1","from":"UNASSESSED","to":"WARM","reason":"first assessment: WARM because warm:pushedWithin30d&stars>=1000"}
{"ts":"2026-09-26T02:49:18.625Z","operation":"track.transition","repository":"seakee/CPA-Manager-Plus","trackingVersion":"phase3-v1","from":"UNASSESSED","to":"HOT","reason":"first assessment: HOT because hot:growthPercent7d>=1&growth7d>=100"}
{"ts":"2026-09-26T02:49:18.625Z","operation":"track.transition","repository":"jnMetaCode/ai-shortfilm-prompts","trackingVersion":"phase3-v1","from":"UNASSESSED","to":"DORMANT","reason":"first assessment: DORMANT because dormant:no hot or warm rule passed"}
{"ts":"2026-09-26T02:49:18.625Z","operation":"track.transition","repository":"KatrielMoses/MailAccess","trackingVersion":"phase3-v1","from":"UNASSESSED","to":"WARM","reason":"first assessment: WARM because warm:starsPerDay7d>=8, warm:starsPerDay30d>=8, warm:pushedWithin30d&stars>=1000"}
{"ts":"2026-09-26T02:49:18.625Z","operation":"track.transition","repository":"tonbo-io/ursula","trackingVersion":"phase3-v1","from":"UNASSESSED","to":"DORMANT","reason":"first assessment: DORMANT because dormant:no hot or warm rule passed"}
{"ts":"2026-09-26T02:49:18.625Z","operation":"track.transition","repository":"ather-techie/rag-interview-system","trackingVersion":"phase3-v1","from":"UNASSESSED","to":"DORMANT","reason":"first assessment: DORMANT because dormant:no hot or warm rule passed"}
{"ts":"2026-09-26T02:49:18.625Z","operation":"track.transition","repository":"butterbase-ai/butterbase","trackingVersion":"phase3-v1","from":"UNASSESSED","to":"WARM","reason":"first assessment: WARM because warm:starsPerDay7d>=8, warm:starsPerDay30d>=8, warm:pushedWithin30d&stars>=1000"}
{"ts":"2026-09-26T02:49:18.625Z","operation":"track.transition","repository":"ayushh0110/ScreenMind","trackingVersion":"phase3-v1","from":"UNASSESSED","to":"DORMANT","reason":"first assessment: DORMANT because dormant:no hot or warm rule passed"}
{"ts":"2026-09-26T02:49:18.625Z","operation":"track.transition","repository":"study8677/awesome-architecture","trackingVersion":"phase3-v1","from":"UNASSESSED","to":"WARM","reason":"first assessment: WARM because warm:pushedWithin30d&stars>=1000"}
{"ts":"2026-09-26T02:49:18.625Z","operation":"track.transition","repository":"aa0101181514/tw-legal-rag","trackingVersion":"phase3-v1","from":"UNASSESSED","to":"DORMANT","reason":"first assessment: DORMANT because dormant:no hot or warm rule passed"}
{"ts":"2026-09-26T02:49:18.625Z","operation":"track.transition","repository":"ongridio/ongrid","trackingVersion":"phase3-v1","from":"UNASSESSED","to":"WARM","reason":"first assessment: WARM because warm:pushedWithin30d&stars>=1000"}
{"ts":"2026-09-26T02:49:18.625Z","operation":"track.transition","repository":"termio-sh/termio","trackingVersion":"phase3-v1","from":"UNASSESSED","to":"DORMANT","reason":"first assessment: DORMANT because dormant:no hot or warm rule passed"}
{"ts":"2026-09-26T02:49:18.625Z","operation":"track.transition","repository":"JasonColapietro/suede-creator-skills","trackingVersion":"phase3-v1","from":"UNASSESSED","to":"DORMANT","reason":"first assessment: DORMANT because dormant:no hot or warm rule passed"}
{"ts":"2026-09-26T02:49:18.625Z","operation":"track.transition","repository":"UditAkhourii/adhd","trackingVersion":"phase3-v1","from":"UNASSESSED","to":"WARM","reason":"first assessment: WARM because warm:starsPerDay30d>=8, warm:pushedWithin30d&stars>=1000"}
{"ts":"2026-09-26T02:49:18.625Z","operation":"track.transition","repository":"uvwt/agentdock","trackingVersion":"phase3-v1","from":"UNASSESSED","to":"WARM","reason":"first assessment: WARM because warm:starsPerDay7d>=8, warm:starsPerDay30d>=8, warm:pushedWithin30d&stars>=1000"}
{"ts":"2026-09-26T02:49:18.625Z","operation":"track.transition","repository":"Tejas-TA/predikit","trackingVersion":"phase3-v1","from":"UNASSESSED","to":"DORMANT","reason":"first assessment: DORMANT because dormant:no hot or warm rule passed"}
{"ts":"2026-09-26T02:49:18.625Z","operation":"track.transition","repository":"gammahazard/locate-anything","trackingVersion":"phase3-v1","from":"UNASSESSED","to":"DORMANT","reason":"first assessment: DORMANT because dormant:no hot or warm rule passed"}
{"ts":"2026-09-26T02:49:18.625Z","operation":"track.transition","repository":"modelstudioai/cli","trackingVersion":"phase3-v1","from":"UNASSESSED","to":"HOT","reason":"first assessment: HOT because hot:growthPercent7d>=1&growth7d>=100"}
{"ts":"2026-09-26T02:49:18.625Z","operation":"track.transition","repository":"Gitlawb/zero","trackingVersion":"phase3-v1","from":"UNASSESSED","to":"WARM","reason":"first assessment: WARM because warm:pushedWithin30d&stars>=1000"}
{"ts":"2026-09-26T02:49:18.625Z","operation":"track.transition","repository":"AaravKashyap12/advise-project-approach","trackingVersion":"phase3-v1","from":"UNASSESSED","to":"DORMANT","reason":"first assessment: DORMANT because dormant:no hot or warm rule passed"}
{"ts":"2026-09-26T02:49:18.625Z","operation":"track.transition","repository":"StarTrail-org/PixelRAG","trackingVersion":"phase3-v1","from":"UNASSESSED","to":"WARM","reason":"first assessment: WARM because warm:starsPerDay7d>=8, warm:starsPerDay30d>=8, warm:pushedWithin30d&stars>=1000"}
{"ts":"2026-09-26T02:49:18.625Z","operation":"track.transition","repository":"liuyanghejerry/Clausura","trackingVersion":"phase3-v1","from":"UNASSESSED","to":"DORMANT","reason":"first assessment: DORMANT because dormant:no hot or warm rule passed"}
{"ts":"2026-09-26T02:49:18.625Z","operation":"track.transition","repository":"kodelyx/flow-agent","trackingVersion":"phase3-v1","from":"UNASSESSED","to":"DORMANT","reason":"first assessment: DORMANT because dormant:no hot or warm rule passed"}
{"ts":"2026-09-26T02:49:18.625Z","operation":"track.transition","repository":"decionis/govern","trackingVersion":"phase3-v1","from":"UNASSESSED","to":"DORMANT","reason":"first assessment: DORMANT because dormant:no hot or warm rule passed"}
{"ts":"2026-09-26T02:49:18.625Z","operation":"track.transition","repository":"Deuz-AI/Deuz-SDK","trackingVersion":"phase3-v1","from":"UNASSESSED","to":"WARM","reason":"first assessment: WARM because warm:starsPerDay30d>=8"}
{"ts":"2026-09-26T02:49:18.625Z","operation":"track.transition","repository":"Totoro-jam/battle-tested-patterns","trackingVersion":"phase3-v1","from":"UNASSESSED","to":"DORMANT","reason":"first assessment: DORMANT because dormant:no hot or warm rule passed"}
{"ts":"2026-09-26T02:49:18.625Z","operation":"track.transition","repository":"rafal-qa/slopo","trackingVersion":"phase3-v1","from":"UNASSESSED","to":"WARM","reason":"first assessment: WARM because warm:starsPerDay30d>=8"}
{"ts":"2026-09-26T02:49:18.625Z","operation":"track.transition","repository":"mjasnikovs/pi-task","trackingVersion":"phase3-v1","from":"UNASSESSED","to":"DORMANT","reason":"first assessment: DORMANT because dormant:no hot or warm rule passed"}
{"ts":"2026-09-26T02:49:18.625Z","operation":"track.transition","repository":"momori777/Artemis","trackingVersion":"phase3-v1","from":"UNASSESSED","to":"DORMANT","reason":"first assessment: DORMANT because dormant:no hot or warm rule passed"}
{"ts":"2026-09-26T02:49:18.625Z","operation":"track.transition","repository":"superloglabs/superlog","trackingVersion":"phase3-v1","from":"UNASSESSED","to":"WARM","reason":"first assessment: WARM because warm:pushedWithin30d&stars>=1000"}
{"ts":"2026-09-26T02:49:18.625Z","operation":"track.transition","repository":"DsThakurRawat/Backend-from-first-Principle","trackingVersion":"phase3-v1","from":"UNASSESSED","to":"WARM","reason":"first assessment: WARM because warm:starsPerDay30d>=8"}
{"ts":"2026-09-26T02:49:18.625Z","operation":"track.transition","repository":"Jwuthri/Tracely-ai","trackingVersion":"phase3-v1","from":"UNASSESSED","to":"WARM","reason":"first assessment: WARM because warm:starsPerDay30d>=8, warm:pushedWithin30d&stars>=1000"}
{"ts":"2026-09-26T02:49:18.625Z","operation":"track.transition","repository":"tastyeffectco/sandboxd","trackingVersion":"phase3-v1","from":"UNASSESSED","to":"DORMANT","reason":"first assessment: DORMANT because dormant:no hot or warm rule passed"}
{"ts":"2026-09-26T02:49:18.625Z","operation":"track.transition","repository":"bagidea/bagidea-office","trackingVersion":"phase3-v1","from":"UNASSESSED","to":"DORMANT","reason":"first assessment: DORMANT because dormant:no hot or warm rule passed"}
{"ts":"2026-09-26T02:49:18.625Z","operation":"track.transition","repository":"techjarves/Portable-Local-Studio","trackingVersion":"phase3-v1","from":"UNASSESSED","to":"WARM","reason":"first assessment: WARM because warm:starsPerDay30d>=8, warm:pushedWithin30d&stars>=1000"}
{"ts":"2026-09-26T02:49:18.625Z","operation":"track.transition","repository":"myccarl/ai-shortVideo-pipeline","trackingVersion":"phase3-v1","from":"UNASSESSED","to":"DORMANT","reason":"first assessment: DORMANT because dormant:no hot or warm rule passed"}
{"ts":"2026-09-26T02:49:18.625Z","operation":"track.transition","repository":"Dong90/oh-my-taiyiforge","trackingVersion":"phase3-v1","from":"UNASSESSED","to":"DORMANT","reason":"first assessment: DORMANT because dormant:no hot or warm rule passed"}
{"ts":"2026-09-26T02:49:18.625Z","operation":"track.transition","repository":"razzant/claudexor","trackingVersion":"phase3-v1","from":"UNASSESSED","to":"DORMANT","reason":"first assessment: DORMANT because dormant:no hot or warm rule passed"}
{"ts":"2026-09-26T02:49:18.625Z","operation":"track.transition","repository":"tigerless-labs/cost-xray","trackingVersion":"phase3-v1","from":"UNASSESSED","to":"HOT","reason":"first assessment: HOT because hot:growthPercent7d>=1&growth7d>=100"}
{"ts":"2026-09-26T02:49:18.625Z","operation":"track.transition","repository":"lj1270998580-crypto/Agnes-help-skill","trackingVersion":"phase3-v1","from":"UNASSESSED","to":"DORMANT","reason":"first assessment: DORMANT because dormant:no hot or warm rule passed"}
{"ts":"2026-09-26T02:49:18.625Z","operation":"track.transition","repository":"kadevin/ilab-conjure","trackingVersion":"phase3-v1","from":"UNASSESSED","to":"DORMANT","reason":"first assessment: DORMANT because dormant:no hot or warm rule passed"}
{"ts":"2026-09-26T02:49:18.625Z","operation":"track.transition","repository":"RightNow-AI/AutoMegaKernel","trackingVersion":"phase3-v1","from":"UNASSESSED","to":"DORMANT","reason":"first assessment: DORMANT because dormant:no hot or warm rule passed"}
{"ts":"2026-09-26T02:49:18.625Z","operation":"track.transition","repository":"kennss/SiliconScope","trackingVersion":"phase3-v1","from":"UNASSESSED","to":"DORMANT","reason":"first assessment: DORMANT because dormant:no hot or warm rule passed"}
{"ts":"2026-09-26T02:49:18.625Z","operation":"track.transition","repository":"inclusionAI/AReno","trackingVersion":"phase3-v1","from":"UNASSESSED","to":"DORMANT","reason":"first assessment: DORMANT because dormant:no hot or warm rule passed"}
{"ts":"2026-09-26T02:49:18.625Z","operation":"track.transition","repository":"cobusgreyling/loop-engineering","trackingVersion":"phase3-v1","from":"UNASSESSED","to":"WARM","reason":"first assessment: WARM because warm:starsPerDay30d>=8, warm:pushedWithin30d&stars>=1000"}
{"ts":"2026-09-26T02:49:18.625Z","operation":"track.transition","repository":"aws-devtools-labs/aws-blocks","trackingVersion":"phase3-v1","from":"UNASSESSED","to":"DORMANT","reason":"first assessment: DORMANT because dormant:no hot or warm rule passed"}
{"ts":"2026-09-26T02:49:18.625Z","operation":"track.transition","repository":"john-rocky/coreai-model-zoo","trackingVersion":"phase3-v1","from":"UNASSESSED","to":"DORMANT","reason":"first assessment: DORMANT because dormant:no hot or warm rule passed"}
{"ts":"2026-09-26T02:49:18.625Z","operation":"track.transition","repository":"gantasmo/theDAW","trackingVersion":"phase3-v1","from":"UNASSESSED","to":"DORMANT","reason":"first assessment: DORMANT because dormant:no hot or warm rule passed"}
{"ts":"2026-09-26T02:49:18.625Z","operation":"track.transition","repository":"estebanstifli/LocalText2Voice","trackingVersion":"phase3-v1","from":"UNASSESSED","to":"DORMANT","reason":"first assessment: DORMANT because dormant:no hot or warm rule passed"}
{"ts":"2026-09-26T02:49:18.625Z","operation":"track.transition","repository":"TestSprite/testsprite-cli","trackingVersion":"phase3-v1","from":"UNASSESSED","to":"HOT","reason":"first assessment: HOT because hot:growthPercent7d>=1&growth7d>=100"}
{"ts":"2026-09-26T02:49:18.625Z","operation":"track.transition","repository":"omnigent-ai/omnigent","trackingVersion":"phase3-v1","from":"UNASSESSED","to":"HOT","reason":"first assessment: HOT because hot:growthPercent7d>=1&growth7d>=100"}
{"ts":"2026-09-26T02:49:18.625Z","operation":"track.transition","repository":"SenteLabsAI/OpenExecutive","trackingVersion":"phase3-v1","from":"UNASSESSED","to":"HOT","reason":"first assessment: HOT because hot:growthPercent7d>=1&growth7d>=100"}
{"ts":"2026-09-26T02:49:18.625Z","operation":"track.transition","repository":"lcy362/agnes-video-generator","trackingVersion":"phase3-v1","from":"UNASSESSED","to":"DORMANT","reason":"first assessment: DORMANT because dormant:no hot or warm rule passed"}
{"ts":"2026-09-26T02:49:18.625Z","operation":"track.transition","repository":"tutti-os/tutti","trackingVersion":"phase3-v1","from":"UNASSESSED","to":"WARM","reason":"first assessment: WARM because warm:starsPerDay30d>=8, warm:pushedWithin30d&stars>=1000"}
{"ts":"2026-09-26T02:49:18.625Z","operation":"track.transition","repository":"mohitsoni48/TurboLLM","trackingVersion":"phase3-v1","from":"UNASSESSED","to":"DORMANT","reason":"first assessment: DORMANT because dormant:no hot or warm rule passed"}
{"ts":"2026-09-26T02:49:18.625Z","operation":"track.transition","repository":"Forward-Future/loopy","trackingVersion":"phase3-v1","from":"UNASSESSED","to":"WARM","reason":"first assessment: WARM because warm:pushedWithin30d&stars>=1000"}
{"ts":"2026-09-26T02:49:18.625Z","operation":"track.transition","repository":"chattymin/PokeTokenBar","trackingVersion":"phase3-v1","from":"UNASSESSED","to":"DORMANT","reason":"first assessment: DORMANT because dormant:no hot or warm rule passed"}
{"ts":"2026-09-26T02:49:18.625Z","operation":"track.transition","repository":"volcengine/ark-cli","trackingVersion":"phase3-v1","from":"UNASSESSED","to":"DORMANT","reason":"first assessment: DORMANT because dormant:no hot or warm rule passed"}
{"ts":"2026-09-26T02:49:18.625Z","operation":"track.transition","repository":"Lolner95/AIGX","trackingVersion":"phase3-v1","from":"UNASSESSED","to":"DORMANT","reason":"first assessment: DORMANT because dormant:no hot or warm rule passed"}
{"ts":"2026-09-26T02:49:18.625Z","operation":"track.transition","repository":"Derssa/Torollo","trackingVersion":"phase3-v1","from":"UNASSESSED","to":"DORMANT","reason":"first assessment: DORMANT because dormant:no hot or warm rule passed"}
{"ts":"2026-09-26T02:49:18.625Z","operation":"track.transition","repository":"google/mantis","trackingVersion":"phase3-v1","from":"UNASSESSED","to":"WARM","reason":"first assessment: WARM because warm:starsPerDay30d>=8, warm:pushedWithin30d&stars>=1000"}
{"ts":"2026-09-26T02:49:18.625Z","operation":"track.transition","repository":"livecontext-ai/livecontext-ce","trackingVersion":"phase3-v1","from":"UNASSESSED","to":"DORMANT","reason":"first assessment: DORMANT because dormant:no hot or warm rule passed"}
{"ts":"2026-09-26T02:49:18.625Z","operation":"track.transition","repository":"autonomous-ai/autonomous-grid","trackingVersion":"phase3-v1","from":"UNASSESSED","to":"DORMANT","reason":"first assessment: DORMANT because dormant:no hot or warm rule passed"}
{"ts":"2026-09-26T02:49:18.625Z","operation":"track.transition","repository":"LING71671/open-reverselab","trackingVersion":"phase3-v1","from":"UNASSESSED","to":"WARM","reason":"first assessment: WARM because warm:pushedWithin30d&stars>=1000"}
{"ts":"2026-09-26T02:49:18.625Z","operation":"track.transition","repository":"databufflabs/databuff","trackingVersion":"phase3-v1","from":"UNASSESSED","to":"DORMANT","reason":"first assessment: DORMANT because dormant:no hot or warm rule passed"}
{"ts":"2026-09-26T02:49:18.625Z","operation":"track.transition","repository":"awdr74100/figwright","trackingVersion":"phase3-v1","from":"UNASSESSED","to":"WARM","reason":"first assessment: WARM because warm:starsPerDay7d>=8, warm:starsPerDay30d>=8"}
{"ts":"2026-09-26T02:49:18.625Z","operation":"track.transition","repository":"lidge-jun/opencodex","trackingVersion":"phase3-v1","from":"UNASSESSED","to":"HOT","reason":"first assessment: HOT because hot:starsPerDay7d>=80, hot:growthPercent7d>=1&growth7d>=100"}
{"ts":"2026-09-26T02:49:18.625Z","operation":"track.transition","repository":"HKUSTDial/DataMagic","trackingVersion":"phase3-v1","from":"UNASSESSED","to":"DORMANT","reason":"first assessment: DORMANT because dormant:no hot or warm rule passed"}
{"ts":"2026-09-26T02:49:18.625Z","operation":"track.transition","repository":"EthanYoQ/AI-Novel-Writer","trackingVersion":"phase3-v1","from":"UNASSESSED","to":"HOT","reason":"first assessment: HOT because hot:growthPercent7d>=1&growth7d>=100"}
{"ts":"2026-09-26T02:49:18.625Z","operation":"track.transition","repository":"Francis1998/scholar-rag-agent","trackingVersion":"phase3-v1","from":"UNASSESSED","to":"DORMANT","reason":"first assessment: DORMANT because dormant:no hot or warm rule passed"}
{"ts":"2026-09-26T02:49:18.625Z","operation":"track.transition","repository":"0xShug0/audio.cpp","trackingVersion":"phase3-v1","from":"UNASSESSED","to":"HOT","reason":"first assessment: HOT because hot:growthPercent7d>=1&growth7d>=100"}
{"ts":"2026-09-26T02:49:18.625Z","operation":"track.transition","repository":"benchflow-ai/awesome-evals","trackingVersion":"phase3-v1","from":"UNASSESSED","to":"DORMANT","reason":"first assessment: DORMANT because dormant:no hot or warm rule passed"}
{"ts":"2026-09-26T02:49:18.625Z","operation":"track.transition","repository":"benlamiro/ShipGenAI","trackingVersion":"phase3-v1","from":"UNASSESSED","to":"DORMANT","reason":"first assessment: DORMANT because dormant:no hot or warm rule passed"}
{"ts":"2026-09-26T02:49:18.625Z","operation":"track.transition","repository":"wilfredinni/noodle","trackingVersion":"phase3-v1","from":"UNASSESSED","to":"DORMANT","reason":"first assessment: DORMANT because dormant:no hot or warm rule passed"}
{"ts":"2026-09-26T02:49:18.625Z","operation":"track.transition","repository":"Dicklesworthstone/franken_ocr","trackingVersion":"phase3-v1","from":"UNASSESSED","to":"DORMANT","reason":"first assessment: DORMANT because dormant:no hot or warm rule passed"}
{"ts":"2026-09-26T02:49:18.625Z","operation":"track.transition","repository":"shuxiachai/academic-commercialization-agent","trackingVersion":"phase3-v1","from":"UNASSESSED","to":"DORMANT","reason":"first assessment: DORMANT because dormant:no hot or warm rule passed"}
{"ts":"2026-09-26T02:49:18.625Z","operation":"track.transition","repository":"MageByte-Zero/spec-superflow","trackingVersion":"phase3-v1","from":"UNASSESSED","to":"DORMANT","reason":"first assessment: DORMANT because dormant:no hot or warm rule passed"}
{"ts":"2026-09-26T02:49:18.625Z","operation":"track.transition","repository":"tianma-if/edgeever","trackingVersion":"phase3-v1","from":"UNASSESSED","to":"WARM","reason":"first assessment: WARM because warm:starsPerDay7d>=8, warm:starsPerDay30d>=8, warm:pushedWithin30d&stars>=1000"}
{"ts":"2026-09-26T02:49:18.625Z","operation":"track.transition","repository":"beany-vu/michi-vz-mono","trackingVersion":"phase3-v1","from":"UNASSESSED","to":"DORMANT","reason":"first assessment: DORMANT because dormant:no hot or warm rule passed"}
{"ts":"2026-09-26T02:49:18.625Z","operation":"track.transition","repository":"hirokawaguchi/open-genai","trackingVersion":"phase3-v1","from":"UNASSESSED","to":"DORMANT","reason":"first assessment: DORMANT because dormant:no hot or warm rule passed"}
{"ts":"2026-09-26T02:49:18.625Z","operation":"track.transition","repository":"kerlenton/mcpsnoop","trackingVersion":"phase3-v1","from":"UNASSESSED","to":"DORMANT","reason":"first assessment: DORMANT because dormant:no hot or warm rule passed"}
{"ts":"2026-09-26T02:49:18.625Z","operation":"track.transition","repository":"design-gurus/grokking-system-design","trackingVersion":"phase3-v1","from":"UNASSESSED","to":"DORMANT","reason":"first assessment: DORMANT because dormant:no hot or warm rule passed"}
{"ts":"2026-09-26T02:49:18.625Z","operation":"track.transition","repository":"NicholasCone/agnes-ai-video-suite","trackingVersion":"phase3-v1","from":"UNASSESSED","to":"DORMANT","reason":"first assessment: DORMANT because dormant:no hot or warm rule passed"}
{"ts":"2026-09-26T02:49:18.625Z","operation":"track.transition","repository":"oomol-lab/open-connector","trackingVersion":"phase3-v1","from":"UNASSESSED","to":"WARM","reason":"first assessment: WARM because warm:starsPerDay7d>=8, warm:starsPerDay30d>=8, warm:pushedWithin30d&stars>=1000"}
{"ts":"2026-09-26T02:49:18.625Z","operation":"track.transition","repository":"nathansutton/chad","trackingVersion":"phase3-v1","from":"UNASSESSED","to":"DORMANT","reason":"first assessment: DORMANT because dormant:no hot or warm rule passed"}
{"ts":"2026-09-26T02:49:18.625Z","operation":"track.transition","repository":"ARahim3/mlx-dspark","trackingVersion":"phase3-v1","from":"UNASSESSED","to":"DORMANT","reason":"first assessment: DORMANT because dormant:no hot or warm rule passed"}
{"ts":"2026-09-26T02:49:18.625Z","operation":"track.transition","repository":"runvendo/vendo","trackingVersion":"phase3-v1","from":"UNASSESSED","to":"DORMANT","reason":"first assessment: DORMANT because dormant:no hot or warm rule passed"}
{"ts":"2026-09-26T02:49:18.625Z","operation":"track.transition","repository":"HUANGCHIHHUNGLeo/claude-real-video","trackingVersion":"phase3-v1","from":"UNASSESSED","to":"WARM","reason":"first assessment: WARM because warm:pushedWithin30d&stars>=1000"}
{"ts":"2026-09-26T02:49:18.625Z","operation":"track.transition","repository":"Orkas-AI/Orkas-VideoStudio","trackingVersion":"phase3-v1","from":"UNASSESSED","to":"DORMANT","reason":"first assessment: DORMANT because dormant:no hot or warm rule passed"}
{"ts":"2026-09-26T02:49:18.625Z","operation":"track.transition","repository":"xuzhougeng/wisp-science","trackingVersion":"phase3-v1","from":"UNASSESSED","to":"WARM","reason":"first assessment: WARM because warm:pushedWithin30d&stars>=1000"}
{"ts":"2026-09-26T02:49:18.625Z","operation":"track.transition","repository":"nklmilojevic/sofka","trackingVersion":"phase3-v1","from":"UNASSESSED","to":"HOT","reason":"first assessment: HOT because hot:growthPercent7d>=1&growth7d>=100"}
{"ts":"2026-09-26T02:49:18.625Z","operation":"track.transition","repository":"GML-MMGroup/AdCraft","trackingVersion":"phase3-v1","from":"UNASSESSED","to":"DORMANT","reason":"first assessment: DORMANT because dormant:no hot or warm rule passed"}
{"ts":"2026-09-26T02:49:18.625Z","operation":"track.transition","repository":"grft-dev/graftcode","trackingVersion":"phase3-v1","from":"UNASSESSED","to":"HOT","reason":"first assessment: HOT because hot:starsPerDay7d>=80, hot:growthPercent7d>=1&growth7d>=100"}
{"ts":"2026-09-26T02:49:18.625Z","operation":"track.transition","repository":"shengshu-ai/Vidu-S","trackingVersion":"phase3-v1","from":"UNASSESSED","to":"WARM","reason":"first assessment: WARM because warm:starsPerDay7d>=8, warm:starsPerDay30d>=8"}
{"ts":"2026-09-26T02:49:18.625Z","operation":"track.transition","repository":"trailhq/Graft","trackingVersion":"phase3-v1","from":"UNASSESSED","to":"HOT","reason":"first assessment: HOT because hot:growthPercent7d>=1&growth7d>=100"}
{"ts":"2026-09-26T02:49:18.625Z","operation":"track.transition","repository":"BlackMixture/Mix-Studio","trackingVersion":"phase3-v1","from":"UNASSESSED","to":"DORMANT","reason":"first assessment: DORMANT because dormant:no hot or warm rule passed"}
{"ts":"2026-09-26T02:49:18.625Z","operation":"track.transition","repository":"oxbshw/watch-skill","trackingVersion":"phase3-v1","from":"UNASSESSED","to":"DORMANT","reason":"first assessment: DORMANT because dormant:no hot or warm rule passed"}
{"ts":"2026-09-26T02:49:18.625Z","operation":"track.transition","repository":"taovietducofficial/CI-CD-Beginner","trackingVersion":"phase3-v1","from":"UNASSESSED","to":"DORMANT","reason":"first assessment: DORMANT because dormant:no hot or warm rule passed"}
{"ts":"2026-09-26T02:49:18.625Z","operation":"track.transition","repository":"JetBrains/thinkrail","trackingVersion":"phase3-v1","from":"UNASSESSED","to":"WARM","reason":"first assessment: WARM because warm:starsPerDay30d>=8"}
{"ts":"2026-09-26T02:49:18.625Z","operation":"track.transition","repository":"Raymondhou0917/speak-human-tw","trackingVersion":"phase3-v1","from":"UNASSESSED","to":"DORMANT","reason":"first assessment: DORMANT because dormant:no hot or warm rule passed"}
{"ts":"2026-09-26T02:49:18.625Z","operation":"track.transition","repository":"Blizaine/Maestro","trackingVersion":"phase3-v1","from":"UNASSESSED","to":"WARM","reason":"first assessment: WARM because warm:starsPerDay7d>=8"}
{"ts":"2026-09-26T02:49:18.625Z","operation":"track.transition","repository":"TencentCloud/Octop","trackingVersion":"phase3-v1","from":"UNASSESSED","to":"HOT","reason":"first assessment: HOT because hot:starsPerDay7d>=80, hot:growthPercent7d>=1&growth7d>=100"}
{"ts":"2026-09-26T02:49:18.625Z","operation":"track.transition","repository":"Robbyant/lingbot-video","trackingVersion":"phase3-v1","from":"UNASSESSED","to":"DORMANT","reason":"first assessment: DORMANT because dormant:no hot or warm rule passed"}
{"ts":"2026-09-26T02:49:18.625Z","operation":"track.transition","repository":"aws-samples/sample-specship","trackingVersion":"phase3-v1","from":"UNASSESSED","to":"DORMANT","reason":"first assessment: DORMANT because dormant:no hot or warm rule passed"}
{"ts":"2026-09-26T02:49:18.625Z","operation":"track.transition","repository":"matrixmapai/openabcode","trackingVersion":"phase3-v1","from":"UNASSESSED","to":"DORMANT","reason":"first assessment: DORMANT because dormant:no hot or warm rule passed"}
{"ts":"2026-09-26T02:49:18.625Z","operation":"track.transition","repository":"dawnop/dawn-lang","trackingVersion":"phase3-v1","from":"UNASSESSED","to":"DORMANT","reason":"first assessment: DORMANT because dormant:no hot or warm rule passed"}
{"ts":"2026-09-26T02:49:18.625Z","operation":"track.transition","repository":"Cuongyd196/auto-video-gen","trackingVersion":"phase3-v1","from":"UNASSESSED","to":"DORMANT","reason":"first assessment: DORMANT because dormant:no hot or warm rule passed"}
{"ts":"2026-09-26T02:49:18.625Z","operation":"track.transition","repository":"giannisanni/pulsar","trackingVersion":"phase3-v1","from":"UNASSESSED","to":"DORMANT","reason":"first assessment: DORMANT because dormant:no hot or warm rule passed"}
{"ts":"2026-09-26T02:49:18.625Z","operation":"track.transition","repository":"openai/codex-security","trackingVersion":"phase3-v1","from":"UNASSESSED","to":"WARM","reason":"first assessment: WARM because warm:starsPerDay7d>=8, warm:starsPerDay30d>=8, warm:pushedWithin30d&stars>=1000"}
{"ts":"2026-09-26T02:49:18.625Z","operation":"track.transition","repository":"zeraix/zeraix","trackingVersion":"phase3-v1","from":"UNASSESSED","to":"DORMANT","reason":"first assessment: DORMANT because dormant:no hot or warm rule passed"}
{"ts":"2026-09-26T02:49:18.625Z","operation":"track.transition","repository":"vshulcz/deja-vu","trackingVersion":"phase3-v1","from":"UNASSESSED","to":"HOT","reason":"first assessment: HOT because hot:growthPercent7d>=1&growth7d>=100"}
{"ts":"2026-09-26T02:49:18.625Z","operation":"track.transition","repository":"Eyeline-Labs/ID-V2V","trackingVersion":"phase3-v1","from":"UNASSESSED","to":"DORMANT","reason":"first assessment: DORMANT because dormant:no hot or warm rule passed"}
{"ts":"2026-09-26T02:49:18.625Z","operation":"track.transition","repository":"AashishH15/Lexicon","trackingVersion":"phase3-v1","from":"UNASSESSED","to":"DORMANT","reason":"first assessment: DORMANT because dormant:no hot or warm rule passed"}
{"ts":"2026-09-26T02:49:18.625Z","operation":"track.transition","repository":"CyberSunil/LLMVault","trackingVersion":"phase3-v1","from":"UNASSESSED","to":"DORMANT","reason":"first assessment: DORMANT because dormant:no hot or warm rule passed"}
{"ts":"2026-09-26T02:49:18.625Z","operation":"track.transition","repository":"Paritok-official/paritok-4b-v1","trackingVersion":"phase3-v1","from":"UNASSESSED","to":"WARM","reason":"first assessment: WARM because warm:pushedWithin30d&stars>=1000"}
{"ts":"2026-09-26T02:49:18.625Z","operation":"track.transition","repository":"zenstory-ai/drama-skills","trackingVersion":"phase3-v1","from":"UNASSESSED","to":"HOT","reason":"first assessment: HOT because hot:growthPercent7d>=1&growth7d>=100"}
{"ts":"2026-09-26T02:49:18.625Z","operation":"track.transition","repository":"kirodotdev/KiroCrew","trackingVersion":"phase3-v1","from":"UNASSESSED","to":"HOT","reason":"first assessment: HOT because hot:growthPercent7d>=1&growth7d>=100"}
{"ts":"2026-09-26T02:49:18.625Z","operation":"track.transition","repository":"KlaatAI/klaatcode","trackingVersion":"phase3-v1","from":"UNASSESSED","to":"DORMANT","reason":"first assessment: DORMANT because dormant:no hot or warm rule passed"}
{"ts":"2026-09-26T02:49:18.625Z","operation":"track.transition","repository":"drumih/turbo-fieldfare","trackingVersion":"phase3-v1","from":"UNASSESSED","to":"WARM","reason":"first assessment: WARM because warm:starsPerDay30d>=8, warm:pushedWithin30d&stars>=1000"}
{"ts":"2026-09-26T02:49:18.625Z","operation":"track.transition","repository":"Vincentwei1021/video-shotcraft","trackingVersion":"phase3-v1","from":"UNASSESSED","to":"HOT","reason":"first assessment: HOT because hot:growthPercent7d>=1&growth7d>=100"}
{"ts":"2026-09-26T02:49:18.625Z","operation":"track.transition","repository":"ailinone/collective-intelligence","trackingVersion":"phase3-v1","from":"UNASSESSED","to":"DORMANT","reason":"first assessment: DORMANT because dormant:no hot or warm rule passed"}
{"ts":"2026-09-26T02:49:18.625Z","operation":"track.transition","repository":"tikalk/adlc-team-skills","trackingVersion":"phase3-v1","from":"UNASSESSED","to":"DORMANT","reason":"first assessment: DORMANT because dormant:no hot or warm rule passed"}
{"ts":"2026-09-26T02:49:18.625Z","operation":"track.transition","repository":"risa-labs-inc/BossConsole","trackingVersion":"phase3-v1","from":"UNASSESSED","to":"WARM","reason":"first assessment: WARM because warm:starsPerDay30d>=8"}
{"ts":"2026-09-26T02:49:18.625Z","operation":"track.transition","repository":"MoMoM101/RAG-ReActAgent","trackingVersion":"phase3-v1","from":"UNASSESSED","to":"DORMANT","reason":"first assessment: DORMANT because dormant:no hot or warm rule passed"}
{"ts":"2026-09-26T02:49:18.625Z","operation":"track.transition","repository":"truefoundry/trueforge","trackingVersion":"phase3-v1","from":"UNASSESSED","to":"HOT","reason":"first assessment: HOT because hot:growthPercent7d>=1&growth7d>=100"}
{"ts":"2026-09-26T02:49:18.625Z","operation":"track.transition","repository":"mikehasa/agentacct","trackingVersion":"phase3-v1","from":"UNASSESSED","to":"DORMANT","reason":"first assessment: DORMANT because dormant:no hot or warm rule passed"}
{"ts":"2026-09-26T02:49:18.625Z","operation":"track.transition","repository":"opensible/opensible","trackingVersion":"phase3-v1","from":"UNASSESSED","to":"DORMANT","reason":"first assessment: DORMANT because dormant:no hot or warm rule passed"}
{"ts":"2026-09-26T02:49:18.625Z","operation":"track.transition","repository":"Code-Amadeus/Amadeus","trackingVersion":"phase3-v1","from":"UNASSESSED","to":"DORMANT","reason":"first assessment: DORMANT because dormant:no hot or warm rule passed"}
{"ts":"2026-09-26T02:49:18.625Z","operation":"track.transition","repository":"Nathanw1014/strix-halo-llamacpp","trackingVersion":"phase3-v1","from":"UNASSESSED","to":"DORMANT","reason":"first assessment: DORMANT because dormant:no hot or warm rule passed"}
{"ts":"2026-09-26T02:49:18.625Z","operation":"track.transition","repository":"yalun753/moe-l2","trackingVersion":"phase3-v1","from":"UNASSESSED","to":"DORMANT","reason":"first assessment: DORMANT because dormant:no hot or warm rule passed"}
{"ts":"2026-09-26T02:49:18.625Z","operation":"track.transition","repository":"Blackwellboy/model-serving-minefield","trackingVersion":"phase3-v1","from":"UNASSESSED","to":"DORMANT","reason":"first assessment: DORMANT because dormant:no hot or warm rule passed"}
{"ts":"2026-09-26T02:49:18.625Z","operation":"track.transition","repository":"QwenAudio/qwen-audio-agent","trackingVersion":"phase3-v1","from":"UNASSESSED","to":"WARM","reason":"first assessment: WARM because warm:starsPerDay30d>=8, warm:pushedWithin30d&stars>=1000"}
{"ts":"2026-09-26T02:49:18.625Z","operation":"track.transition","repository":"Raminshiraz/raft-visualizer","trackingVersion":"phase3-v1","from":"UNASSESSED","to":"DORMANT","reason":"first assessment: DORMANT because dormant:no hot or warm rule passed"}
{"ts":"2026-09-26T02:49:18.625Z","operation":"track.transition","repository":"worldbench/DiffusionOPSD","trackingVersion":"phase3-v1","from":"UNASSESSED","to":"WARM","reason":"first assessment: WARM because warm:starsPerDay7d>=8, warm:starsPerDay30d>=8"}
{"ts":"2026-09-26T02:49:18.625Z","operation":"track.transition","repository":"hypit-ai/hypit","trackingVersion":"phase3-v1","from":"UNASSESSED","to":"HOT","reason":"first assessment: HOT because hot:starsPerDay7d>=80, hot:growthPercent7d>=1&growth7d>=100"}
{"ts":"2026-09-26T02:49:18.625Z","operation":"track.transition","repository":"BeatAPI/awesome-minimax-h3-prompts","trackingVersion":"phase3-v1","from":"UNASSESSED","to":"DORMANT","reason":"first assessment: DORMANT because dormant:no hot or warm rule passed"}
{"ts":"2026-09-26T02:49:18.625Z","operation":"track.transition","repository":"888newstep/ai-agent-platform","trackingVersion":"phase3-v1","from":"UNASSESSED","to":"DORMANT","reason":"first assessment: DORMANT because dormant:no hot or warm rule passed"}
{"ts":"2026-09-26T02:49:18.625Z","operation":"track.transition","repository":"ukanwat/selfstarter","trackingVersion":"phase3-v1","from":"UNASSESSED","to":"DORMANT","reason":"first assessment: DORMANT because dormant:no hot or warm rule passed"}
{"ts":"2026-09-26T02:49:18.625Z","operation":"track.transition","repository":"BaYue-SYJ/shuixian-prompts","trackingVersion":"phase3-v1","from":"UNASSESSED","to":"WARM","reason":"first assessment: WARM because warm:starsPerDay7d>=8, warm:starsPerDay30d>=8"}
{"ts":"2026-09-26T02:49:18.625Z","operation":"track.transition","repository":"FareedKhan-dev/kimi-k3-in-c","trackingVersion":"phase3-v1","from":"UNASSESSED","to":"HOT","reason":"first assessment: HOT because hot:starsPerDay7d>=80, hot:growthPercent7d>=1&growth7d>=100"}
{"ts":"2026-09-26T02:49:18.625Z","operation":"track.transition","repository":"Anionex/agent-vision-toolkit","trackingVersion":"phase3-v1","from":"UNASSESSED","to":"WARM","reason":"first assessment: WARM because warm:pushedWithin30d&stars>=1000"}
{"ts":"2026-09-26T02:49:18.625Z","operation":"track.transition","repository":"malevrigns/atlas-agent-control-plane","trackingVersion":"phase3-v1","from":"UNASSESSED","to":"DORMANT","reason":"first assessment: DORMANT because dormant:no hot or warm rule passed"}
{"ts":"2026-09-26T02:49:18.625Z","operation":"track.transition","repository":"leonickson1/Swiftlet","trackingVersion":"phase3-v1","from":"UNASSESSED","to":"DORMANT","reason":"first assessment: DORMANT because dormant:no hot or warm rule passed"}
{"ts":"2026-09-26T02:49:18.625Z","operation":"track.transition","repository":"astropuzzo/ComfyUI-MiniMax-H3-Image-Studio","trackingVersion":"phase3-v1","from":"UNASSESSED","to":"DORMANT","reason":"first assessment: DORMANT because dormant:no hot or warm rule passed"}
{"ts":"2026-09-26T02:49:18.625Z","operation":"track.transition","repository":"fuxicodex/Fuxi","trackingVersion":"phase3-v1","from":"UNASSESSED","to":"WARM","reason":"first assessment: WARM because warm:starsPerDay30d>=8, warm:pushedWithin30d&stars>=1000"}
{"ts":"2026-09-26T02:49:18.625Z","operation":"track.transition","repository":"SergiioB/intel-arc-pro-b70-inference-cookbook","trackingVersion":"phase3-v1","from":"UNASSESSED","to":"DORMANT","reason":"first assessment: DORMANT because dormant:no hot or warm rule passed"}
{"ts":"2026-09-26T02:49:18.625Z","operation":"track.transition","repository":"Gnosil/semantix","trackingVersion":"phase3-v1","from":"UNASSESSED","to":"HOT","reason":"first assessment: HOT because hot:growthPercent7d>=1&growth7d>=100"}
{"ts":"2026-09-26T02:49:18.625Z","operation":"track.transition","repository":"zylwithxy/HRDiT","trackingVersion":"phase3-v1","from":"UNASSESSED","to":"DORMANT","reason":"first assessment: DORMANT because dormant:no hot or warm rule passed"}
{"ts":"2026-09-26T02:49:18.625Z","operation":"track.transition","repository":"NikoDemon80/ComfyUI-H3-Motion-Context","trackingVersion":"phase3-v1","from":"UNASSESSED","to":"WARM","reason":"first assessment: WARM because warm:starsPerDay30d>=8, warm:pushedWithin30d&stars>=1000"}
{"ts":"2026-09-26T02:49:18.625Z","operation":"track.transition","repository":"bamboostrip/Handwriting-simulator","trackingVersion":"phase3-v1","from":"UNASSESSED","to":"DORMANT","reason":"first assessment: DORMANT because dormant:no hot or warm rule passed"}
{"ts":"2026-09-26T02:49:18.631Z","operation":"track.transition","repository":"open-video-ai/open-video","trackingVersion":"phase3-v1","from":"UNASSESSED","to":"DORMANT","reason":"first assessment: DORMANT because dormant:no hot or warm rule passed"}
{"ts":"2026-09-26T02:49:18.631Z","operation":"track.transition","repository":"alesha-pro/tools","trackingVersion":"phase3-v1","from":"UNASSESSED","to":"HOT","reason":"first assessment: HOT because hot:growthPercent7d>=1&growth7d>=100"}
{"ts":"2026-09-26T02:49:18.631Z","operation":"track.transition","repository":"deeplethe/utopia","trackingVersion":"phase3-v1","from":"UNASSESSED","to":"HOT","reason":"first assessment: HOT because hot:growthPercent7d>=1&growth7d>=100"}
{"ts":"2026-09-26T02:49:18.631Z","operation":"track.transition","repository":"davidahmann/applied-ai-field-guide","trackingVersion":"phase3-v1","from":"UNASSESSED","to":"DORMANT","reason":"first assessment: DORMANT because dormant:no hot or warm rule passed"}
{"ts":"2026-09-26T02:49:18.631Z","operation":"track.transition","repository":"aoci-spec/aoci-code","trackingVersion":"phase3-v1","from":"UNASSESSED","to":"HOT","reason":"first assessment: HOT because hot:growthPercent7d>=1&growth7d>=100"}
{"ts":"2026-09-26T02:49:18.631Z","operation":"track.transition","repository":"Vieeeeeee/wibi-style","trackingVersion":"phase3-v1","from":"UNASSESSED","to":"DORMANT","reason":"first assessment: DORMANT because dormant:no hot or warm rule passed"}
{"ts":"2026-09-26T02:49:18.631Z","operation":"track.transition","repository":"ThinkOffApp/CarWatch","trackingVersion":"phase3-v1","from":"UNASSESSED","to":"DORMANT","reason":"first assessment: DORMANT because dormant:no hot or warm rule passed"}
{"ts":"2026-09-26T02:49:18.631Z","operation":"track.transition","repository":"Leonxlnx/unlazy","trackingVersion":"phase3-v1","from":"UNASSESSED","to":"HOT","reason":"first assessment: HOT because hot:growthPercent7d>=1&growth7d>=100"}
{"ts":"2026-09-26T02:49:18.631Z","operation":"track.transition","repository":"ant-research/4DAnyone","trackingVersion":"phase3-v1","from":"UNASSESSED","to":"WARM","reason":"first assessment: WARM because warm:starsPerDay30d>=8, warm:pushedWithin30d&stars>=1000"}
{"ts":"2026-09-26T02:49:18.631Z","operation":"track.transition","repository":"agentpit-io/hunter-community","trackingVersion":"phase3-v1","from":"UNASSESSED","to":"DORMANT","reason":"first assessment: DORMANT because dormant:no hot or warm rule passed"}
{"ts":"2026-09-26T02:49:18.631Z","operation":"track.transition","repository":"lennney/stop-that-shit","trackingVersion":"phase3-v1","from":"UNASSESSED","to":"HOT","reason":"first assessment: HOT because hot:growthPercent7d>=1&growth7d>=100"}
{"ts":"2026-09-26T02:49:18.631Z","operation":"track.transition","repository":"memoket/memoket-kite","trackingVersion":"phase3-v1","from":"UNASSESSED","to":"DORMANT","reason":"first assessment: DORMANT because dormant:no hot or warm rule passed"}
{"ts":"2026-09-26T02:49:18.631Z","operation":"track.transition","repository":"Carasibana/ComfyUI-H3-FaceRefine","trackingVersion":"phase3-v1","from":"UNASSESSED","to":"DORMANT","reason":"first assessment: DORMANT because dormant:no hot or warm rule passed"}
{"ts":"2026-09-26T02:49:18.631Z","operation":"track.transition","repository":"tettethu/VibeGame","trackingVersion":"phase3-v1","from":"UNASSESSED","to":"DORMANT","reason":"first assessment: DORMANT because dormant:no hot or warm rule passed"}
{"ts":"2026-09-26T02:49:18.631Z","operation":"track.transition","repository":"Appllama/appllama-skills","trackingVersion":"phase3-v1","from":"UNASSESSED","to":"HOT","reason":"first assessment: HOT because hot:growthPercent7d>=1&growth7d>=100"}
{"ts":"2026-09-26T02:49:18.631Z","operation":"track.transition","repository":"idavidov13/agentic-playwright","trackingVersion":"phase3-v1","from":"UNASSESSED","to":"DORMANT","reason":"first assessment: DORMANT because dormant:no hot or warm rule passed"}
{"ts":"2026-09-26T02:49:18.631Z","operation":"track.transition","repository":"Anionex/dsh-vision-toolkit","trackingVersion":"phase3-v1","from":"UNASSESSED","to":"DORMANT","reason":"first assessment: DORMANT because dormant:no hot or warm rule passed"}
{"ts":"2026-09-26T02:49:18.631Z","operation":"track.transition","repository":"bybit-exchange/svg-diagram","trackingVersion":"phase3-v1","from":"UNASSESSED","to":"WARM","reason":"first assessment: WARM because warm:starsPerDay30d>=8"}
{"ts":"2026-09-26T02:49:18.631Z","operation":"track.transition","repository":"google/artemis","trackingVersion":"phase3-v1","from":"UNASSESSED","to":"HOT","reason":"first assessment: HOT because hot:starsPerDay7d>=80, hot:growthPercent7d>=1&growth7d>=100"}
{"ts":"2026-09-26T02:49:18.631Z","operation":"track.transition","repository":"ysr666/dsh-vision-router","trackingVersion":"phase3-v1","from":"UNASSESSED","to":"WARM","reason":"first assessment: WARM because warm:pushedWithin30d&stars>=1000"}
{"ts":"2026-09-26T02:49:18.631Z","operation":"track.transition","repository":"soumatheusgomes/vibe-coding-toolkit","trackingVersion":"phase3-v1","from":"UNASSESSED","to":"WARM","reason":"first assessment: WARM because warm:starsPerDay30d>=8"}
{"ts":"2026-09-26T02:49:18.631Z","operation":"track.transition","repository":"syv-ai/HyperQwen","trackingVersion":"phase3-v1","from":"UNASSESSED","to":"HOT","reason":"first assessment: HOT because hot:growthPercent7d>=1&growth7d>=100"}
{"ts":"2026-09-26T02:49:18.631Z","operation":"track.transition","repository":"roy-tong/AgentMeasure","trackingVersion":"phase3-v1","from":"UNASSESSED","to":"DORMANT","reason":"first assessment: DORMANT because dormant:no hot or warm rule passed"}
{"ts":"2026-09-26T02:49:18.631Z","operation":"track.transition","repository":"shanliuling/dsh-image-gen","trackingVersion":"phase3-v1","from":"UNASSESSED","to":"DORMANT","reason":"first assessment: DORMANT because dormant:no hot or warm rule passed"}
{"ts":"2026-09-26T02:49:18.631Z","operation":"track.transition","repository":"suncityldp/zx-bench","trackingVersion":"phase3-v1","from":"UNASSESSED","to":"DORMANT","reason":"first assessment: DORMANT because dormant:no hot or warm rule passed"}
{"ts":"2026-09-26T02:49:18.631Z","operation":"track.transition","repository":"Spielewoy/autoprompt-skill","trackingVersion":"phase3-v1","from":"UNASSESSED","to":"HOT","reason":"first assessment: HOT because hot:growthPercent7d>=1&growth7d>=100"}
{"ts":"2026-09-26T02:49:18.631Z","operation":"track.transition","repository":"amitshekhariitbhu/llm-inference-engineering","trackingVersion":"phase3-v1","from":"UNASSESSED","to":"DORMANT","reason":"first assessment: DORMANT because dormant:no hot or warm rule passed"}
{"ts":"2026-09-26T02:49:18.631Z","operation":"track.transition","repository":"furkankly/zoetrope","trackingVersion":"phase3-v1","from":"UNASSESSED","to":"WARM","reason":"first assessment: WARM because warm:starsPerDay30d>=8"}
{"ts":"2026-09-26T02:49:18.631Z","operation":"track.transition","repository":"keelab/keelith","trackingVersion":"phase3-v1","from":"UNASSESSED","to":"DORMANT","reason":"first assessment: DORMANT because dormant:no hot or warm rule passed"}
{"ts":"2026-09-26T02:49:18.631Z","operation":"track.transition","repository":"To3akaRin/VLMForge","trackingVersion":"phase3-v1","from":"UNASSESSED","to":"DORMANT","reason":"first assessment: DORMANT because dormant:no hot or warm rule passed"}
{"ts":"2026-09-26T02:49:18.631Z","operation":"track.transition","repository":"panxunying/ai-coding-welfare","trackingVersion":"phase3-v1","from":"UNASSESSED","to":"WARM","reason":"first assessment: WARM because warm:starsPerDay7d>=8, warm:starsPerDay30d>=8"}
{"ts":"2026-09-26T02:49:18.631Z","operation":"track.transition","repository":"Junchao-cs/SolarWM","trackingVersion":"phase3-v1","from":"UNASSESSED","to":"WARM","reason":"first assessment: WARM because warm:starsPerDay30d>=8"}
{"ts":"2026-09-26T02:49:18.631Z","operation":"track.transition","repository":"ApodexAI/FrontierAgent","trackingVersion":"phase3-v1","from":"UNASSESSED","to":"HOT","reason":"first assessment: HOT because hot:growthPercent7d>=1&growth7d>=100"}
{"ts":"2026-09-26T02:49:18.631Z","operation":"track.transition","repository":"bojieli/ai-infra-book","trackingVersion":"phase3-v1","from":"UNASSESSED","to":"HOT","reason":"first assessment: HOT because hot:starsPerDay7d>=80, hot:growthPercent7d>=1&growth7d>=100"}
{"ts":"2026-09-26T02:49:18.631Z","operation":"track.transition","repository":"xevrion/breakscale","trackingVersion":"phase3-v1","from":"UNASSESSED","to":"WARM","reason":"first assessment: WARM because warm:starsPerDay30d>=8, warm:pushedWithin30d&stars>=1000"}
{"ts":"2026-09-26T02:49:18.631Z","operation":"track.transition","repository":"Yzw202011/OmniSpace","trackingVersion":"phase3-v1","from":"UNASSESSED","to":"WARM","reason":"first assessment: WARM because warm:starsPerDay7d>=8"}
{"ts":"2026-09-26T02:49:18.631Z","operation":"track.transition","repository":"MrZoyo/deslop-GPT","trackingVersion":"phase3-v1","from":"UNASSESSED","to":"DORMANT","reason":"first assessment: DORMANT because dormant:no hot or warm rule passed"}
{"ts":"2026-09-26T02:49:18.631Z","operation":"track.transition","repository":"solis-team/XRepoTest","trackingVersion":"phase3-v1","from":"UNASSESSED","to":"DORMANT","reason":"first assessment: DORMANT because dormant:no hot or warm rule passed"}
{"ts":"2026-09-26T02:49:18.631Z","operation":"track.transition","repository":"solis-team/CrossCoder","trackingVersion":"phase3-v1","from":"UNASSESSED","to":"HOT","reason":"first assessment: HOT because hot:growthPercent7d>=1&growth7d>=100"}
{"ts":"2026-09-26T02:49:18.631Z","operation":"track.transition","repository":"HVision-NKU/OraRL","trackingVersion":"phase3-v1","from":"UNASSESSED","to":"DORMANT","reason":"first assessment: DORMANT because dormant:no hot or warm rule passed"}
{"ts":"2026-09-26T02:49:18.631Z","operation":"track.transition","repository":"jsdhwfmax/EvalForge","trackingVersion":"phase3-v1","from":"UNASSESSED","to":"DORMANT","reason":"first assessment: DORMANT because dormant:no hot or warm rule passed"}
{"ts":"2026-09-26T02:49:18.631Z","operation":"track.transition","repository":"orbi-build/orbi","trackingVersion":"phase3-v1","from":"UNASSESSED","to":"DORMANT","reason":"first assessment: DORMANT because dormant:no hot or warm rule passed"}
{"ts":"2026-09-26T02:49:18.631Z","operation":"track.transition","repository":"Tencent/WeMM-Embedding","trackingVersion":"phase3-v1","from":"UNASSESSED","to":"WARM","reason":"first assessment: WARM because warm:starsPerDay30d>=8, warm:pushedWithin30d&stars>=1000"}
{"ts":"2026-09-26T02:49:18.631Z","operation":"track.transition","repository":"dodoguardai/dodoguard","trackingVersion":"phase3-v1","from":"UNASSESSED","to":"DORMANT","reason":"first assessment: DORMANT because dormant:no hot or warm rule passed"}
{"ts":"2026-09-26T02:49:18.631Z","operation":"track.transition","repository":"starVLA/VLAct","trackingVersion":"phase3-v1","from":"UNASSESSED","to":"DORMANT","reason":"first assessment: DORMANT because dormant:no hot or warm rule passed"}
{"ts":"2026-09-26T02:49:18.631Z","operation":"track.transition","repository":"GENEXIS-AI/gpt-image-skill","trackingVersion":"phase3-v1","from":"UNASSESSED","to":"DORMANT","reason":"first assessment: DORMANT because dormant:no hot or warm rule passed"}
{"ts":"2026-09-26T02:49:18.631Z","operation":"track.transition","repository":"peonist-ai/halogen-flash-server","trackingVersion":"phase3-v1","from":"UNASSESSED","to":"HOT","reason":"first assessment: HOT because hot:growthPercent7d>=1&growth7d>=100"}
{"ts":"2026-09-26T02:49:18.631Z","operation":"track.transition","repository":"whitecircle/halo","trackingVersion":"phase3-v1","from":"UNASSESSED","to":"HOT","reason":"first assessment: HOT because hot:starsPerDay7d>=80, hot:growthPercent7d>=1&growth7d>=100"}
{"ts":"2026-09-26T02:49:18.631Z","operation":"track.transition","repository":"LearnPrompt/awesome-seedance","trackingVersion":"phase3-v1","from":"UNASSESSED","to":"HOT","reason":"first assessment: HOT because hot:starsPerDay7d>=80, hot:growthPercent7d>=1&growth7d>=100"}
{"ts":"2026-09-26T02:49:18.631Z","operation":"track.transition","repository":"grapefruit0205/click","trackingVersion":"phase3-v1","from":"UNASSESSED","to":"DORMANT","reason":"first assessment: DORMANT because dormant:no hot or warm rule passed"}
{"ts":"2026-09-26T02:49:18.631Z","operation":"track.transition","repository":"ConiferKit/use-conifer","trackingVersion":"phase3-v1","from":"UNASSESSED","to":"DORMANT","reason":"first assessment: DORMANT because dormant:no hot or warm rule passed"}
{"ts":"2026-09-26T02:49:18.631Z","operation":"track.transition","repository":"datawhalechina/zero-to-sglang","trackingVersion":"phase3-v1","from":"UNASSESSED","to":"HOT","reason":"first assessment: HOT because hot:growthPercent7d>=1&growth7d>=100"}
{"ts":"2026-09-26T02:49:18.631Z","operation":"track.transition","repository":"herliansyah/9router-auto-free","trackingVersion":"phase3-v1","from":"UNASSESSED","to":"DORMANT","reason":"first assessment: DORMANT because dormant:no hot or warm rule passed"}
{"ts":"2026-09-26T02:49:18.631Z","operation":"track.transition","repository":"alphastorm/omp-ninfer","trackingVersion":"phase3-v1","from":"UNASSESSED","to":"WARM","reason":"first assessment: WARM because warm:too-young-to-be-dormant(age<30d)"}
{"ts":"2026-09-26T02:49:18.631Z","operation":"track.transition","repository":"JordyZomer/lemmalog","trackingVersion":"phase3-v1","from":"UNASSESSED","to":"WARM","reason":"first assessment: WARM because warm:starsPerDay30d>=8"}
{"ts":"2026-09-26T02:49:18.631Z","operation":"track.transition","repository":"CSPF-Founder/red-clippy","trackingVersion":"phase3-v1","from":"UNASSESSED","to":"WARM","reason":"first assessment: WARM because warm:too-young-to-be-dormant(age<30d)"}
{"ts":"2026-09-26T02:49:18.631Z","operation":"track.transition","repository":"ewsun22/codex-manager","trackingVersion":"phase3-v1","from":"UNASSESSED","to":"WARM","reason":"first assessment: WARM because warm:too-young-to-be-dormant(age<30d)"}
{"ts":"2026-09-26T02:49:18.631Z","operation":"track.transition","repository":"yelog/lazydb","trackingVersion":"phase3-v1","from":"UNASSESSED","to":"WARM","reason":"first assessment: WARM because warm:too-young-to-be-dormant(age<30d)"}
{"ts":"2026-09-26T02:49:18.631Z","operation":"track.transition","repository":"Reederey87/glm53-flash-exl3-2x-dgx-spark","trackingVersion":"phase3-v1","from":"UNASSESSED","to":"WARM","reason":"first assessment: WARM because warm:too-young-to-be-dormant(age<30d)"}
{"ts":"2026-09-26T02:49:18.631Z","operation":"track.transition","repository":"lightsifter/sift-light","trackingVersion":"phase3-v1","from":"UNASSESSED","to":"WARM","reason":"first assessment: WARM because warm:too-young-to-be-dormant(age<30d)"}
{"ts":"2026-09-26T02:49:18.631Z","operation":"track.transition","repository":"rhevorn/confetti","trackingVersion":"phase3-v1","from":"UNASSESSED","to":"WARM","reason":"first assessment: WARM because warm:too-young-to-be-dormant(age<30d)"}
{"ts":"2026-09-26T02:49:18.631Z","operation":"track.transition","repository":"Emanuelel/dont-reinvent","trackingVersion":"phase3-v1","from":"UNASSESSED","to":"WARM","reason":"first assessment: WARM because warm:too-young-to-be-dormant(age<30d)"}
{"ts":"2026-09-26T02:49:18.631Z","operation":"track.transition","repository":"dopbase/dopbase","trackingVersion":"phase3-v1","from":"UNASSESSED","to":"WARM","reason":"first assessment: WARM because warm:too-young-to-be-dormant(age<30d)"}
{"ts":"2026-09-26T02:49:18.631Z","operation":"track.transition","repository":"pgrundev/pgterm","trackingVersion":"phase3-v1","from":"UNASSESSED","to":"WARM","reason":"first assessment: WARM because warm:too-young-to-be-dormant(age<30d)"}
{"ts":"2026-09-26T02:49:18.631Z","operation":"track.transition","repository":"znxzsy/VeriInk","trackingVersion":"phase3-v1","from":"UNASSESSED","to":"WARM","reason":"first assessment: WARM because warm:too-young-to-be-dormant(age<30d)"}
{"ts":"2026-09-26T02:49:18.631Z","operation":"track.transition","repository":"kadenball/qwen38-27b-rtx3060-dcfr","trackingVersion":"phase3-v1","from":"UNASSESSED","to":"WARM","reason":"first assessment: WARM because warm:too-young-to-be-dormant(age<30d)"}
{"ts":"2026-09-26T02:49:18.631Z","operation":"track.transition","repository":"MirroS-Lab/Code-as-World","trackingVersion":"phase3-v1","from":"UNASSESSED","to":"WARM","reason":"first assessment: WARM because warm:starsPerDay30d>=8"}
{"ts":"2026-09-26T02:49:18.631Z","operation":"track.transition","repository":"Giladx/tit","trackingVersion":"phase3-v1","from":"UNASSESSED","to":"WARM","reason":"first assessment: WARM because warm:too-young-to-be-dormant(age<30d)"}
{"ts":"2026-09-26T02:49:18.631Z","operation":"track.transition","repository":"Nanako0129/sepia","trackingVersion":"phase3-v1","from":"UNASSESSED","to":"HOT","reason":"first assessment: HOT because hot:growthPercent7d>=1&growth7d>=100, hot:newEntrant(age<=30d)&starsPerDay7d>=10"}
{"ts":"2026-09-26T02:49:18.631Z","operation":"track.transition","repository":"carloslfu/slotstream","trackingVersion":"phase3-v1","from":"UNASSESSED","to":"WARM","reason":"first assessment: WARM because warm:starsPerDay30d>=8"}
{"ts":"2026-09-26T02:49:18.631Z","operation":"track.transition","repository":"rokbenko/quackd","trackingVersion":"phase3-v1","from":"UNASSESSED","to":"WARM","reason":"first assessment: WARM because warm:starsPerDay30d>=8"}
{"ts":"2026-09-26T02:49:18.631Z","operation":"track.transition","repository":"YuriKovalov22/the-finn","trackingVersion":"phase3-v1","from":"UNASSESSED","to":"WARM","reason":"first assessment: WARM because warm:too-young-to-be-dormant(age<30d)"}
{"ts":"2026-09-26T02:49:18.631Z","operation":"track.transition","repository":"XiaoDuoYa/codex-with-chatgpt","trackingVersion":"phase3-v1","from":"UNASSESSED","to":"HOT","reason":"first assessment: HOT because hot:starsPerDay7d>=80, hot:growthPercent7d>=1&growth7d>=100, hot:newEntrant(age<=30d)&starsPerDay7d>=10"}
{"ts":"2026-09-26T02:49:18.631Z","operation":"track.transition","repository":"cyhdyx2024-sudo/xhs-private-domain-assistant","trackingVersion":"phase3-v1","from":"UNASSESSED","to":"WARM","reason":"first assessment: WARM because warm:too-young-to-be-dormant(age<30d)"}
{"ts":"2026-09-26T02:49:18.631Z","operation":"track.transition","repository":"usedotai/dot-reflex","trackingVersion":"phase3-v1","from":"UNASSESSED","to":"WARM","reason":"first assessment: WARM because warm:too-young-to-be-dormant(age<30d)"}
{"ts":"2026-09-26T02:49:18.631Z","operation":"track.transition","repository":"vicoa-ai/vicoa","trackingVersion":"phase3-v1","from":"UNASSESSED","to":"HOT","reason":"first assessment: HOT because hot:newEntrant(age<=30d)&starsPerDay7d>=10"}
{"ts":"2026-09-26T02:49:18.631Z","operation":"track.transition","repository":"cbrock84/headcount","trackingVersion":"phase3-v1","from":"UNASSESSED","to":"WARM","reason":"first assessment: WARM because warm:starsPerDay30d>=8, warm:pushedWithin30d&stars>=1000"}
{"ts":"2026-09-26T02:49:18.631Z","operation":"track.transition","repository":"doggy8088/agentready","trackingVersion":"phase3-v1","from":"UNASSESSED","to":"WARM","reason":"first assessment: WARM because warm:too-young-to-be-dormant(age<30d)"}
{"ts":"2026-09-26T02:49:18.631Z","operation":"track.transition","repository":"fabricioctelles/jump-skills","trackingVersion":"phase3-v1","from":"UNASSESSED","to":"WARM","reason":"first assessment: WARM because warm:too-young-to-be-dormant(age<30d)"}
{"ts":"2026-09-26T02:49:18.631Z","operation":"track.transition","repository":"shali10/hermes-patches","trackingVersion":"phase3-v1","from":"UNASSESSED","to":"WARM","reason":"first assessment: WARM because warm:too-young-to-be-dormant(age<30d)"}
{"ts":"2026-09-26T02:49:18.631Z","operation":"track.transition","repository":"FishBottle7/opencode2dsh","trackingVersion":"phase3-v1","from":"UNASSESSED","to":"WARM","reason":"first assessment: WARM because warm:too-young-to-be-dormant(age<30d)"}
{"ts":"2026-09-26T02:49:18.631Z","operation":"track.transition","repository":"Continuum-AI-Corp/OrcaReplay","trackingVersion":"phase3-v1","from":"UNASSESSED","to":"WARM","reason":"first assessment: WARM because warm:starsPerDay30d>=8"}
{"ts":"2026-09-26T02:49:18.631Z","operation":"track.transition","repository":"huihuijiangqiang/moshu","trackingVersion":"phase3-v1","from":"UNASSESSED","to":"WARM","reason":"first assessment: WARM because warm:too-young-to-be-dormant(age<30d)"}
{"ts":"2026-09-26T02:49:18.631Z","operation":"track.transition","repository":"hao1196561270/MiFitnessAdAway","trackingVersion":"phase3-v1","from":"UNASSESSED","to":"WARM","reason":"first assessment: WARM because warm:too-young-to-be-dormant(age<30d)"}
{"ts":"2026-09-26T02:49:18.631Z","operation":"track.transition","repository":"pegainfer-project/kern","trackingVersion":"phase3-v1","from":"UNASSESSED","to":"WARM","reason":"first assessment: WARM because warm:too-young-to-be-dormant(age<30d)"}
{"ts":"2026-09-26T02:49:18.631Z","operation":"track.transition","repository":"mailez-hq/mailez","trackingVersion":"phase3-v1","from":"UNASSESSED","to":"WARM","reason":"first assessment: WARM because warm:too-young-to-be-dormant(age<30d)"}
{"ts":"2026-09-26T02:49:18.631Z","operation":"track.transition","repository":"Taimoorkhan1122/prod-readiness","trackingVersion":"phase3-v1","from":"UNASSESSED","to":"WARM","reason":"first assessment: WARM because warm:too-young-to-be-dormant(age<30d)"}
{"ts":"2026-09-26T02:49:18.631Z","operation":"track.transition","repository":"ashutoshsinghpr7/wikiskill","trackingVersion":"phase3-v1","from":"UNASSESSED","to":"WARM","reason":"first assessment: WARM because warm:starsPerDay30d>=8"}
{"ts":"2026-09-26T02:49:18.631Z","operation":"track.transition","repository":"useagenthq/useagent","trackingVersion":"phase3-v1","from":"UNASSESSED","to":"WARM","reason":"first assessment: WARM because warm:starsPerDay30d>=8"}
{"ts":"2026-09-26T02:49:18.631Z","operation":"track.transition","repository":"gautamgpt1/agent-session-browser","trackingVersion":"phase3-v1","from":"UNASSESSED","to":"WARM","reason":"first assessment: WARM because warm:too-young-to-be-dormant(age<30d)"}
{"ts":"2026-09-26T02:49:18.631Z","operation":"track.transition","repository":"Vuk97/forward-implementation-first","trackingVersion":"phase3-v1","from":"UNASSESSED","to":"WARM","reason":"first assessment: WARM because warm:too-young-to-be-dormant(age<30d)"}
{"ts":"2026-09-26T02:49:18.631Z","operation":"track.transition","repository":"Ryze-AI-Adgent/open-seo-mcp-skills","trackingVersion":"phase3-v1","from":"UNASSESSED","to":"HOT","reason":"first assessment: HOT because hot:starsPerDay7d>=80, hot:growthPercent7d>=1&growth7d>=100, hot:newEntrant(age<=30d)&starsPerDay7d>=10"}
{"ts":"2026-09-26T02:49:18.631Z","operation":"track.transition","repository":"SkyChenSky/DBPilot","trackingVersion":"phase3-v1","from":"UNASSESSED","to":"WARM","reason":"first assessment: WARM because warm:too-young-to-be-dormant(age<30d)"}
{"ts":"2026-09-26T02:49:18.631Z","operation":"track.transition","repository":"AbuZar-Ansarii/Needle","trackingVersion":"phase3-v1","from":"UNASSESSED","to":"WARM","reason":"first assessment: WARM because warm:too-young-to-be-dormant(age<30d)"}
{"ts":"2026-09-26T02:49:18.631Z","operation":"track.transition","repository":"Yuchen-zh/Multimodal-Fake-News-Datasets","trackingVersion":"phase3-v1","from":"UNASSESSED","to":"WARM","reason":"first assessment: WARM because warm:too-young-to-be-dormant(age<30d)"}
{"ts":"2026-09-26T02:49:18.631Z","operation":"track.transition","repository":"alesha-pro/atlas","trackingVersion":"phase3-v1","from":"UNASSESSED","to":"WARM","reason":"first assessment: WARM because warm:too-young-to-be-dormant(age<30d)"}
{"ts":"2026-09-26T02:49:18.631Z","operation":"track.transition","repository":"suoten/dbbridge","trackingVersion":"phase3-v1","from":"UNASSESSED","to":"WARM","reason":"first assessment: WARM because warm:too-young-to-be-dormant(age<30d)"}
{"ts":"2026-09-26T02:49:18.631Z","operation":"track.transition","repository":"udaysharmadev/Not-Ai","trackingVersion":"phase3-v1","from":"UNASSESSED","to":"WARM","reason":"first assessment: WARM because warm:too-young-to-be-dormant(age<30d)"}
{"ts":"2026-09-26T02:49:18.631Z","operation":"track.transition","repository":"justadityaraj/shim-mcp","trackingVersion":"phase3-v1","from":"UNASSESSED","to":"WARM","reason":"first assessment: WARM because warm:too-young-to-be-dormant(age<30d)"}
{"ts":"2026-09-26T02:49:18.631Z","operation":"track.transition","repository":"Aidenable/Blueprint","trackingVersion":"phase3-v1","from":"UNASSESSED","to":"WARM","reason":"first assessment: WARM because warm:too-young-to-be-dormant(age<30d)"}
{"ts":"2026-09-26T02:49:18.631Z","operation":"track.transition","repository":"nickname21kmr/gameops-investigator","trackingVersion":"phase3-v1","from":"UNASSESSED","to":"WARM","reason":"first assessment: WARM because warm:too-young-to-be-dormant(age<30d)"}
{"ts":"2026-09-26T02:49:18.631Z","operation":"track.transition","repository":"masumedb/masume","trackingVersion":"phase3-v1","from":"UNASSESSED","to":"WARM","reason":"first assessment: WARM because warm:too-young-to-be-dormant(age<30d)"}
{"ts":"2026-09-26T02:49:18.631Z","operation":"track.transition","repository":"maxritter/open-claude-design","trackingVersion":"phase3-v1","from":"UNASSESSED","to":"WARM","reason":"first assessment: WARM because warm:too-young-to-be-dormant(age<30d)"}
{"ts":"2026-09-26T02:49:18.631Z","operation":"track.transition","repository":"DominikBucko/qwen38-flash-next-2x3090","trackingVersion":"phase3-v1","from":"UNASSESSED","to":"WARM","reason":"first assessment: WARM because warm:too-young-to-be-dormant(age<30d)"}
{"ts":"2026-09-26T02:49:18.631Z","operation":"track.transition","repository":"PanomaAI/panoma","trackingVersion":"phase3-v1","from":"UNASSESSED","to":"WARM","reason":"first assessment: WARM because warm:too-young-to-be-dormant(age<30d)"}
{"ts":"2026-09-26T02:49:18.631Z","operation":"track.transition","repository":"2akouwu/reverify","trackingVersion":"phase3-v1","from":"UNASSESSED","to":"WARM","reason":"first assessment: WARM because warm:starsPerDay30d>=8, warm:pushedWithin30d&stars>=1000"}
{"ts":"2026-09-26T02:49:18.631Z","operation":"track.transition","repository":"vfaner/jync","trackingVersion":"phase3-v1","from":"UNASSESSED","to":"WARM","reason":"first assessment: WARM because warm:too-young-to-be-dormant(age<30d)"}
{"ts":"2026-09-26T02:49:18.631Z","operation":"track.transition","repository":"1Panel-dev/1Panel-Gateway","trackingVersion":"phase3-v1","from":"UNASSESSED","to":"WARM","reason":"first assessment: WARM because warm:too-young-to-be-dormant(age<30d)"}
{"ts":"2026-09-26T02:49:18.631Z","operation":"track.transition","repository":"Prism-Shadow/travel-agent","trackingVersion":"phase3-v1","from":"UNASSESSED","to":"WARM","reason":"first assessment: WARM because warm:too-young-to-be-dormant(age<30d)"}
{"ts":"2026-09-26T02:49:18.631Z","operation":"track.transition","repository":"hyundaimotorgroup/hmg-ipmap","trackingVersion":"phase3-v1","from":"UNASSESSED","to":"WARM","reason":"first assessment: WARM because warm:too-young-to-be-dormant(age<30d)"}
{"ts":"2026-09-26T02:49:18.631Z","operation":"track.transition","repository":"synrise25/rss-pod","trackingVersion":"phase3-v1","from":"UNASSESSED","to":"WARM","reason":"first assessment: WARM because warm:too-young-to-be-dormant(age<30d)"}
{"ts":"2026-09-26T02:49:18.631Z","operation":"track.transition","repository":"lulu-loopp/folio-terminal","trackingVersion":"phase3-v1","from":"UNASSESSED","to":"WARM","reason":"first assessment: WARM because warm:too-young-to-be-dormant(age<30d)"}
{"ts":"2026-09-26T02:49:18.631Z","operation":"track.transition","repository":"stevibe/SparklingKit","trackingVersion":"phase3-v1","from":"UNASSESSED","to":"WARM","reason":"first assessment: WARM because warm:too-young-to-be-dormant(age<30d)"}
{"ts":"2026-09-26T02:49:18.631Z","operation":"track.transition","repository":"rollroyces/py-idp","trackingVersion":"phase3-v1","from":"UNASSESSED","to":"WARM","reason":"first assessment: WARM because warm:too-young-to-be-dormant(age<30d)"}
{"ts":"2026-09-26T02:49:18.631Z","operation":"track.transition","repository":"neuronto/agentic-resource-discovery","trackingVersion":"phase3-v1","from":"UNASSESSED","to":"WARM","reason":"first assessment: WARM because warm:too-young-to-be-dormant(age<30d)"}
{"ts":"2026-09-26T02:49:18.631Z","operation":"track.transition","repository":"tillmeier/claude-code-guardrails","trackingVersion":"phase3-v1","from":"UNASSESSED","to":"WARM","reason":"first assessment: WARM because warm:too-young-to-be-dormant(age<30d)"}
{"ts":"2026-09-26T02:49:18.631Z","operation":"track.transition","repository":"MangoGreenTeaz/FaultLens","trackingVersion":"phase3-v1","from":"UNASSESSED","to":"WARM","reason":"first assessment: WARM because warm:too-young-to-be-dormant(age<30d)"}
{"ts":"2026-09-26T02:49:18.631Z","operation":"track.transition","repository":"fitchmultz/pi-posthorse","trackingVersion":"phase3-v1","from":"UNASSESSED","to":"WARM","reason":"first assessment: WARM because warm:starsPerDay30d>=8"}
{"ts":"2026-09-26T02:49:18.631Z","operation":"track.transition","repository":"ARahim3/kaggle-tpu-lab","trackingVersion":"phase3-v1","from":"UNASSESSED","to":"WARM","reason":"first assessment: WARM because warm:starsPerDay30d>=8"}
{"ts":"2026-09-26T02:49:18.631Z","operation":"track.transition","repository":"jplenio/ComfyUI-MiniMax-Music-Production-Toolkit","trackingVersion":"phase3-v1","from":"UNASSESSED","to":"WARM","reason":"first assessment: WARM because warm:too-young-to-be-dormant(age<30d)"}
{"ts":"2026-09-26T02:49:18.631Z","operation":"track.transition","repository":"extropic-ai/sparse-transformers","trackingVersion":"phase3-v1","from":"UNASSESSED","to":"WARM","reason":"first assessment: WARM because warm:too-young-to-be-dormant(age<30d)"}
{"ts":"2026-09-26T02:49:18.631Z","operation":"track.transition","repository":"Nehanth/swarmllm","trackingVersion":"phase3-v1","from":"UNASSESSED","to":"WARM","reason":"first assessment: WARM because warm:starsPerDay30d>=8"}
{"ts":"2026-09-26T02:49:18.631Z","operation":"track.transition","repository":"Gerato25/BarberShopSchedule","trackingVersion":"phase3-v1","from":"UNASSESSED","to":"WARM","reason":"first assessment: WARM because warm:too-young-to-be-dormant(age<30d)"}
{"ts":"2026-09-26T02:49:18.631Z","operation":"track.transition","repository":"delaprada/Mask-Forcing","trackingVersion":"phase3-v1","from":"UNASSESSED","to":"WARM","reason":"first assessment: WARM because warm:too-young-to-be-dormant(age<30d)"}
{"ts":"2026-09-26T02:49:18.631Z","operation":"track.transition","repository":"yuyuanweb/ai-picture-editor","trackingVersion":"phase3-v1","from":"UNASSESSED","to":"WARM","reason":"first assessment: WARM because warm:starsPerDay30d>=8"}
{"ts":"2026-09-26T02:49:18.631Z","operation":"track.transition","repository":"reality-opened/openreality","trackingVersion":"phase3-v1","from":"UNASSESSED","to":"WARM","reason":"first assessment: WARM because warm:too-young-to-be-dormant(age<30d)"}
{"ts":"2026-09-26T02:49:18.631Z","operation":"track.transition","repository":"0xSero/omarchy-local-ai","trackingVersion":"phase3-v1","from":"UNASSESSED","to":"WARM","reason":"first assessment: WARM because warm:starsPerDay7d>=8"}
{"ts":"2026-09-26T02:49:18.631Z","operation":"track.transition","repository":"himovo/movo","trackingVersion":"phase3-v1","from":"UNASSESSED","to":"HOT","reason":"first assessment: HOT because hot:newEntrant(age<=30d)&starsPerDay7d>=10"}
{"ts":"2026-09-26T02:49:18.631Z","operation":"track.transition","repository":"dragonked2/alphacode","trackingVersion":"phase3-v1","from":"UNASSESSED","to":"WARM","reason":"first assessment: WARM because warm:too-young-to-be-dormant(age<30d)"}
{"ts":"2026-09-26T02:49:18.631Z","operation":"track.transition","repository":"bsab/italia-mcp-servers","trackingVersion":"phase3-v1","from":"UNASSESSED","to":"WARM","reason":"first assessment: WARM because warm:too-young-to-be-dormant(age<30d)"}
{"ts":"2026-09-26T02:49:18.631Z","operation":"track.transition","repository":"ProjectDXAI/continuous-record-llm-trading-agents","trackingVersion":"phase3-v1","from":"UNASSESSED","to":"WARM","reason":"first assessment: WARM because warm:too-young-to-be-dormant(age<30d)"}
{"ts":"2026-09-26T02:49:18.631Z","operation":"track.transition","repository":"crissyfield/super-trouper","trackingVersion":"phase3-v1","from":"UNASSESSED","to":"WARM","reason":"first assessment: WARM because warm:too-young-to-be-dormant(age<30d)"}
{"ts":"2026-09-26T02:49:18.631Z","operation":"track.transition","repository":"sangelege/forestfix","trackingVersion":"phase3-v1","from":"UNASSESSED","to":"WARM","reason":"first assessment: WARM because warm:too-young-to-be-dormant(age<30d)"}
{"ts":"2026-09-26T02:49:18.631Z","operation":"track.transition","repository":"hbofz/NeSLE","trackingVersion":"phase3-v1","from":"UNASSESSED","to":"WARM","reason":"first assessment: WARM because warm:too-young-to-be-dormant(age<30d)"}
{"ts":"2026-09-26T02:49:18.631Z","operation":"track.transition","repository":"tigerless-labs/agent-memory","trackingVersion":"phase3-v1","from":"UNASSESSED","to":"HOT","reason":"first assessment: HOT because hot:growthPercent7d>=1&growth7d>=100, hot:newEntrant(age<=30d)&starsPerDay7d>=10"}
{"ts":"2026-09-26T02:49:18.631Z","operation":"track.transition","repository":"zeroa234/ryza-ai-revive","trackingVersion":"phase3-v1","from":"UNASSESSED","to":"WARM","reason":"first assessment: WARM because warm:too-young-to-be-dormant(age<30d)"}
{"ts":"2026-09-26T02:49:18.631Z","operation":"track.transition","repository":"shtjww/llm-inference-capacity-handbook","trackingVersion":"phase3-v1","from":"UNASSESSED","to":"WARM","reason":"first assessment: WARM because warm:too-young-to-be-dormant(age<30d)"}
{"ts":"2026-09-26T02:49:18.631Z","operation":"track.transition","repository":"Taiquan-Zhou/RunTheRepo","trackingVersion":"phase3-v1","from":"UNASSESSED","to":"WARM","reason":"first assessment: WARM because warm:starsPerDay7d>=8"}
{"ts":"2026-09-26T02:49:18.631Z","operation":"track.transition","repository":"lotchuazzz-crypto/papergraph-mcp","trackingVersion":"phase3-v1","from":"UNASSESSED","to":"WARM","reason":"first assessment: WARM because warm:starsPerDay30d>=8"}
{"ts":"2026-09-26T02:49:18.631Z","operation":"track.transition","repository":"gesta-run/subpool","trackingVersion":"phase3-v1","from":"UNASSESSED","to":"WARM","reason":"first assessment: WARM because warm:too-young-to-be-dormant(age<30d)"}
{"ts":"2026-09-26T02:49:18.631Z","operation":"track.transition","repository":"xiaojumaoaihuaban/grok-unleashed","trackingVersion":"phase3-v1","from":"UNASSESSED","to":"WARM","reason":"first assessment: WARM because warm:too-young-to-be-dormant(age<30d)"}
{"ts":"2026-09-26T02:49:18.631Z","operation":"track.transition","repository":"op7418/guizang-yingzao-skill","trackingVersion":"phase3-v1","from":"UNASSESSED","to":"WARM","reason":"first assessment: WARM because warm:starsPerDay30d>=8"}
{"ts":"2026-09-26T02:49:18.631Z","operation":"track.transition","repository":"kowalski76057/cf-turnstile-token","trackingVersion":"phase3-v1","from":"UNASSESSED","to":"WARM","reason":"first assessment: WARM because warm:too-young-to-be-dormant(age<30d)"}
{"ts":"2026-09-26T02:49:18.631Z","operation":"track.transition","repository":"Agenta-AI/awesome-ai-agent-platforms","trackingVersion":"phase3-v1","from":"UNASSESSED","to":"HOT","reason":"first assessment: HOT because hot:newEntrant(age<=30d)&starsPerDay7d>=10"}
{"ts":"2026-09-26T02:49:18.631Z","operation":"track.transition","repository":"markfulton/ai-employees","trackingVersion":"phase3-v1","from":"UNASSESSED","to":"HOT","reason":"first assessment: HOT because hot:growthPercent7d>=1&growth7d>=100, hot:newEntrant(age<=30d)&starsPerDay7d>=10"}
{"ts":"2026-09-26T02:49:18.631Z","operation":"track.transition","repository":"nickelsec/bough","trackingVersion":"phase3-v1","from":"UNASSESSED","to":"WARM","reason":"first assessment: WARM because warm:too-young-to-be-dormant(age<30d)"}
{"ts":"2026-09-26T02:49:18.631Z","operation":"track.transition","repository":"ByteV0rtex/CVE-2026-65343","trackingVersion":"phase3-v1","from":"UNASSESSED","to":"WARM","reason":"first assessment: WARM because warm:too-young-to-be-dormant(age<30d)"}
{"ts":"2026-09-26T02:49:18.631Z","operation":"track.transition","repository":"san3ncrypt3d/vulnometry","trackingVersion":"phase3-v1","from":"UNASSESSED","to":"WARM","reason":"first assessment: WARM because warm:too-young-to-be-dormant(age<30d)"}
{"ts":"2026-09-26T02:49:18.631Z","operation":"track.transition","repository":"auscahq/ausca","trackingVersion":"phase3-v1","from":"UNASSESSED","to":"WARM","reason":"first assessment: WARM because warm:too-young-to-be-dormant(age<30d)"}
{"ts":"2026-09-26T02:49:18.631Z","operation":"track.transition","repository":"mpaymenremora/CacheCraft","trackingVersion":"phase3-v1","from":"UNASSESSED","to":"WARM","reason":"first assessment: WARM because warm:too-young-to-be-dormant(age<30d)"}
{"ts":"2026-09-26T02:49:18.631Z","operation":"track.transition","repository":"chigwell/Penelopa.ai","trackingVersion":"phase3-v1","from":"UNASSESSED","to":"WARM","reason":"first assessment: WARM because warm:too-young-to-be-dormant(age<30d)"}
{"ts":"2026-09-26T02:49:18.631Z","operation":"track.transition","repository":"IvenKooLab/loci","trackingVersion":"phase3-v1","from":"UNASSESSED","to":"WARM","reason":"first assessment: WARM because warm:too-young-to-be-dormant(age<30d)"}
{"ts":"2026-09-26T02:49:18.631Z","operation":"track.transition","repository":"bnymnDev/shopware-mcp","trackingVersion":"phase3-v1","from":"UNASSESSED","to":"WARM","reason":"first assessment: WARM because warm:too-young-to-be-dormant(age<30d)"}
{"ts":"2026-09-26T02:49:18.631Z","operation":"track.transition","repository":"truespar/paddock","trackingVersion":"phase3-v1","from":"UNASSESSED","to":"WARM","reason":"first assessment: WARM because warm:too-young-to-be-dormant(age<30d)"}
{"ts":"2026-09-26T02:49:18.631Z","operation":"track.transition","repository":"Netflix/ja","trackingVersion":"phase3-v1","from":"UNASSESSED","to":"WARM","reason":"first assessment: WARM because warm:too-young-to-be-dormant(age<30d)"}
{"ts":"2026-09-26T02:49:18.631Z","operation":"track.transition","repository":"Netflix/jfmt","trackingVersion":"phase3-v1","from":"UNASSESSED","to":"WARM","reason":"first assessment: WARM because warm:starsPerDay7d>=8"}
{"ts":"2026-09-26T02:49:18.631Z","operation":"track.transition","repository":"TokenRhythm/NeoHorse","trackingVersion":"phase3-v1","from":"UNASSESSED","to":"HOT","reason":"first assessment: HOT because hot:growthPercent7d>=1&growth7d>=100, hot:newEntrant(age<=30d)&starsPerDay7d>=10"}
{"ts":"2026-09-26T02:49:18.631Z","operation":"track.transition","repository":"Apeireth/Apeireth","trackingVersion":"phase3-v1","from":"UNASSESSED","to":"WARM","reason":"first assessment: WARM because warm:starsPerDay30d>=8"}
{"ts":"2026-09-26T02:49:18.631Z","operation":"track.transition","repository":"aaravshah1311/Agent-2","trackingVersion":"phase3-v1","from":"UNASSESSED","to":"WARM","reason":"first assessment: WARM because warm:too-young-to-be-dormant(age<30d)"}
{"ts":"2026-09-26T02:49:18.631Z","operation":"track.transition","repository":"dengyie/cnb2api","trackingVersion":"phase3-v1","from":"UNASSESSED","to":"WARM","reason":"first assessment: WARM because warm:too-young-to-be-dormant(age<30d)"}
{"ts":"2026-09-26T02:49:18.631Z","operation":"track.transition","repository":"tomiholtz/s3-files-ai-sdk","trackingVersion":"phase3-v1","from":"UNASSESSED","to":"WARM","reason":"first assessment: WARM because warm:too-young-to-be-dormant(age<30d)"}
{"ts":"2026-09-26T02:49:18.631Z","operation":"track.transition","repository":"canivel/dynolab","trackingVersion":"phase3-v1","from":"UNASSESSED","to":"HOT","reason":"first assessment: HOT because hot:growthPercent7d>=1&growth7d>=100, hot:newEntrant(age<=30d)&starsPerDay7d>=10"}
{"ts":"2026-09-26T02:49:18.631Z","operation":"track.transition","repository":"judegomila/OnCo","trackingVersion":"phase3-v1","from":"UNASSESSED","to":"WARM","reason":"first assessment: WARM because warm:too-young-to-be-dormant(age<30d)"}
{"ts":"2026-09-26T02:49:18.631Z","operation":"track.transition","repository":"songs-aaa/shared-memory-vault","trackingVersion":"phase3-v1","from":"UNASSESSED","to":"WARM","reason":"first assessment: WARM because warm:too-young-to-be-dormant(age<30d)"}
{"ts":"2026-09-26T02:49:18.631Z","operation":"track.transition","repository":"Zvyan/PromptForge","trackingVersion":"phase3-v1","from":"UNASSESSED","to":"WARM","reason":"first assessment: WARM because warm:too-young-to-be-dormant(age<30d)"}
{"ts":"2026-09-26T02:49:18.631Z","operation":"track.transition","repository":"evangelosvlachos96-dotcom/booking-microservices","trackingVersion":"phase3-v1","from":"UNASSESSED","to":"WARM","reason":"first assessment: WARM because warm:too-young-to-be-dormant(age<30d)"}
{"ts":"2026-09-26T02:49:18.631Z","operation":"track.transition","repository":"FAIRY123456789/human-edge-agent-skills","trackingVersion":"phase3-v1","from":"UNASSESSED","to":"WARM","reason":"first assessment: WARM because warm:too-young-to-be-dormant(age<30d)"}
{"ts":"2026-09-26T02:49:18.631Z","operation":"track.transition","repository":"evangelosvlachos96-dotcom/microservices-tracing-kafka-opentelemetry","trackingVersion":"phase3-v1","from":"UNASSESSED","to":"WARM","reason":"first assessment: WARM because warm:too-young-to-be-dormant(age<30d)"}
{"ts":"2026-09-26T02:49:18.631Z","operation":"track.transition","repository":"yingfff123/AtlasX","trackingVersion":"phase3-v1","from":"UNASSESSED","to":"WARM","reason":"first assessment: WARM because warm:too-young-to-be-dormant(age<30d)"}
{"ts":"2026-09-26T02:49:18.631Z","operation":"track.transition","repository":"wanshuiyin/ALIGN-Agentic-Loop-Image-GeneratioN","trackingVersion":"phase3-v1","from":"UNASSESSED","to":"WARM","reason":"first assessment: WARM because warm:too-young-to-be-dormant(age<30d)"}
{"ts":"2026-09-26T02:49:18.631Z","operation":"track.transition","repository":"banmu123/BrewPing","trackingVersion":"phase3-v1","from":"UNASSESSED","to":"WARM","reason":"first assessment: WARM because warm:starsPerDay7d>=8"}
{"ts":"2026-09-26T02:49:18.631Z","operation":"track.transition","repository":"amitshq/salesforce-lwc-production-toolkit","trackingVersion":"phase3-v1","from":"UNASSESSED","to":"WARM","reason":"first assessment: WARM because warm:too-young-to-be-dormant(age<30d)"}
{"ts":"2026-09-26T02:49:18.631Z","operation":"track.transition","repository":"okf-memory/okf-agent-memory","trackingVersion":"phase3-v1","from":"UNASSESSED","to":"WARM","reason":"first assessment: WARM because warm:starsPerDay30d>=8"}
{"ts":"2026-09-26T02:49:18.631Z","operation":"track.transition","repository":"XiantingWu/PQCensus","trackingVersion":"phase3-v1","from":"UNASSESSED","to":"HOT","reason":"first assessment: HOT because hot:newEntrant(age<=30d)&starsPerDay7d>=10"}
{"ts":"2026-09-26T02:49:18.631Z","operation":"track.transition","repository":"jangtrinh/design-os-3d-blender","trackingVersion":"phase3-v1","from":"UNASSESSED","to":"WARM","reason":"first assessment: WARM because warm:too-young-to-be-dormant(age<30d)"}
{"ts":"2026-09-26T02:49:18.631Z","operation":"track.transition","repository":"PyModel/niblet-skill-mcp","trackingVersion":"phase3-v1","from":"UNASSESSED","to":"WARM","reason":"first assessment: WARM because warm:too-young-to-be-dormant(age<30d)"}
{"ts":"2026-09-26T02:49:18.631Z","operation":"track.transition","repository":"yan-mc/dsh-normify","trackingVersion":"phase3-v1","from":"UNASSESSED","to":"WARM","reason":"first assessment: WARM because warm:too-young-to-be-dormant(age<30d)"}
{"ts":"2026-09-26T02:49:18.631Z","operation":"track.transition","repository":"v-modal/vmodal_sdk_robotics","trackingVersion":"phase3-v1","from":"UNASSESSED","to":"WARM","reason":"first assessment: WARM because warm:starsPerDay30d>=8"}
{"ts":"2026-09-26T02:49:18.631Z","operation":"track.transition","repository":"AndrewNgo-ini/memoose","trackingVersion":"phase3-v1","from":"UNASSESSED","to":"WARM","reason":"first assessment: WARM because warm:too-young-to-be-dormant(age<30d)"}
{"ts":"2026-09-26T02:49:18.631Z","operation":"track.transition","repository":"K4N3CO/Lab-RATS","trackingVersion":"phase3-v1","from":"UNASSESSED","to":"WARM","reason":"first assessment: WARM because warm:too-young-to-be-dormant(age<30d)"}
{"ts":"2026-09-26T02:49:18.631Z","operation":"track.transition","repository":"MirroS-Lab/S-Space","trackingVersion":"phase3-v1","from":"UNASSESSED","to":"WARM","reason":"first assessment: WARM because warm:too-young-to-be-dormant(age<30d)"}
{"ts":"2026-09-26T02:49:18.631Z","operation":"track.transition","repository":"RankSpotAI/awesome-seo-mcp","trackingVersion":"phase3-v1","from":"UNASSESSED","to":"WARM","reason":"first assessment: WARM because warm:too-young-to-be-dormant(age<30d)"}
{"ts":"2026-09-26T02:49:18.631Z","operation":"track.transition","repository":"Noisyxl/brier","trackingVersion":"phase3-v1","from":"UNASSESSED","to":"WARM","reason":"first assessment: WARM because warm:too-young-to-be-dormant(age<30d)"}
{"ts":"2026-09-26T02:49:18.631Z","operation":"track.transition","repository":"mekoand/sub2sub","trackingVersion":"phase3-v1","from":"UNASSESSED","to":"WARM","reason":"first assessment: WARM because warm:too-young-to-be-dormant(age<30d)"}
{"ts":"2026-09-26T02:49:18.631Z","operation":"track.transition","repository":"Datura-ai/lium-localmaxxing","trackingVersion":"phase3-v1","from":"UNASSESSED","to":"WARM","reason":"first assessment: WARM because warm:too-young-to-be-dormant(age<30d)"}
{"ts":"2026-09-26T02:49:18.631Z","operation":"track.transition","repository":"ruc-datalab/SkillAdam","trackingVersion":"phase3-v1","from":"UNASSESSED","to":"WARM","reason":"first assessment: WARM because warm:too-young-to-be-dormant(age<30d)"}
{"ts":"2026-09-26T02:49:18.631Z","operation":"track.transition","repository":"bsab/france-mcp-servers","trackingVersion":"phase3-v1","from":"UNASSESSED","to":"WARM","reason":"first assessment: WARM because warm:too-young-to-be-dormant(age<30d)"}
{"ts":"2026-09-26T02:49:18.631Z","operation":"track.transition","repository":"Atomburstofficial/geiger","trackingVersion":"phase3-v1","from":"UNASSESSED","to":"WARM","reason":"first assessment: WARM because warm:too-young-to-be-dormant(age<30d)"}
{"ts":"2026-09-26T02:49:18.631Z","operation":"track.transition","repository":"chadhurley25075-png/pd-bridge","trackingVersion":"phase3-v1","from":"UNASSESSED","to":"WARM","reason":"first assessment: WARM because warm:too-young-to-be-dormant(age<30d)"}
{"ts":"2026-09-26T02:49:18.631Z","operation":"track.transition","repository":"ejboy/awesome-modern-spring-boot","trackingVersion":"phase3-v1","from":"UNASSESSED","to":"WARM","reason":"first assessment: WARM because warm:too-young-to-be-dormant(age<30d)"}
{"ts":"2026-09-26T02:49:18.631Z","operation":"track.transition","repository":"vvrnv/argo9s","trackingVersion":"phase3-v1","from":"UNASSESSED","to":"WARM","reason":"first assessment: WARM because warm:too-young-to-be-dormant(age<30d)"}
{"ts":"2026-09-26T02:49:18.631Z","operation":"track.transition","repository":"gcjordi/aigraphstudio","trackingVersion":"phase3-v1","from":"UNASSESSED","to":"WARM","reason":"first assessment: WARM because warm:too-young-to-be-dormant(age<30d)"}
{"ts":"2026-09-26T02:49:18.631Z","operation":"track.transition","repository":"noskillish/bankmcp","trackingVersion":"phase3-v1","from":"UNASSESSED","to":"WARM","reason":"first assessment: WARM because warm:starsPerDay30d>=8"}
{"ts":"2026-09-26T02:49:18.631Z","operation":"track.transition","repository":"emo-xiaoyu/harness-mix","trackingVersion":"phase3-v1","from":"UNASSESSED","to":"WARM","reason":"first assessment: WARM because warm:starsPerDay7d>=8"}
{"ts":"2026-09-26T02:49:18.631Z","operation":"track.transition","repository":"AbrahamPaulJ/nightmare-mobile","trackingVersion":"phase3-v1","from":"UNASSESSED","to":"WARM","reason":"first assessment: WARM because warm:too-young-to-be-dormant(age<30d)"}
{"ts":"2026-09-26T02:49:18.631Z","operation":"track.transition","repository":"muellerberndt/cadence","trackingVersion":"phase3-v1","from":"UNASSESSED","to":"HOT","reason":"first assessment: HOT because hot:growthPercent7d>=1&growth7d>=100, hot:newEntrant(age<=30d)&starsPerDay7d>=10"}
{"ts":"2026-09-26T02:49:18.631Z","operation":"track.transition","repository":"JakeATX/llamAmpere","trackingVersion":"phase3-v1","from":"UNASSESSED","to":"WARM","reason":"first assessment: WARM because warm:too-young-to-be-dormant(age<30d)"}
{"ts":"2026-09-26T02:49:18.631Z","operation":"track.transition","repository":"xuanheng-tech/snapshot-runner","trackingVersion":"phase3-v1","from":"UNASSESSED","to":"WARM","reason":"first assessment: WARM because warm:too-young-to-be-dormant(age<30d)"}
{"ts":"2026-09-26T02:49:18.631Z","operation":"track.transition","repository":"undefined-ui/second-brain-os","trackingVersion":"phase3-v1","from":"UNASSESSED","to":"HOT","reason":"first assessment: HOT because hot:growthPercent7d>=1&growth7d>=100, hot:newEntrant(age<=30d)&starsPerDay7d>=10"}
{"ts":"2026-09-26T02:49:18.631Z","operation":"track.transition","repository":"arnsri33/embedflow","trackingVersion":"phase3-v1","from":"UNASSESSED","to":"WARM","reason":"first assessment: WARM because warm:too-young-to-be-dormant(age<30d)"}
{"ts":"2026-09-26T02:49:18.631Z","operation":"track.transition","repository":"punkpeye/awesome-remote-mcp-servers","trackingVersion":"phase3-v1","from":"UNASSESSED","to":"HOT","reason":"first assessment: HOT because hot:growthPercent7d>=1&growth7d>=100, hot:newEntrant(age<=30d)&starsPerDay7d>=10"}
{"ts":"2026-09-26T02:49:18.631Z","operation":"track.transition","repository":"krmisystems/fantasy-football-manager","trackingVersion":"phase3-v1","from":"UNASSESSED","to":"WARM","reason":"first assessment: WARM because warm:too-young-to-be-dormant(age<30d)"}
{"ts":"2026-09-26T02:49:18.631Z","operation":"track.transition","repository":"tomnio/rubric","trackingVersion":"phase3-v1","from":"UNASSESSED","to":"WARM","reason":"first assessment: WARM because warm:too-young-to-be-dormant(age<30d)"}
{"ts":"2026-09-26T02:49:18.631Z","operation":"track.transition","repository":"jianruntech/geo-score","trackingVersion":"phase3-v1","from":"UNASSESSED","to":"HOT","reason":"first assessment: HOT because hot:growthPercent7d>=1&growth7d>=100, hot:newEntrant(age<=30d)&starsPerDay7d>=10"}
{"ts":"2026-09-26T02:49:18.631Z","operation":"track.transition","repository":"tudoumashu/ai-memory-skillpack","trackingVersion":"phase3-v1","from":"UNASSESSED","to":"HOT","reason":"first assessment: HOT because hot:newEntrant(age<=30d)&starsPerDay7d>=10"}
{"ts":"2026-09-26T02:49:18.631Z","operation":"track.transition","repository":"hsj576/virtual-ai-infra-team","trackingVersion":"phase3-v1","from":"UNASSESSED","to":"WARM","reason":"first assessment: WARM because warm:too-young-to-be-dormant(age<30d)"}
{"ts":"2026-09-26T02:49:18.631Z","operation":"track.transition","repository":"herliansyah/pantau","trackingVersion":"phase3-v1","from":"UNASSESSED","to":"WARM","reason":"first assessment: WARM because warm:too-young-to-be-dormant(age<30d)"}
{"ts":"2026-09-26T02:49:18.631Z","operation":"track.transition","repository":"codejunkie99/agentic-stack-desktop","trackingVersion":"phase3-v1","from":"UNASSESSED","to":"WARM","reason":"first assessment: WARM because warm:too-young-to-be-dormant(age<30d)"}
{"ts":"2026-09-26T02:49:18.631Z","operation":"track.transition","repository":"bgts-ai-org/bgts-context-engine","trackingVersion":"phase3-v1","from":"UNASSESSED","to":"WARM","reason":"first assessment: WARM because warm:starsPerDay7d>=8"}
{"ts":"2026-09-26T02:49:18.631Z","operation":"track.transition","repository":"sashyo/minidauth","trackingVersion":"phase3-v1","from":"UNASSESSED","to":"WARM","reason":"first assessment: WARM because warm:too-young-to-be-dormant(age<30d)"}
{"ts":"2026-09-26T02:49:18.631Z","operation":"track.transition","repository":"fossaryhq/catalog","trackingVersion":"phase3-v1","from":"UNASSESSED","to":"HOT","reason":"first assessment: HOT because hot:newEntrant(age<=30d)&starsPerDay7d>=10"}
{"ts":"2026-09-26T02:49:18.631Z","operation":"track.transition","repository":"m2dumpling/pawbot","trackingVersion":"phase3-v1","from":"UNASSESSED","to":"WARM","reason":"first assessment: WARM because warm:too-young-to-be-dormant(age<30d)"}
{"ts":"2026-09-26T02:49:18.631Z","operation":"track.transition","repository":"BeamManP/mmd-mcp","trackingVersion":"phase3-v1","from":"UNASSESSED","to":"WARM","reason":"first assessment: WARM because warm:too-young-to-be-dormant(age<30d)"}
{"ts":"2026-09-26T02:49:18.631Z","operation":"track.transition","repository":"Vincentwei1021/anything2explainer","trackingVersion":"phase3-v1","from":"UNASSESSED","to":"HOT","reason":"first assessment: HOT because hot:growthPercent7d>=1&growth7d>=100, hot:newEntrant(age<=30d)&starsPerDay7d>=10"}
{"ts":"2026-09-26T02:49:18.631Z","operation":"track.transition","repository":"saihhold-zhao/polox_ai","trackingVersion":"phase3-v1","from":"UNASSESSED","to":"WARM","reason":"first assessment: WARM because warm:too-young-to-be-dormant(age<30d)"}
{"ts":"2026-09-26T02:49:18.631Z","operation":"track.transition","repository":"dom-actions/doma","trackingVersion":"phase3-v1","from":"UNASSESSED","to":"WARM","reason":"first assessment: WARM because warm:too-young-to-be-dormant(age<30d)"}
{"ts":"2026-09-26T02:49:18.631Z","operation":"track.transition","repository":"ssssssanjiu/clawd-conduit","trackingVersion":"phase3-v1","from":"UNASSESSED","to":"WARM","reason":"first assessment: WARM because warm:starsPerDay7d>=8"}
{"ts":"2026-09-26T02:49:18.631Z","operation":"track.transition","repository":"michaelxu688/Cloud-native-photoshop-alternative","trackingVersion":"phase3-v1","from":"UNASSESSED","to":"WARM","reason":"first assessment: WARM because warm:too-young-to-be-dormant(age<30d)"}
{"ts":"2026-09-26T02:49:18.631Z","operation":"track.transition","repository":"xiaYuTian11/maskit","trackingVersion":"phase3-v1","from":"UNASSESSED","to":"WARM","reason":"first assessment: WARM because warm:starsPerDay30d>=8"}
{"ts":"2026-09-26T02:49:18.631Z","operation":"track.transition","repository":"Da7-Tech/SureForge","trackingVersion":"phase3-v1","from":"UNASSESSED","to":"WARM","reason":"first assessment: WARM because warm:too-young-to-be-dormant(age<30d)"}
{"ts":"2026-09-26T02:49:18.631Z","operation":"track.transition","repository":"mirzaaghazadeh/iphone-duo-skills","trackingVersion":"phase3-v1","from":"UNASSESSED","to":"WARM","reason":"first assessment: WARM because warm:starsPerDay7d>=8"}
{"ts":"2026-09-26T02:49:18.631Z","operation":"track.transition","repository":"rusmanadodi2598/rusmanadodi2598","trackingVersion":"phase3-v1","from":"UNASSESSED","to":"WARM","reason":"first assessment: WARM because warm:too-young-to-be-dormant(age<30d)"}
{"ts":"2026-09-26T02:49:18.631Z","operation":"track.transition","repository":"blixvip/MotionClone","trackingVersion":"phase3-v1","from":"UNASSESSED","to":"HOT","reason":"first assessment: HOT because hot:newEntrant(age<=30d)&starsPerDay7d>=10"}
{"ts":"2026-09-26T02:49:18.631Z","operation":"track.transition","repository":"js713-lab/sonic-match-mcp","trackingVersion":"phase3-v1","from":"UNASSESSED","to":"WARM","reason":"first assessment: WARM because warm:starsPerDay7d>=8"}
{"ts":"2026-09-26T02:49:18.631Z","operation":"track.transition","repository":"Heyosseus/sloppy","trackingVersion":"phase3-v1","from":"UNASSESSED","to":"WARM","reason":"first assessment: WARM because warm:starsPerDay7d>=8"}
{"ts":"2026-09-26T02:49:18.631Z","operation":"track.transition","repository":"FankChen/tracecrate","trackingVersion":"phase3-v1","from":"UNASSESSED","to":"WARM","reason":"first assessment: WARM because warm:starsPerDay7d>=8"}
{"ts":"2026-09-26T02:49:18.631Z","operation":"track.transition","repository":"ZeroDayEvil/ai-security-tool","trackingVersion":"phase3-v1","from":"UNASSESSED","to":"HOT","reason":"first assessment: HOT because hot:growthPercent7d>=1&growth7d>=100, hot:newEntrant(age<=30d)&starsPerDay7d>=10"}
{"ts":"2026-09-26T02:49:18.631Z","operation":"track.transition","repository":"unstablebuild/rune","trackingVersion":"phase3-v1","from":"UNASSESSED","to":"HOT","reason":"first assessment: HOT because hot:growthPercent7d>=1&growth7d>=100, hot:newEntrant(age<=30d)&starsPerDay7d>=10"}
{"ts":"2026-09-26T02:49:18.631Z","operation":"track.transition","repository":"agents-universe/agents-universe","trackingVersion":"phase3-v1","from":"UNASSESSED","to":"HOT","reason":"first assessment: HOT because hot:growthPercent7d>=1&growth7d>=100, hot:newEntrant(age<=30d)&starsPerDay7d>=10"}
{"ts":"2026-09-26T02:49:18.631Z","operation":"track.transition","repository":"emma-sue/AegisOps","trackingVersion":"phase3-v1","from":"UNASSESSED","to":"HOT","reason":"first assessment: HOT because hot:growthPercent7d>=1&growth7d>=100, hot:newEntrant(age<=30d)&starsPerDay7d>=10"}
{"ts":"2026-09-26T02:49:18.631Z","operation":"track.transition","repository":"beyondworks/castra","trackingVersion":"phase3-v1","from":"UNASSESSED","to":"WARM","reason":"first assessment: WARM because warm:too-young-to-be-dormant(age<30d)"}
{"ts":"2026-09-26T02:49:18.631Z","operation":"track.transition","repository":"Timediremain/Ghostfolio-Open-Source-Wealth-Management-Software","trackingVersion":"phase3-v1","from":"UNASSESSED","to":"WARM","reason":"first assessment: WARM because warm:too-young-to-be-dormant(age<30d)"}
{"ts":"2026-09-26T02:49:18.631Z","operation":"track.transition","repository":"GuideDesignate/Ghostfolio-Open-Source-Wealth-Management-Software","trackingVersion":"phase3-v1","from":"UNASSESSED","to":"WARM","reason":"first assessment: WARM because warm:too-young-to-be-dormant(age<30d)"}
{"ts":"2026-09-26T02:49:18.631Z","operation":"track.transition","repository":"Emotioneagora/Ghostfolio-Open-Source-Wealth-Management-Software","trackingVersion":"phase3-v1","from":"UNASSESSED","to":"WARM","reason":"first assessment: WARM because warm:too-young-to-be-dormant(age<30d)"}
{"ts":"2026-09-26T02:49:18.631Z","operation":"track.transition","repository":"DataFlamingoUnveil/Ghostfolio-Open-Source-Wealth-Management-Software","trackingVersion":"phase3-v1","from":"UNASSESSED","to":"WARM","reason":"first assessment: WARM because warm:too-young-to-be-dormant(age<30d)"}
{"ts":"2026-09-26T02:49:18.632Z","operation":"track.transition","repository":"Crossglolift/Ghostfolio-Open-Source-Wealth-Management-Software","trackingVersion":"phase3-v1","from":"UNASSESSED","to":"WARM","reason":"first assessment: WARM because warm:too-young-to-be-dormant(age<30d)"}
{"ts":"2026-09-26T02:49:18.632Z","operation":"track.transition","repository":"feralshahretake/Ghostfolio-Open-Source-Wealth-Management-Software","trackingVersion":"phase3-v1","from":"UNASSESSED","to":"WARM","reason":"first assessment: WARM because warm:too-young-to-be-dormant(age<30d)"}
{"ts":"2026-09-26T02:49:18.632Z","operation":"track.transition","repository":"GalaxyMindList/Ghostfolio-Open-Source-Wealth-Management-Software","trackingVersion":"phase3-v1","from":"UNASSESSED","to":"WARM","reason":"first assessment: WARM because warm:too-young-to-be-dormant(age<30d)"}
{"ts":"2026-09-26T02:49:18.632Z","operation":"track.transition","repository":"tonecoralline/Ghostfolio-Open-Source-Wealth-Management-Software","trackingVersion":"phase3-v1","from":"UNASSESSED","to":"WARM","reason":"first assessment: WARM because warm:too-young-to-be-dormant(age<30d)"}
{"ts":"2026-09-26T02:49:18.632Z","operation":"track.transition","repository":"HerbalistDesign/Ghostfolio-Open-Source-Wealth-Management-Software","trackingVersion":"phase3-v1","from":"UNASSESSED","to":"WARM","reason":"first assessment: WARM because warm:too-young-to-be-dormant(age<30d)"}
{"ts":"2026-09-26T02:49:18.632Z","operation":"track.transition","repository":"GrubConcentrate/Ghostfolio-Open-Source-Wealth-Management-Software","trackingVersion":"phase3-v1","from":"UNASSESSED","to":"WARM","reason":"first assessment: WARM because warm:too-young-to-be-dormant(age<30d)"}
{"ts":"2026-09-26T02:49:18.632Z","operation":"track.transition","repository":"PeasantGirder30/Ghostfolio-Open-Source-Wealth-Management-Software","trackingVersion":"phase3-v1","from":"UNASSESSED","to":"WARM","reason":"first assessment: WARM because warm:too-young-to-be-dormant(age<30d)"}
{"ts":"2026-09-26T02:49:18.632Z","operation":"track.transition","repository":"wyvernshelllift/Ghostfolio-Open-Source-Wealth-Management-Software","trackingVersion":"phase3-v1","from":"UNASSESSED","to":"WARM","reason":"first assessment: WARM because warm:too-young-to-be-dormant(age<30d)"}
{"ts":"2026-09-26T02:49:18.632Z","operation":"track.transition","repository":"PortalExpose/Ghostfolio-Open-Source-Wealth-Management-Software","trackingVersion":"phase3-v1","from":"UNASSESSED","to":"WARM","reason":"first assessment: WARM because warm:too-young-to-be-dormant(age<30d)"}
{"ts":"2026-09-26T02:49:18.632Z","operation":"track.transition","repository":"LineJouninArbor/Ghostfolio-Open-Source-Wealth-Management-Software","trackingVersion":"phase3-v1","from":"UNASSESSED","to":"WARM","reason":"first assessment: WARM because warm:too-young-to-be-dormant(age<30d)"}
{"ts":"2026-09-26T02:49:18.632Z","operation":"track.transition","repository":"Civiltutongs/Ghostfolio-Open-Source-Wealth-Management-Software","trackingVersion":"phase3-v1","from":"UNASSESSED","to":"WARM","reason":"first assessment: WARM because warm:too-young-to-be-dormant(age<30d)"}
{"ts":"2026-09-26T02:49:18.632Z","operation":"track.transition","repository":"Hubsashackle/Ghostfolio-Open-Source-Wealth-Management-Software","trackingVersion":"phase3-v1","from":"UNASSESSED","to":"WARM","reason":"first assessment: WARM because warm:too-young-to-be-dormant(age<30d)"}
{"ts":"2026-09-26T02:49:18.632Z","operation":"track.transition","repository":"BoatswainBrace/Ghostfolio-Open-Source-Wealth-Management-Software","trackingVersion":"phase3-v1","from":"UNASSESSED","to":"WARM","reason":"first assessment: WARM because warm:too-young-to-be-dormant(age<30d)"}
{"ts":"2026-09-26T02:49:18.632Z","operation":"track.transition","repository":"agent-launch/agent-launcher","trackingVersion":"phase3-v1","from":"UNASSESSED","to":"WARM","reason":"first assessment: WARM because warm:starsPerDay30d>=8"}
{"ts":"2026-09-26T02:49:18.632Z","operation":"track.transition","repository":"filliptm/ComfyUI-FL-YuE2","trackingVersion":"phase3-v1","from":"UNASSESSED","to":"WARM","reason":"first assessment: WARM because warm:too-young-to-be-dormant(age<30d)"}
{"ts":"2026-09-26T02:49:18.632Z","operation":"track.transition","repository":"DingoOz/llm-visuals","trackingVersion":"phase3-v1","from":"UNASSESSED","to":"WARM","reason":"first assessment: WARM because warm:too-young-to-be-dormant(age<30d)"}
{"ts":"2026-09-26T02:49:18.632Z","operation":"track.transition","repository":"CassiopeiaCode/CosyRedactGateway","trackingVersion":"phase3-v1","from":"UNASSESSED","to":"WARM","reason":"first assessment: WARM because warm:too-young-to-be-dormant(age<30d)"}
{"ts":"2026-09-26T02:49:18.632Z","operation":"track.transition","repository":"qiz029/dscode","trackingVersion":"phase3-v1","from":"UNASSESSED","to":"HOT","reason":"first assessment: HOT because hot:growthPercent7d>=1&growth7d>=100, hot:newEntrant(age<=30d)&starsPerDay7d>=10"}
{"ts":"2026-09-26T02:49:18.632Z","operation":"track.transition","repository":"SyntaxMethod/CVE-2026-41089-Netlogon-RCE-PoC","trackingVersion":"phase3-v1","from":"UNASSESSED","to":"WARM","reason":"first assessment: WARM because warm:too-young-to-be-dormant(age<30d)"}
{"ts":"2026-09-26T02:49:18.632Z","operation":"track.transition","repository":"PolarPatch/BlueWatch","trackingVersion":"phase3-v1","from":"UNASSESSED","to":"WARM","reason":"first assessment: WARM because warm:too-young-to-be-dormant(age<30d)"}
{"ts":"2026-09-26T02:49:18.632Z","operation":"track.transition","repository":"WestFox-AwA/dsh-prompt-optimizer","trackingVersion":"phase3-v1","from":"UNASSESSED","to":"WARM","reason":"first assessment: WARM because warm:too-young-to-be-dormant(age<30d)"}
{"ts":"2026-09-26T02:49:18.632Z","operation":"track.transition","repository":"panda-sandeep/dearagent","trackingVersion":"phase3-v1","from":"UNASSESSED","to":"WARM","reason":"first assessment: WARM because warm:too-young-to-be-dormant(age<30d)"}
{"ts":"2026-09-26T02:49:18.632Z","operation":"track.transition","repository":"daimou1028/hadome","trackingVersion":"phase3-v1","from":"UNASSESSED","to":"WARM","reason":"first assessment: WARM because warm:too-young-to-be-dormant(age<30d)"}
{"ts":"2026-09-26T02:49:18.632Z","operation":"track.transition","repository":"xieyulai/steer","trackingVersion":"phase3-v1","from":"UNASSESSED","to":"WARM","reason":"first assessment: WARM because warm:too-young-to-be-dormant(age<30d)"}
{"ts":"2026-09-26T02:49:18.632Z","operation":"track.transition","repository":"wundercorp/loki","trackingVersion":"phase3-v1","from":"UNASSESSED","to":"WARM","reason":"first assessment: WARM because warm:too-young-to-be-dormant(age<30d)"}
{"ts":"2026-09-26T02:49:18.632Z","operation":"track.transition","repository":"hi77x/appgraph","trackingVersion":"phase3-v1","from":"UNASSESSED","to":"WARM","reason":"first assessment: WARM because warm:too-young-to-be-dormant(age<30d)"}
{"ts":"2026-09-26T02:49:18.632Z","operation":"track.transition","repository":"qkal/Canny","trackingVersion":"phase3-v1","from":"UNASSESSED","to":"HOT","reason":"first assessment: HOT because hot:newEntrant(age<=30d)&starsPerDay7d>=10"}
{"ts":"2026-09-26T02:49:18.632Z","operation":"track.transition","repository":"oguzhankayan/turkish-native","trackingVersion":"phase3-v1","from":"UNASSESSED","to":"WARM","reason":"first assessment: WARM because warm:too-young-to-be-dormant(age<30d)"}
{"ts":"2026-09-26T02:49:18.632Z","operation":"track.transition","repository":"kina-cmd/agent-skill-sync","trackingVersion":"phase3-v1","from":"UNASSESSED","to":"WARM","reason":"first assessment: WARM because warm:too-young-to-be-dormant(age<30d)"}
{"ts":"2026-09-26T02:49:18.632Z","operation":"track.transition","repository":"Xu123-Bob/Baize","trackingVersion":"phase3-v1","from":"UNASSESSED","to":"WARM","reason":"first assessment: WARM because warm:too-young-to-be-dormant(age<30d)"}
{"ts":"2026-09-26T02:49:18.632Z","operation":"track.transition","repository":"youngyangyang04/llm-master","trackingVersion":"phase3-v1","from":"UNASSESSED","to":"HOT","reason":"first assessment: HOT because hot:growthPercent7d>=1&growth7d>=100, hot:newEntrant(age<=30d)&starsPerDay7d>=10"}
{"ts":"2026-09-26T02:49:18.632Z","operation":"track.transition","repository":"Nhahan/WebGPT","trackingVersion":"phase3-v1","from":"UNASSESSED","to":"WARM","reason":"first assessment: WARM because warm:starsPerDay7d>=8"}
{"ts":"2026-09-26T02:49:18.632Z","operation":"track.transition","repository":"shinthink/blitzstrike","trackingVersion":"phase3-v1","from":"UNASSESSED","to":"WARM","reason":"first assessment: WARM because warm:starsPerDay30d>=8"}
{"ts":"2026-09-26T02:49:18.632Z","operation":"track.transition","repository":"cn0xroot/CC-Monitor","trackingVersion":"phase3-v1","from":"UNASSESSED","to":"WARM","reason":"first assessment: WARM because warm:too-young-to-be-dormant(age<30d)"}
{"ts":"2026-09-26T02:49:18.632Z","operation":"track.transition","repository":"JGRFW/comfyui-AICG3D","trackingVersion":"phase3-v1","from":"UNASSESSED","to":"WARM","reason":"first assessment: WARM because warm:too-young-to-be-dormant(age<30d)"}
{"ts":"2026-09-26T02:49:18.632Z","operation":"track.transition","repository":"axonel/axonel","trackingVersion":"phase3-v1","from":"UNASSESSED","to":"WARM","reason":"first assessment: WARM because warm:too-young-to-be-dormant(age<30d)"}
{"ts":"2026-09-26T02:49:18.632Z","operation":"track.transition","repository":"securekomodo/codeshot","trackingVersion":"phase3-v1","from":"UNASSESSED","to":"WARM","reason":"first assessment: WARM because warm:too-young-to-be-dormant(age<30d)"}
{"ts":"2026-09-26T02:49:18.632Z","operation":"track.transition","repository":"Pal-AI-Lab/Cortico","trackingVersion":"phase3-v1","from":"UNASSESSED","to":"WARM","reason":"first assessment: WARM because warm:too-young-to-be-dormant(age<30d)"}
{"ts":"2026-09-26T02:49:18.632Z","operation":"track.transition","repository":"ivyfan-toowell/IvyClaw","trackingVersion":"phase3-v1","from":"UNASSESSED","to":"WARM","reason":"first assessment: WARM because warm:too-young-to-be-dormant(age<30d)"}
{"ts":"2026-09-26T02:49:18.632Z","operation":"track.transition","repository":"Kerneta/daidocs","trackingVersion":"phase3-v1","from":"UNASSESSED","to":"WARM","reason":"first assessment: WARM because warm:too-young-to-be-dormant(age<30d)"}
{"ts":"2026-09-26T02:49:18.632Z","operation":"track.transition","repository":"LynnReal-AI/LynnReal-Omni","trackingVersion":"phase3-v1","from":"UNASSESSED","to":"WARM","reason":"first assessment: WARM because warm:too-young-to-be-dormant(age<30d)"}
{"ts":"2026-09-26T02:49:18.632Z","operation":"track.transition","repository":"onmyway133/claude-code-tips-tricks","trackingVersion":"phase3-v1","from":"UNASSESSED","to":"WARM","reason":"first assessment: WARM because warm:too-young-to-be-dormant(age<30d)"}
{"ts":"2026-09-26T02:49:18.632Z","operation":"track.transition","repository":"pliablepixels/gap-trap","trackingVersion":"phase3-v1","from":"UNASSESSED","to":"WARM","reason":"first assessment: WARM because warm:too-young-to-be-dormant(age<30d)"}
{"ts":"2026-09-26T02:49:18.632Z","operation":"track.transition","repository":"NirDiamant/Agentic_Engineering","trackingVersion":"phase3-v1","from":"UNASSESSED","to":"WARM","reason":"first assessment: WARM because warm:too-young-to-be-dormant(age<30d)"}
{"ts":"2026-09-26T02:49:18.632Z","operation":"track.transition","repository":"4x3/nulltrace","trackingVersion":"phase3-v1","from":"UNASSESSED","to":"HOT","reason":"first assessment: HOT because hot:newEntrant(age<=30d)&starsPerDay7d>=10"}
{"ts":"2026-09-26T02:49:18.632Z","operation":"track.transition","repository":"riesaexe/r-doc","trackingVersion":"phase3-v1","from":"UNASSESSED","to":"WARM","reason":"first assessment: WARM because warm:too-young-to-be-dormant(age<30d)"}
{"ts":"2026-09-26T02:49:18.632Z","operation":"track.transition","repository":"arvelvale/orrery","trackingVersion":"phase3-v1","from":"UNASSESSED","to":"WARM","reason":"first assessment: WARM because warm:too-young-to-be-dormant(age<30d)"}
{"ts":"2026-09-26T02:49:18.632Z","operation":"track.transition","repository":"azbigboss66-oss/skillfoo-v3","trackingVersion":"phase3-v1","from":"UNASSESSED","to":"WARM","reason":"first assessment: WARM because warm:too-young-to-be-dormant(age<30d)"}
{"ts":"2026-09-26T02:49:18.632Z","operation":"track.transition","repository":"bsab/sweden-mcp-servers","trackingVersion":"phase3-v1","from":"UNASSESSED","to":"WARM","reason":"first assessment: WARM because warm:too-young-to-be-dormant(age<30d)"}
{"ts":"2026-09-26T02:49:18.632Z","operation":"track.transition","repository":"Matthew0822/ToolReplay","trackingVersion":"phase3-v1","from":"UNASSESSED","to":"WARM","reason":"first assessment: WARM because warm:too-young-to-be-dormant(age<30d)"}
{"ts":"2026-09-26T02:49:18.632Z","operation":"track.transition","repository":"Qiuner/QCode","trackingVersion":"phase3-v1","from":"UNASSESSED","to":"HOT","reason":"first assessment: HOT because hot:growthPercent7d>=1&growth7d>=100, hot:newEntrant(age<=30d)&starsPerDay7d>=10"}
{"ts":"2026-09-26T02:49:18.632Z","operation":"track.transition","repository":"agentscope-ai-java/agentscope-ai-java","trackingVersion":"phase3-v1","from":"UNASSESSED","to":"WARM","reason":"first assessment: WARM because warm:too-young-to-be-dormant(age<30d)"}
{"ts":"2026-09-26T02:49:18.632Z","operation":"track.transition","repository":"makifbaysal/tasktrooper","trackingVersion":"phase3-v1","from":"UNASSESSED","to":"WARM","reason":"first assessment: WARM because warm:too-young-to-be-dormant(age<30d)"}
{"ts":"2026-09-26T02:49:18.632Z","operation":"track.transition","repository":"ARahim3/cachebeat","trackingVersion":"phase3-v1","from":"UNASSESSED","to":"WARM","reason":"first assessment: WARM because warm:too-young-to-be-dormant(age<30d)"}
{"ts":"2026-09-26T02:49:18.632Z","operation":"track.transition","repository":"letorig/video-generator-client","trackingVersion":"phase3-v1","from":"UNASSESSED","to":"WARM","reason":"first assessment: WARM because warm:starsPerDay30d>=8"}
{"ts":"2026-09-26T02:49:18.632Z","operation":"track.transition","repository":"Cortex-Arbitrage-Lab/cortex-ai-trading-bot","trackingVersion":"phase3-v1","from":"UNASSESSED","to":"WARM","reason":"first assessment: WARM because warm:too-young-to-be-dormant(age<30d)"}
{"ts":"2026-09-26T02:49:18.632Z","operation":"track.transition","repository":"RectangleStory/Superpowers_Multi_AI","trackingVersion":"phase3-v1","from":"UNASSESSED","to":"WARM","reason":"first assessment: WARM because warm:too-young-to-be-dormant(age<30d)"}
{"ts":"2026-09-26T02:49:18.632Z","operation":"track.transition","repository":"mertkahyaoglu/atlas","trackingVersion":"phase3-v1","from":"UNASSESSED","to":"WARM","reason":"first assessment: WARM because warm:too-young-to-be-dormant(age<30d)"}
{"ts":"2026-09-26T02:49:18.632Z","operation":"track.transition","repository":"ruc-datalab/EvoOntology","trackingVersion":"phase3-v1","from":"UNASSESSED","to":"HOT","reason":"first assessment: HOT because hot:growthPercent7d>=1&growth7d>=100, hot:newEntrant(age<=30d)&starsPerDay7d>=10"}
{"ts":"2026-09-26T02:49:18.632Z","operation":"track.transition","repository":"lxsssssss/pdf-translate","trackingVersion":"phase3-v1","from":"UNASSESSED","to":"WARM","reason":"first assessment: WARM because warm:starsPerDay7d>=8"}
{"ts":"2026-09-26T02:49:18.632Z","operation":"track.transition","repository":"mmdju/digikala-mcp","trackingVersion":"phase3-v1","from":"UNASSESSED","to":"WARM","reason":"first assessment: WARM because warm:too-young-to-be-dormant(age<30d)"}
{"ts":"2026-09-26T02:49:18.632Z","operation":"track.transition","repository":"karanb192/awesome-claude-code-mods","trackingVersion":"phase3-v1","from":"UNASSESSED","to":"WARM","reason":"first assessment: WARM because warm:too-young-to-be-dormant(age<30d)"}
{"ts":"2026-09-26T02:49:18.651Z","operation":"track.done","repository":"data/tracked/tracked.json","trackingVersion":"phase3-v1","durationMs":60,"HOT":219,"WARM":2222,"DORMANT":925,"UNASSESSED":47}
